,MELD,MELD
,MELD,MELD
,p_hat,p_label
barcodes,,
naiveB_a_AAACCTGCACGGTAGA-1,0.5065004446713127,1.0
naiveB_a_AAACCTGCAGATGGGT-1,0.5069142993102813,1.0
naiveB_a_AAAGATGCATTTCAGG-1,0.46959846016299556,0.0
naiveB_a_AAAGCAAAGCCAACAG-1,0.49553299781388677,0.0
naiveB_a_AAAGCAAAGTGCCATT-1,0.4723993004557011,0.0
naiveB_a_AAATGCCAGCAATCTC-1,0.4671751571599043,0.0
naiveB_a_AAATGCCAGCTAGTGG-1,0.5041026262186846,1.0
naiveB_a_AAATGCCAGGTCATCT-1,0.5076490667190464,0.0
naiveB_a_AACACGTCAATGGACG-1,0.5117728181529821,0.0
naiveB_a_AACACGTTCAGCTCTC-1,0.499067204434169,1.0
naiveB_a_AACACGTTCGGATGGA-1,0.5016889330220953,1.0
naiveB_a_AACACGTTCTCTGAGA-1,0.502696084400166,0.0
naiveB_a_AACCATGCAATCGGTT-1,0.503545625929023,1.0
naiveB_a_AACCATGGTACCGTTA-1,0.5410766821906808,0.0
naiveB_a_AACCATGTCAGTGTTG-1,0.4848649055818016,0.0
naiveB_a_AACCGCGAGTGTCTCA-1,0.4819824779061865,0.0
naiveB_a_AACCGCGCACGGACAA-1,0.5014471135604217,1.0
naiveB_a_AACCGCGGTGGCGAAT-1,0.5070422933990942,0.0
naiveB_a_AACGTTGTCAAAGACA-1,0.49761177625909697,0.0
naiveB_a_AACGTTGTCATCGCTC-1,0.50975079681811,1.0
naiveB_a_AACTCAGAGGACGAAA-1,0.5187436496889686,0.0
naiveB_a_AACTCCCAGTGGGTTG-1,0.5046934376288933,1.0
naiveB_a_AACTCCCCACATCTTT-1,0.511093727492602,1.0
naiveB_a_AACTCCCTCTCCAACC-1,0.5044973642856315,1.0
naiveB_a_AACTCTTAGGAATCGC-1,0.4960548401403776,0.0
naiveB_a_AACTCTTTCTCGATGA-1,0.498650334255419,1.0
naiveB_a_AACTGGTCAAATACAG-1,0.49453928169986217,0.0
naiveB_a_AACTTTCAGGGTTTCT-1,0.4982026366140444,1.0
naiveB_a_AAGACCTCATGCAATC-1,0.5245730293059363,0.0
naiveB_a_AAGACCTGTTTCGCTC-1,0.5022569327496074,0.0
naiveB_a_AAGGTTCAGTAACCCT-1,0.509556773234378,1.0
naiveB_a_AAGGTTCAGTAGGCCA-1,0.48845714029020815,0.0
naiveB_a_AAGGTTCCAATCACAC-1,0.5507114108230851,1.0
naiveB_a_AAGTCTGAGGACAGAA-1,0.5750606053434546,1.0
naiveB_a_AATCCAGTCCCAGGTG-1,0.5066409806714228,1.0
naiveB_a_AATCCAGTCGCCTGTT-1,0.5092209395262658,0.0
naiveB_a_AATCCAGTCGGACAAG-1,0.47236957162376625,0.0
naiveB_a_AATCGGTGTCAAAGCG-1,0.47197774880356774,0.0
naiveB_a_AATCGGTGTCTCGTTC-1,0.5055619187945352,0.0
naiveB_a_AATCGGTGTTGATTGC-1,0.4705453218372325,0.0
naiveB_a_ACACCAAAGAGTCGGT-1,0.4854300214971933,0.0
naiveB_a_ACACCCTAGGATGTAT-1,0.4742628544653996,0.0
naiveB_a_ACACCGGAGCGTGAGT-1,0.4749992079978537,0.0
naiveB_a_ACACCGGCATTGAGCT-1,0.49994912076212616,0.0
naiveB_a_ACACCGGGTACCCAAT-1,0.49870151449186395,0.0
naiveB_a_ACACCGGTCAAACGGG-1,0.45999259451624086,0.0
naiveB_a_ACACCGGTCTACCTGC-1,0.49826984591992274,1.0
naiveB_a_ACACTGAAGACTAGAT-1,0.502059813318205,0.0
naiveB_a_ACACTGACAAAGCAAT-1,0.4792042905953927,0.0
naiveB_a_ACACTGACAACGATCT-1,0.5034151567578745,0.0
naiveB_a_ACACTGACAGGGCATA-1,0.47175717857216887,0.0
naiveB_a_ACACTGAGTACTTAGC-1,0.502414598391983,1.0
naiveB_a_ACAGCCGAGACAGAGA-1,0.4737280060893997,0.0
naiveB_a_ACAGCCGCAATGCCAT-1,0.4797261154213226,0.0
naiveB_a_ACAGCTAAGATGGCGT-1,0.47329148833141454,0.0
naiveB_a_ACAGCTAAGTGTACTC-1,0.4982661727252505,0.0
naiveB_a_ACAGCTACATACTACG-1,0.4872936415701879,0.0
naiveB_a_ACAGCTATCGCGTTTC-1,0.4999310870060816,1.0
naiveB_a_ACATACGAGATGGGTC-1,0.5124251647619125,1.0
naiveB_a_ACATACGCAACCGCCA-1,0.5076864698289544,0.0
naiveB_a_ACATACGCAGTACACT-1,0.47240751659919233,0.0
naiveB_a_ACATCAGGTGGCCCTA-1,0.5133905055515626,1.0
naiveB_a_ACATCAGGTTAGTGGG-1,0.4745076997589776,0.0
naiveB_a_ACATCAGTCCAAAGTC-1,0.4843547353889445,0.0
naiveB_a_ACATCAGTCGGCCGAT-1,0.49810567293767327,0.0
naiveB_a_ACATGGTCAGGTCTCG-1,0.5098384199228105,0.0
naiveB_a_ACCCACTAGGCAATTA-1,0.5053152022432236,0.0
naiveB_a_ACCCACTAGTCCCACG-1,0.4978627718967187,1.0
naiveB_a_ACCGTAAAGGGTATCG-1,0.4961702264253518,0.0
naiveB_a_ACCTTTACAACTTGAC-1,0.5014638241175357,0.0
naiveB_a_ACGAGCCAGGAGTTGC-1,0.4762624143421254,0.0
naiveB_a_ACGAGCCAGTAACCCT-1,0.5095669160536147,1.0
naiveB_a_ACGAGCCGTGAGCGAT-1,0.47045841711847414,0.0
naiveB_a_ACGAGGACATTCCTGC-1,0.503906593695707,1.0
naiveB_a_ACGAGGAGTCCCGACA-1,0.507832054945135,0.0
naiveB_a_ACGAGGAGTGAGGGTT-1,0.47012514987097176,0.0
naiveB_a_ACGAGGATCATATCGG-1,0.5035393732871528,1.0
naiveB_a_ACGATACAGACTTGAA-1,0.47419043497707697,0.0
naiveB_a_ACGATACAGCTCCTCT-1,0.5067046724095325,0.0
naiveB_a_ACGATGTAGGGTGTTG-1,0.4720805291455751,0.0
naiveB_a_ACGATGTCAATGGATA-1,0.4938610945223716,0.0
naiveB_a_ACGCAGCAGCAACGGT-1,0.5170496061660368,1.0
naiveB_a_ACGCAGCAGGAGTCTG-1,0.5109858333549847,0.0
naiveB_a_ACGCAGCTCGGCGGTT-1,0.47943213018489395,0.0
naiveB_a_ACGCCAGAGAAACCTA-1,0.460979767111749,0.0
naiveB_a_ACGCCAGAGTGCAAGC-1,0.4987740344019137,1.0
naiveB_a_ACGGAGAAGCTCCTCT-1,0.5144132690366096,1.0
naiveB_a_ACGGAGAAGTGGGTTG-1,0.4719941629463701,0.0
naiveB_a_ACGGAGACATCTCGCT-1,0.4969262287917151,0.0
naiveB_a_ACGGCCACAGCTATTG-1,0.4919101652159213,0.0
naiveB_a_ACGGCCATCGCGTAGC-1,0.5112925375213321,0.0
naiveB_a_ACGGCCATCTGTTTGT-1,0.49405556920636257,0.0
naiveB_a_ACGGGCTCACAAGCCC-1,0.47376901001601285,0.0
naiveB_a_ACGGGTCCAGGTGCCT-1,0.49904972337824566,0.0
naiveB_a_ACGGGTCCATTCCTCG-1,0.5077082140960908,0.0
naiveB_a_ACGTCAAAGGCTAGAC-1,0.49257876240672455,0.0
naiveB_a_ACGTCAACAGTGGGAT-1,0.4707608059117768,0.0
naiveB_a_ACTGAACAGCAACGGT-1,0.49638784807829733,0.0
naiveB_a_ACTGAACCACTCGACG-1,0.5240285027372437,1.0
naiveB_a_ACTGAGTAGGCTACGA-1,0.5069877010528424,1.0
naiveB_a_ACTGAGTCAACTGCTA-1,0.5058745416979454,0.0
naiveB_a_ACTGTCCGTCATACTG-1,0.5003046264552928,0.0
naiveB_a_ACTGTCCGTGACGCCT-1,0.47256103848147685,0.0
naiveB_a_ACTGTCCTCAAGGTAA-1,0.5526253348914542,1.0
naiveB_a_ACTTACTCACCAGGCT-1,0.4846278309003046,0.0
naiveB_a_ACTTACTGTAGCGATG-1,0.5282104372498603,0.0
naiveB_a_ACTTACTTCCTGCAGG-1,0.4992627506245608,0.0
naiveB_a_ACTTTCATCACTTCAT-1,0.518143383226829,1.0
naiveB_a_AGAATAGCAGGACGTA-1,0.47259979527068907,0.0
naiveB_a_AGAATAGGTACTCTCC-1,0.5043927303488562,0.0
naiveB_a_AGAATAGGTGTGAATA-1,0.4929803886193774,0.0
naiveB_a_AGAATAGGTTGTGGCC-1,0.5059607536319525,0.0
naiveB_a_AGAATAGTCACTTCAT-1,0.4999468234312202,0.0
naiveB_a_AGAATAGTCTGCCCTA-1,0.5137112922103848,1.0
naiveB_a_AGACGTTTCAGCGACC-1,0.5024734769345534,0.0
naiveB_a_AGAGCGAAGGATGTAT-1,0.47401195250241984,0.0
naiveB_a_AGAGCGACAGTGAGTG-1,0.47902634676160605,0.0
naiveB_a_AGAGCTTAGTGTGGCA-1,0.5431840361566148,1.0
naiveB_a_AGAGTGGAGAGGACGG-1,0.4805101675902501,0.0
naiveB_a_AGAGTGGAGCCAGTAG-1,0.4748599207962731,0.0
naiveB_a_AGAGTGGCATACAGCT-1,0.5096396188819792,0.0
naiveB_a_AGAGTGGTCAACGCTA-1,0.5012541310362331,0.0
naiveB_a_AGATCTGAGAGTCGGT-1,0.47810165367055973,0.0
naiveB_a_AGATCTGAGCTAAACA-1,0.48807143073376785,0.0
naiveB_a_AGATCTGAGGCACATG-1,0.4849793314656933,0.0
naiveB_a_AGATCTGCAAACTGCT-1,0.5069976584998236,0.0
naiveB_a_AGATCTGGTCTAGAGG-1,0.49965720267865327,0.0
naiveB_a_AGCATACCAGGAATCG-1,0.49606122122862545,0.0
naiveB_a_AGCCTAACATTCACTT-1,0.5079061962457356,1.0
naiveB_a_AGCCTAAGTTGAACTC-1,0.5011242510929759,0.0
naiveB_a_AGCCTAATCCGTAGGC-1,0.5139522449676066,0.0
naiveB_a_AGCGGTCAGGTGCTTT-1,0.4907816647654929,0.0
naiveB_a_AGCGGTCTCAGAGACG-1,0.49835071789663177,1.0
naiveB_a_AGCGGTCTCTCCAACC-1,0.5030261535836477,1.0
naiveB_a_AGCGTATAGACCCACC-1,0.5161539670748558,0.0
naiveB_a_AGCGTATTCAACCATG-1,0.4726177184458135,0.0
naiveB_a_AGCGTCGAGCTGAACG-1,0.4807126954396507,0.0
naiveB_a_AGCGTCGCACCACGTG-1,0.4755028387959826,0.0
naiveB_a_AGCTCCTAGTGCCAGA-1,0.5059984449984813,0.0
naiveB_a_AGCTCCTGTGATGTCT-1,0.47685123356160863,0.0
naiveB_a_AGCTCCTTCGCGTTTC-1,0.5028782361400849,0.0
naiveB_a_AGCTTGAAGAAGGCCT-1,0.5106247818202504,0.0
naiveB_a_AGCTTGAAGAGGTAGA-1,0.5010551524539955,0.0
naiveB_a_AGCTTGAAGTCCGGTC-1,0.5086307318085784,1.0
naiveB_a_AGCTTGAGTTGTACAC-1,0.5111544557347676,1.0
naiveB_a_AGGCCACCAAAGAATC-1,0.5176748080518626,0.0
naiveB_a_AGGCCACTCATGTGGT-1,0.47638993319694606,0.0
naiveB_a_AGGCCACTCCGTTGCT-1,0.5186756286612172,1.0
naiveB_a_AGGCCGTAGTTGTAGA-1,0.5400229331370383,0.0
naiveB_a_AGGGAGTAGACCTTTG-1,0.4747696649310671,0.0
naiveB_a_AGGGAGTCATATGGTC-1,0.5045956158982875,1.0
naiveB_a_AGGGATGAGACGCAAC-1,0.4863058839600812,0.0
naiveB_a_AGGGATGGTTGCGTTA-1,0.4768275149196029,0.0
naiveB_a_AGGGTGACATCACGTA-1,0.5101131062143138,1.0
naiveB_a_AGGTCATTCCTGCTTG-1,0.5059462846915441,1.0
naiveB_a_AGGTCCGCAGGACCCT-1,0.5051024713608091,0.0
naiveB_a_AGGTCCGGTCCGTCAG-1,0.5016953350387486,0.0
naiveB_a_AGGTCCGGTTCGCTAA-1,0.5159706359582321,1.0
naiveB_a_AGTCTTTGTGGTTTCA-1,0.4876760528941241,0.0
naiveB_a_AGTCTTTTCCTTGCCA-1,0.4929261094953691,0.0
naiveB_a_AGTGGGACACTATCTT-1,0.48242453134359636,0.0
naiveB_a_AGTGGGACATATACGC-1,0.4825878756340559,0.0
naiveB_a_AGTGGGAGTAAGAGGA-1,0.4736267960053023,0.0
naiveB_a_AGTGGGATCAGTACGT-1,0.48842944963680607,0.0
naiveB_a_AGTGTCAAGCTAGCCC-1,0.5078984829681954,0.0
naiveB_a_AGTGTCATCACGCGGT-1,0.4819255345188992,0.0
naiveB_a_ATAACGCCAAAGGCGT-1,0.5059598459051706,1.0
naiveB_a_ATAACGCTCCTATTCA-1,0.5034114597563815,0.0
naiveB_a_ATAAGAGCAACTGGCC-1,0.46486312788805473,0.0
naiveB_a_ATAAGAGGTAGCCTCG-1,0.4764077685133175,0.0
naiveB_a_ATAAGAGGTTATGCGT-1,0.4724050346861578,0.0
naiveB_a_ATAGACCCAGGAACGT-1,0.4699928134155329,0.0
naiveB_a_ATAGACCGTTGCGTTA-1,0.4781785831787566,0.0
naiveB_a_ATCACGATCCTGCCAT-1,0.5070136372258315,0.0
naiveB_a_ATCATGGAGTATTGGA-1,0.48354635461940687,0.0
naiveB_a_ATCATGGAGTCTCCTC-1,0.4980429229094836,1.0
naiveB_a_ATCATGGGTTTGCATG-1,0.5002511458163577,1.0
naiveB_a_ATCCACCGTTCCACTC-1,0.5061541805858917,0.0
naiveB_a_ATCCGAAGTTAAGATG-1,0.4865203587356191,0.0
naiveB_a_ATCTACTTCCTCCTAG-1,0.5122738236767116,1.0
naiveB_a_ATCTGCCGTGGTTTCA-1,0.500202817833948,0.0
naiveB_a_ATGAGGGAGTACGTTC-1,0.44355258769441946,0.0
naiveB_a_ATGCGATGTTCCCGAG-1,0.506875627314049,1.0
naiveB_a_ATTACTCAGATCTGCT-1,0.5043129739698594,0.0
naiveB_a_ATTATCCAGCTAGCCC-1,0.491898465694373,0.0
naiveB_a_ATTATCCAGGTCATCT-1,0.49718830177768925,0.0
naiveB_a_ATTCTACAGTTCGATC-1,0.4785790016267744,0.0
naiveB_a_ATTCTACGTCAGGACA-1,0.48049072619575917,0.0
naiveB_a_ATTCTACGTGCAGTAG-1,0.4762183620404643,0.0
naiveB_a_ATTGGACAGTGGTAAT-1,0.475472244730432,0.0
naiveB_a_ATTGGACTCACATGCA-1,0.4793988021971402,0.0
naiveB_a_ATTGGACTCCTATGTT-1,0.4717529503304381,0.0
naiveB_a_CAACCAAAGACTAGAT-1,0.4922927893375168,0.0
naiveB_a_CAACCAACAAATTGCC-1,0.49518160583527765,0.0
naiveB_a_CAAGAAAAGATGTAAC-1,0.48736111256785364,0.0
naiveB_a_CAAGAAACAGATGGGT-1,0.4964146072959211,0.0
naiveB_a_CAAGATCAGTGGAGAA-1,0.4885122511720386,0.0
naiveB_a_CAAGGCCCAGTCCTTC-1,0.4997342605604771,1.0
naiveB_a_CAAGGCCCATCCCACT-1,0.5131446867143333,1.0
naiveB_a_CAAGGCCGTAGTGAAT-1,0.4917069916104892,0.0
naiveB_a_CAAGGCCGTCTGATCA-1,0.5072405840761962,0.0
naiveB_a_CAAGTTGCACTGCCAG-1,0.49136925394610365,0.0
naiveB_a_CACAAACAGACGACGT-1,0.49397167414386167,0.0
naiveB_a_CACAAACGTAGCGTCC-1,0.5076722638671853,1.0
naiveB_a_CACAAACGTGGCAAAC-1,0.4977973209068762,1.0
naiveB_a_CACACAAAGGAACTGC-1,0.5055148710649278,0.0
naiveB_a_CACACAACATATACGC-1,0.5059502994990729,1.0
naiveB_a_CACACTCCACCTCGTT-1,0.48768526565511305,0.0
naiveB_a_CACACTCGTAACGCGA-1,0.4749777238457005,0.0
naiveB_a_CACACTCTCGGAGGTA-1,0.4774824420580276,0.0
naiveB_a_CACACTCTCGTATCAG-1,0.498430817410494,0.0
naiveB_a_CACAGGCAGATCGGGT-1,0.47335551315131824,0.0
naiveB_a_CACAGTAAGGAATCGC-1,0.4796461472465707,0.0
naiveB_a_CACAGTAAGGACACCA-1,0.5157181228156249,0.0
naiveB_a_CACAGTACACATAACC-1,0.5092202349231273,0.0
naiveB_a_CACAGTAGTTGCCTCT-1,0.5060514900443482,1.0
naiveB_a_CACATAGGTTCCGGCA-1,0.5068900051566786,0.0
naiveB_a_CACATAGTCGCGATCG-1,0.569837374501668,1.0
naiveB_a_CACATTTAGCGTAGTG-1,0.4702111185640829,0.0
naiveB_a_CACATTTCACATTTCT-1,0.5080465987609769,1.0
naiveB_a_CACCACTCACACGCTG-1,0.5049825645855971,0.0
naiveB_a_CACCACTCATTCTTAC-1,0.5091478152256628,1.0
naiveB_a_CACCACTGTTCATGGT-1,0.5384761652149358,1.0
naiveB_a_CACCAGGGTTAAGTAG-1,0.5095119865214749,1.0
naiveB_a_CACCTTGGTGCTGTAT-1,0.4829356634402296,0.0
naiveB_a_CACCTTGTCTCCGGTT-1,0.5015759863086747,0.0
naiveB_a_CACTCCAAGAAGGTGA-1,0.4963467351193827,0.0
naiveB_a_CACTCCATCACTCCTG-1,0.475940612567728,0.0
naiveB_a_CAGAATCTCTATCGCC-1,0.48974844902740444,0.0
naiveB_a_CAGATCATCCGTTGCT-1,0.5153586460435338,1.0
naiveB_a_CAGCAGCAGAATGTTG-1,0.5001087400178886,1.0
naiveB_a_CAGCAGCAGAGGTAGA-1,0.46017371428878867,0.0
naiveB_a_CAGCAGCCATTCACTT-1,0.482549111297173,0.0
naiveB_a_CAGCCGAGTAGTACCT-1,0.5076881026721971,1.0
naiveB_a_CAGCGACCACCGGAAA-1,0.508660769368383,0.0
naiveB_a_CAGCGACCAGATCTGT-1,0.5006631073303844,1.0
naiveB_a_CAGCGACCAGCCTTTC-1,0.48584848611292053,0.0
naiveB_a_CAGCGACGTACGCTGC-1,0.48031527830052617,0.0
naiveB_a_CAGCGACGTTATCCGA-1,0.4871760150883106,0.0
naiveB_a_CAGCTAAAGACGCACA-1,0.4980984101722283,1.0
naiveB_a_CAGCTAATCATCTGCC-1,0.48975647911706127,0.0
naiveB_a_CAGCTGGAGGAGTTGC-1,0.476275178089708,0.0
naiveB_a_CAGCTGGGTGGCAAAC-1,0.4770785067581964,0.0
naiveB_a_CAGCTGGTCGCGTAGC-1,0.4734812326381735,0.0
naiveB_a_CAGGTGCAGGGTCGAT-1,0.4750000126198643,0.0
naiveB_a_CAGGTGCAGTGAAGTT-1,0.5003654564339207,1.0
naiveB_a_CAGGTGCCAGTAACGG-1,0.5044035197511549,1.0
naiveB_a_CAGTAACGTACCATCA-1,0.5115857544400005,0.0
naiveB_a_CAGTAACTCTGCAAGT-1,0.5066537012610661,0.0
naiveB_a_CAGTCCTTCCAAACTG-1,0.4787903413985686,0.0
naiveB_a_CAGTCCTTCCTAGAAC-1,0.4742620260547124,0.0
naiveB_a_CATATGGGTTGAGGTG-1,0.48280828474335497,0.0
naiveB_a_CATATTCTCGGTTAAC-1,0.5036714694592772,1.0
naiveB_a_CATCAAGCAAGTTAAG-1,0.5017713797003369,1.0
naiveB_a_CATCAAGTCCCACTTG-1,0.5051413271537771,0.0
naiveB_a_CATCCACAGCAGGCTA-1,0.518608453717359,1.0
naiveB_a_CATCCACGTAGGGTAC-1,0.5063649184791573,1.0
naiveB_a_CATCGGGAGTCGAGTG-1,0.49467955557010773,0.0
naiveB_a_CATCGGGTCAAGATCC-1,0.5152022405223778,0.0
naiveB_a_CATGACACACATCCGG-1,0.5086528168195488,0.0
naiveB_a_CATGACAGTGCAGACA-1,0.4893661984072396,0.0
naiveB_a_CATGACATCCCTCTTT-1,0.49025709434655373,0.0
naiveB_a_CATGCCTCACGAAGCA-1,0.5024911653604244,0.0
naiveB_a_CATGCCTTCGCCCTTA-1,0.49644837702620503,0.0
naiveB_a_CATGGCGGTGAGTATA-1,0.4786372808911413,0.0
naiveB_a_CATTCGCCAATAGCGG-1,0.5033285684353632,1.0
naiveB_a_CATTCGCGTCTCACCT-1,0.5007673253015023,0.0
naiveB_a_CATTCGCTCACTTATC-1,0.5079714005626895,0.0
naiveB_a_CCAATCCAGGCTCATT-1,0.5084876856305517,1.0
naiveB_a_CCAATCCCAAGCCCAC-1,0.49567774045276525,0.0
naiveB_a_CCAATCCCATTGCGGC-1,0.5031112060920164,1.0
naiveB_a_CCAATCCGTCCGTTAA-1,0.5051181130679597,0.0
naiveB_a_CCAATCCTCGCATGAT-1,0.4761441898329119,0.0
naiveB_a_CCACCTAAGGAGTCTG-1,0.496733743318876,0.0
naiveB_a_CCACCTAAGTGTCCCG-1,0.4775455397331609,0.0
naiveB_a_CCACGGAAGTTCGCGC-1,0.47253561134463895,0.0
naiveB_a_CCACTACCAGCGATCC-1,0.5087207213041464,1.0
naiveB_a_CCACTACGTACAAGTA-1,0.5130478669380519,0.0
naiveB_a_CCACTACGTCAAACTC-1,0.5664390309507744,1.0
naiveB_a_CCAGCGAAGTGGGCTA-1,0.4461201768024179,0.0
naiveB_a_CCAGCGAGTACCGGCT-1,0.4999766659985432,0.0
naiveB_a_CCATGTCAGACGCACA-1,0.5034969905844455,0.0
naiveB_a_CCATTCGCACGGCTAC-1,0.4674827426385281,0.0
naiveB_a_CCCAATCCATAACCTG-1,0.5092570453561526,1.0
naiveB_a_CCCAATCCATTGCGGC-1,0.5052709986044379,1.0
naiveB_a_CCCAATCTCTCCCTGA-1,0.5043947676027997,0.0
naiveB_a_CCCAATCTCTCGCATC-1,0.4726585050584595,0.0
naiveB_a_CCCAATCTCTCGTATT-1,0.5017604865011256,1.0
naiveB_a_CCCAGTTCAGATCTGT-1,0.5239892643393066,0.0
naiveB_a_CCCAGTTCATTCCTGC-1,0.4794793387779529,0.0
naiveB_a_CCCATACAGGGAACGG-1,0.4746401187219228,0.0
naiveB_a_CCCATACCACTGTTAG-1,0.4952336134439984,0.0
naiveB_a_CCCATACCAGCCAATT-1,0.5020175529153504,1.0
naiveB_a_CCCATACGTCGCCATG-1,0.5121898362935339,1.0
naiveB_a_CCCTCCTGTCCATCCT-1,0.4820735221056482,0.0
naiveB_a_CCGGGATAGCTCCCAG-1,0.4740286826225155,0.0
naiveB_a_CCGGGATCATCAGTAC-1,0.5094014853581865,1.0
naiveB_a_CCGGGATCATCTATGG-1,0.5011133097858871,1.0
naiveB_a_CCGGTAGTCCCTGACT-1,0.5034354059323602,0.0
naiveB_a_CCGTACTCAAGTCTAC-1,0.505180628544055,0.0
naiveB_a_CCGTACTGTGAAATCA-1,0.5101028858989347,1.0
naiveB_a_CCGTACTTCTTATCTG-1,0.4955828370603702,0.0
naiveB_a_CCGTGGATCGGTGTCG-1,0.47119698725985043,0.0
naiveB_a_CCTAAAGAGGGAGTAA-1,0.4722329364233832,0.0
naiveB_a_CCTAAAGCATTCACTT-1,0.5189077837661212,1.0
naiveB_a_CCTACCATCGGCCGAT-1,0.49620996441773496,0.0
naiveB_a_CCTAGCTAGGCTCAGA-1,0.5030599552703483,1.0
naiveB_a_CCTAGCTTCAGCAACT-1,0.4788055005024693,0.0
naiveB_a_CCTCAGTAGATGTGTA-1,0.4725255415855131,0.0
naiveB_a_CCTCAGTGTCATCGGC-1,0.501008895891151,1.0
naiveB_a_CCTTACGTCTGCTGCT-1,0.47817728518079833,0.0
naiveB_a_CCTTCCCCATGACATC-1,0.5059382879619502,1.0
naiveB_a_CCTTCGAAGTTAGCGG-1,0.4773262799180268,0.0
naiveB_a_CCTTTCTTCTGACCTC-1,0.5027970241242902,0.0
naiveB_a_CGAACATCACATGACT-1,0.47066800635940315,0.0
naiveB_a_CGAACATGTCTGCGGT-1,0.5017927745878237,1.0
naiveB_a_CGAATGTCACCAGGTC-1,0.5548435700898826,1.0
naiveB_a_CGACCTTGTAGGGACT-1,0.5141637765455466,1.0
naiveB_a_CGAGAAGAGCCAGTTT-1,0.47731813839139714,0.0
naiveB_a_CGAGAAGAGTTTCCTT-1,0.5481007920361127,0.0
naiveB_a_CGAGAAGGTGAGGCTA-1,0.4782315456632108,0.0
naiveB_a_CGAGCACAGAGAACAG-1,0.47245371492637395,0.0
naiveB_a_CGAGCACCATCCCATC-1,0.503488887059946,1.0
naiveB_a_CGATCGGGTCAACTGT-1,0.5002280962038804,1.0
naiveB_a_CGATCGGTCGCTAGCG-1,0.47535884123313543,0.0
naiveB_a_CGATGGCAGCTAGTCT-1,0.47447089381215535,0.0
naiveB_a_CGATGGCCAGTTCATG-1,0.4698450632116927,0.0
naiveB_a_CGATGGCGTACAGCAG-1,0.47217213704719196,0.0
naiveB_a_CGATTGAAGATGGGTC-1,0.4776367233775415,0.0
naiveB_a_CGATTGAGTAGGACAC-1,0.5064228250183787,0.0
naiveB_a_CGCCAAGTCCATGAGT-1,0.47582060376572827,0.0
naiveB_a_CGCGGTACACAAGACG-1,0.48311493307715914,0.0
naiveB_a_CGCGGTATCGGTTCGG-1,0.48704608736903465,0.0
naiveB_a_CGCGGTATCGTTTATC-1,0.4941177902074263,0.0
naiveB_a_CGCGTTTAGACGACGT-1,0.4998419101902487,1.0
naiveB_a_CGCGTTTAGCTAACAA-1,0.5083454789264139,1.0
naiveB_a_CGCTATCCAAGCCGTC-1,0.4804183716059666,0.0
naiveB_a_CGCTATCCATATACGC-1,0.5063503185680088,0.0
naiveB_a_CGCTATCTCAGTACGT-1,0.5178752234753825,1.0
naiveB_a_CGCTTCACATGCCTTC-1,0.4889602127764488,0.0
naiveB_a_CGCTTCATCTCGCTTG-1,0.501266859277085,1.0
naiveB_a_CGGACACTCGGATGGA-1,0.49633587240616495,0.0
naiveB_a_CGGACACTCTACTTAC-1,0.49897583079992786,0.0
naiveB_a_CGGACGTAGGCCGAAT-1,0.5034281941837992,1.0
naiveB_a_CGGACGTGTAGCGATG-1,0.5009080673467227,0.0
naiveB_a_CGGACGTGTGAAATCA-1,0.47793313802693754,0.0
naiveB_a_CGGACGTGTTACGTCA-1,0.48971522440748705,0.0
naiveB_a_CGGACGTTCTACTTAC-1,0.5048604060947236,1.0
naiveB_a_CGGACTGAGTGACATA-1,0.49312774312357754,0.0
naiveB_a_CGGAGCTCAAACTGTC-1,0.4820559941407541,0.0
naiveB_a_CGGAGCTGTAGAGTGC-1,0.47194333397186655,0.0
naiveB_a_CGGAGCTGTCCTGCTT-1,0.49008855146072905,0.0
naiveB_a_CGGAGTCCAAGCCTAT-1,0.47608830576237365,0.0
naiveB_a_CGGCTAGCATTATCTC-1,0.5074671554361198,0.0
naiveB_a_CGGCTAGGTTATGTGC-1,0.47112964442878247,0.0
naiveB_a_CGGCTAGTCCATTCTA-1,0.479602958211041,0.0
naiveB_a_CGGCTAGTCCTCGCAT-1,0.48118768118361954,0.0
naiveB_a_CGGGTCAAGCTACCTA-1,0.48070075425699943,0.0
naiveB_a_CGGGTCACAGACAGGT-1,0.4718496136145962,0.0
naiveB_a_CGGGTCAGTCATGCCG-1,0.49976649967864445,0.0
naiveB_a_CGGTTAACATTGCGGC-1,0.4721793982643723,0.0
naiveB_a_CGTAGCGCATTGTGCA-1,0.5062569546942463,1.0
naiveB_a_CGTAGCGTCGAATGGG-1,0.47786123424920307,0.0
naiveB_a_CGTAGGCAGGTGCACA-1,0.5052935210273826,1.0
naiveB_a_CGTCACTCAGATCGGA-1,0.47512470544097274,0.0
naiveB_a_CGTCAGGAGTACGCCC-1,0.505264022436084,1.0
naiveB_a_CGTCAGGCACCTCGTT-1,0.5795761496704577,1.0
naiveB_a_CGTCAGGCACTTCGAA-1,0.5143855039338823,1.0
naiveB_a_CGTCAGGGTTCATGGT-1,0.4956618381898809,0.0
naiveB_a_CGTCCATGTGAGCGAT-1,0.505868728373965,0.0
naiveB_a_CGTCCATGTGTAATGA-1,0.5058379231264483,0.0
naiveB_a_CGTCTACGTCACCCAG-1,0.5011500810189428,1.0
naiveB_a_CGTGAGCAGAACAATC-1,0.5084225252558017,1.0
naiveB_a_CGTGAGCAGGTGCAAC-1,0.47483353885529495,0.0
naiveB_a_CGTGAGCGTCATGCAT-1,0.4672439498685532,0.0
naiveB_a_CGTGAGCGTGTGCCTG-1,0.5060781724556863,1.0
naiveB_a_CGTGTAATCGGTCTAA-1,0.47116183696632774,0.0
naiveB_a_CGTTCTGCAGACGCTC-1,0.5080040489908906,1.0
naiveB_a_CGTTGGGCAGCATACT-1,0.5093660125971046,1.0
naiveB_a_CGTTGGGCAGTCTTCC-1,0.4872569622796588,0.0
naiveB_a_CGTTGGGGTCACACGC-1,0.4735582561289207,0.0
naiveB_a_CGTTGGGTCAGCATGT-1,0.49101762778580427,0.0
naiveB_a_CGTTGGGTCCTATTCA-1,0.49478073981681314,0.0
naiveB_a_CTAACTTGTCGCGGTT-1,0.5053629768964515,0.0
naiveB_a_CTAACTTTCACTTACT-1,0.4817417738352934,0.0
naiveB_a_CTAACTTTCTCAAGTG-1,0.481808079435175,0.0
naiveB_a_CTAATGGTCATATCGG-1,0.5054739920258021,1.0
naiveB_a_CTACACCAGCTAACAA-1,0.5048287606059276,0.0
naiveB_a_CTACACCCACGCATCG-1,0.4721418669480511,0.0
naiveB_a_CTACACCTCGTCACGG-1,0.5070965557410242,0.0
naiveB_a_CTACATTAGCTAAGAT-1,0.50086475042748,0.0
naiveB_a_CTACATTAGTGGGATC-1,0.5044451007132396,0.0
naiveB_a_CTACATTAGTTTCCTT-1,0.5617606194327404,1.0
naiveB_a_CTACATTCATGTCCTC-1,0.5181587038462424,1.0
naiveB_a_CTACGTCCATTCTCAT-1,0.47513900442134754,0.0
naiveB_a_CTAGAGTCAGATGAGC-1,0.4706869853556124,0.0
naiveB_a_CTAGCCTAGCCAACAG-1,0.5063446578157306,1.0
naiveB_a_CTAGCCTGTGTGTGCC-1,0.5050380934986729,1.0
naiveB_a_CTAGTGAAGCCGGTAA-1,0.5043091268471224,0.0
naiveB_a_CTAGTGATCAAACAAG-1,0.496786210060583,0.0
naiveB_a_CTCACACAGACTAGGC-1,0.47570628763605494,0.0
naiveB_a_CTCACACCAAGCCCAC-1,0.46390522705397585,0.0
naiveB_a_CTCACACTCTTCGGTC-1,0.46645725225644064,0.0
naiveB_a_CTCCTAGTCAGAGACG-1,0.4893706051108826,0.0
naiveB_a_CTCGAAAAGACCTAGG-1,0.5090245468103652,0.0
naiveB_a_CTCGAAAGTAGGACAC-1,0.48093679177396714,0.0
naiveB_a_CTCGAAATCCGCGGTA-1,0.5006168750455164,0.0
naiveB_a_CTCGAAATCCTAGGGC-1,0.5228104696973299,1.0
naiveB_a_CTCGGAGAGCTAACTC-1,0.5185236946640572,1.0
naiveB_a_CTCGGAGTCTTACCGC-1,0.5097135997039532,1.0
naiveB_a_CTCGGAGTCTTGCCGT-1,0.49566947302666775,0.0
naiveB_a_CTCGGGAAGCGTCAAG-1,0.507736264754623,1.0
naiveB_a_CTCGGGAGTTAGATGA-1,0.476773728832264,0.0
naiveB_a_CTCGTACTCCTTCAAT-1,0.5624177116329148,1.0
naiveB_a_CTCGTCATCGCTGATA-1,0.4779329351373204,0.0
naiveB_a_CTCTAATAGATGAGAG-1,0.47354989762181154,0.0
naiveB_a_CTCTACGGTACAGTTC-1,0.4738222473838894,0.0
naiveB_a_CTCTGGTAGAGGTACC-1,0.4855616188824029,0.0
naiveB_a_CTGAAACCACAGTCGC-1,0.49878815186058806,1.0
naiveB_a_CTGAAGTCAAGCGCTC-1,0.5240631707252598,1.0
naiveB_a_CTGAAGTCACATGACT-1,0.4983877607412046,0.0
naiveB_a_CTGAAGTTCTAACTTC-1,0.4729094204607945,0.0
naiveB_a_CTGATAGAGACTGGGT-1,0.47923833552979217,0.0
naiveB_a_CTGATAGAGCGATGAC-1,0.47220608809699877,0.0
naiveB_a_CTGATAGCACACCGCA-1,0.5065956751604174,1.0
naiveB_a_CTGATCCAGAAACGCC-1,0.49389044156864526,0.0
naiveB_a_CTGATCCCATCTGGTA-1,0.491800323935189,0.0
naiveB_a_CTGATCCCATGCCTTC-1,0.5031668265126716,0.0
naiveB_a_CTGATCCTCGGAATCT-1,0.5112428867987591,1.0
naiveB_a_CTGCGGAAGAGCCCAA-1,0.4849601240038823,0.0
naiveB_a_CTGCGGAGTCAAAGCG-1,0.4702613007198807,0.0
naiveB_a_CTGCGGAGTTAGAACA-1,0.48895088309621576,0.0
naiveB_a_CTGGTCTCAACTTGAC-1,0.5072603224180195,1.0
naiveB_a_CTGTGCTTCGGCTACG-1,0.47750877380747553,0.0
naiveB_a_CTTAACTCAGGTCCAC-1,0.5224902225091723,0.0
naiveB_a_CTTAACTTCGGGAGTA-1,0.5128791765857422,0.0
naiveB_a_CTTACCGCATGGGACA-1,0.4901626525431347,0.0
naiveB_a_CTTCTCTTCACTCCTG-1,0.5192198715070434,1.0
naiveB_a_CTTGGCTTCCAAGTAC-1,0.5082624297094955,0.0
naiveB_a_GAAACTCGTAGGAGTC-1,0.5064899104037989,1.0
naiveB_a_GAAATGATCAAACCAC-1,0.5081761852132011,1.0
naiveB_a_GAAATGATCACCTCGT-1,0.5684797846742636,0.0
naiveB_a_GAACCTACACATTCGA-1,0.495163587146011,0.0
naiveB_a_GAACCTAGTTATGCGT-1,0.5105550572472138,1.0
naiveB_a_GAACGGACAACGCACC-1,0.47933209019234735,0.0
naiveB_a_GAACGGACAGCCACCA-1,0.49142463295988326,0.0
naiveB_a_GAACGGATCAGAGACG-1,0.47683569828578093,0.0
naiveB_a_GAACGGATCCGAAGAG-1,0.4759872595045947,0.0
naiveB_a_GAAGCAGTCTGCGACG-1,0.4953836100544839,0.0
naiveB_a_GAATAAGAGATACACA-1,0.5076965575575818,0.0
naiveB_a_GACACGCGTAAATGTG-1,0.5243652003394426,0.0
naiveB_a_GACAGAGGTCTAGAGG-1,0.44823710821831014,0.0
naiveB_a_GACAGAGGTGTGAAAT-1,0.4990181909211411,0.0
naiveB_a_GACCAATCACACATGT-1,0.5086928734804621,1.0
naiveB_a_GACCAATGTCGGCACT-1,0.49581752572499954,0.0
naiveB_a_GACGCGTGTTTGTGTG-1,0.4721004127612324,0.0
naiveB_a_GACGCGTTCGCCTGTT-1,0.5032619349588134,0.0
naiveB_a_GACGGCTAGAATTCCC-1,0.4856610179919348,0.0
naiveB_a_GACGTGCAGGGTGTGT-1,0.47437887575273235,0.0
naiveB_a_GACGTGCGTAACGTTC-1,0.5063340000927663,0.0
naiveB_a_GACGTGCGTATCTGCA-1,0.5034584284260576,0.0
naiveB_a_GACGTTAAGGACCACA-1,0.4925773645467628,0.0
naiveB_a_GACGTTACAGAGTGTG-1,0.47971671486226747,0.0
naiveB_a_GACGTTAGTCGAACAG-1,0.47176994335767575,0.0
naiveB_a_GACTAACAGCTGATAA-1,0.4835285318792866,0.0
naiveB_a_GACTAACAGCTTCGCG-1,0.47859883410306686,0.0
naiveB_a_GACTACAAGAGCTATA-1,0.47727936170786395,0.0
naiveB_a_GACTACAGTTGATTCG-1,0.5197001798182128,1.0
naiveB_a_GACTACATCCAATGGT-1,0.4998840198661098,1.0
naiveB_a_GACTGCGGTATTACCG-1,0.4916206464099592,0.0
naiveB_a_GAGGTGATCGAGAACG-1,0.4752245509593019,0.0
naiveB_a_GATCAGTCAATAGAGT-1,0.4964925765832624,0.0
naiveB_a_GATCAGTGTAAGGGAA-1,0.5117123042309357,1.0
naiveB_a_GATCAGTGTCTTCAAG-1,0.5006662568989666,1.0
naiveB_a_GATCGCGCAACGCACC-1,0.5177532794724111,0.0
naiveB_a_GATCGCGCACAGCGTC-1,0.47170826219799034,0.0
naiveB_a_GATCGCGTCGCTTGTC-1,0.4682399852040552,0.0
naiveB_a_GATCGTAAGATATGGT-1,0.47035727848742054,0.0
naiveB_a_GATGAAATCACCAGGC-1,0.5024786662480449,1.0
naiveB_a_GATGAGGGTTTGACAC-1,0.46817880022192176,0.0
naiveB_a_GATGCTAAGTACGTTC-1,0.5073210030885151,0.0
naiveB_a_GATGCTAAGTCATCCA-1,0.4767915641149804,0.0
naiveB_a_GATGCTAGTGTATGGG-1,0.4951147783219635,0.0
naiveB_a_GATTCAGAGGCTCAGA-1,0.48703795018577695,0.0
naiveB_a_GCAAACTAGTCGTACT-1,0.5072404186034918,0.0
naiveB_a_GCAATCAAGATGTCGG-1,0.49926602236965306,1.0
naiveB_a_GCAATCAGTGCAACGA-1,0.4626892517261329,0.0
naiveB_a_GCACTCTCAAGGACTG-1,0.49568602757506874,0.0
naiveB_a_GCACTCTCAGCAGTTT-1,0.4976495662112062,0.0
naiveB_a_GCAGCCAAGAAGATTC-1,0.48433430672958894,0.0
naiveB_a_GCAGCCAGTTGTGGCC-1,0.4886519318750187,0.0
naiveB_a_GCAGTTAAGGATGGAA-1,0.47179232326987786,0.0
naiveB_a_GCAGTTAAGGCTAGGT-1,0.4930133331054628,0.0
naiveB_a_GCAGTTAGTCATACTG-1,0.4990521347850914,1.0
naiveB_a_GCATACAGTCAAGCGA-1,0.47342525799939317,0.0
naiveB_a_GCATGATAGCTGTTCA-1,0.505064155991839,0.0
naiveB_a_GCATGATCAGATGGCA-1,0.534904349845265,1.0
naiveB_a_GCATGTACAATCGAAA-1,0.4977416125720733,0.0
naiveB_a_GCATGTAGTGTATGGG-1,0.4791648899324342,0.0
naiveB_a_GCATGTATCTTACCGC-1,0.5084467901745148,1.0
naiveB_a_GCCAAATTCGTTTGCC-1,0.5041696738318691,0.0
naiveB_a_GCCTCTACATGTTCCC-1,0.5032059408143678,1.0
naiveB_a_GCCTCTAGTTTAGCTG-1,0.5053742001413212,0.0
naiveB_a_GCCTCTATCAGCCTAA-1,0.4905766917993695,0.0
naiveB_a_GCGACCAGTGGACGAT-1,0.5052034694468155,1.0
naiveB_a_GCGACCAGTTTGTGTG-1,0.5681190153458275,1.0
naiveB_a_GCGAGAAAGGCATTGG-1,0.48985201050766075,0.0
naiveB_a_GCGAGAACAGGTCGTC-1,0.4705267230347311,0.0
naiveB_a_GCGCAGTTCATGCTCC-1,0.5086962187342462,1.0
naiveB_a_GCGCCAAAGACTGGGT-1,0.4997660043865731,0.0
naiveB_a_GCGCCAAGTCTCAACA-1,0.4775499183771912,0.0
naiveB_a_GCGCGATAGAGGTTGC-1,0.5041073375735585,1.0
naiveB_a_GCGCGATAGCCAGGAT-1,0.4751013870108699,0.0
naiveB_a_GCGCGATGTCAACATC-1,0.5056173492716187,0.0
naiveB_a_GCGGGTTGTATGAAAC-1,0.4790526330342591,0.0
naiveB_a_GCGGGTTGTCACCCAG-1,0.5096675224208015,1.0
naiveB_a_GCGGGTTGTGTGACCC-1,0.4815722187791261,0.0
naiveB_a_GCGGGTTTCGAGGTAG-1,0.5099582875248336,0.0
naiveB_a_GCTCCTAGTTGTTTGG-1,0.5131305072545971,0.0
naiveB_a_GCTCTGTCAGACAGGT-1,0.495984508265175,0.0
naiveB_a_GCTGCAGAGCTTATCG-1,0.5021781638350507,0.0
naiveB_a_GCTGCAGAGTTGTCGT-1,0.5011749026599179,1.0
naiveB_a_GCTGCGATCTACTTAC-1,0.5051362755366492,1.0
naiveB_a_GCTGCTTAGGGCTTCC-1,0.48868570596026767,0.0
naiveB_a_GCTGGGTTCCAGGGCT-1,0.5006146732566977,0.0
naiveB_a_GCTTGAAAGCTGATAA-1,0.48026278036179815,0.0
naiveB_a_GCTTGAATCGGTGTTA-1,0.5079733206236035,0.0
naiveB_a_GGAAAGCCAGTGAGTG-1,0.49954703269861206,0.0
naiveB_a_GGAACTTTCCGAGCCA-1,0.5041309289932091,1.0
naiveB_a_GGACAAGCAAGGCTCC-1,0.495100119047004,0.0
naiveB_a_GGACAAGTCTAACTGG-1,0.48548457684837054,0.0
naiveB_a_GGACAGAAGGAGCGTT-1,0.4781472250412402,0.0
naiveB_a_GGACAGACAGTCACTA-1,0.4918682644750091,0.0
naiveB_a_GGACAGAGTAGCGTCC-1,0.4810174675688233,0.0
naiveB_a_GGACAGATCGTCACGG-1,0.5114170238688858,0.0
naiveB_a_GGACAGATCTAACTTC-1,0.4794928492782447,0.0
naiveB_a_GGACATTCACAGACAG-1,0.5079764840957154,0.0
naiveB_a_GGACATTCACATTAGC-1,0.4775760513513339,0.0
naiveB_a_GGACGTCAGTAGTGCG-1,0.5028993917906267,0.0
naiveB_a_GGACGTCTCAAACAAG-1,0.49574769511024236,0.0
naiveB_a_GGAGCAAGTACTTAGC-1,0.4706070927083344,0.0
naiveB_a_GGAGCAAGTAGTACCT-1,0.4701477880240763,0.0
naiveB_a_GGATGTTCAATCGGTT-1,0.5061253494007566,1.0
naiveB_a_GGCAATTAGCATCATC-1,0.47532793090022474,0.0
naiveB_a_GGCCGATGTACACCGC-1,0.5024048831676716,0.0
naiveB_a_GGCGACTAGTTGCAGG-1,0.490226141007414,0.0
naiveB_a_GGCGACTCAACGCACC-1,0.5600827029299263,1.0
naiveB_a_GGCGTGTAGCGCCTTG-1,0.47372269278248547,0.0
naiveB_a_GGCGTGTCAGGAATCG-1,0.4910483014160939,0.0
naiveB_a_GGCTCGACAAGTCATC-1,0.5103749319460531,1.0
naiveB_a_GGCTCGACAGGTCTCG-1,0.47932432593890173,0.0
naiveB_a_GGCTCGATCATACGGT-1,0.49617561251542425,0.0
naiveB_a_GGCTGGTAGAGTGACC-1,0.47228410973166274,0.0
naiveB_a_GGCTGGTGTACAGTTC-1,0.5097660496100477,0.0
naiveB_a_GGGAATGTCAGTACGT-1,0.5011707977235482,0.0
naiveB_a_GGGAATGTCTATCCCG-1,0.49661206897136545,0.0
naiveB_a_GGGAATGTCTCGTATT-1,0.47628268081270275,0.0
naiveB_a_GGGACCTGTGTTGAGG-1,0.49030002337902323,0.0
naiveB_a_GGGACCTGTTGAGGTG-1,0.502258216182066,1.0
naiveB_a_GGGAGATGTAGCGTGA-1,0.47967008916620385,0.0
naiveB_a_GGGATGAAGGACAGAA-1,0.5112757058448714,1.0
naiveB_a_GGGATGAAGGGATGGG-1,0.4751385727205288,0.0
naiveB_a_GGGATGACAGGACGTA-1,0.5002924623339823,0.0
naiveB_a_GGGATGATCAATAAGG-1,0.4910243849420888,0.0
naiveB_a_GGGCACTCACGACGAA-1,0.4971284989645677,0.0
naiveB_a_GGGCACTTCTTGTTTG-1,0.5092077803861785,0.0
naiveB_a_GGGCATCAGGCACATG-1,0.5051131618874709,1.0
naiveB_a_GGGTCTGCAGTGGGAT-1,0.4887054089310738,0.0
naiveB_a_GGGTCTGGTACAAGTA-1,0.5019392989834544,0.0
naiveB_a_GGGTCTGGTGACGCCT-1,0.48379730978953533,0.0
naiveB_a_GGGTCTGGTGTGGTTT-1,0.5096955121449467,0.0
naiveB_a_GGGTTGCGTCCGTTAA-1,0.5039580357824319,0.0
naiveB_a_GGTATTGTCTCCGGTT-1,0.49369002526966677,0.0
naiveB_a_GGTATTGTCTTCAACT-1,0.5051022805287454,1.0
naiveB_a_GGTGAAGCACCTCGTT-1,0.5017304393576001,1.0
naiveB_a_GGTGAAGTCCATGAAC-1,0.4681323029604513,0.0
naiveB_a_GGTGCGTGTTCAGGCC-1,0.4985026338977597,1.0
naiveB_a_GGTGCGTTCCGGCACA-1,0.5058314921069635,0.0
naiveB_a_GGTGCGTTCGAATGGG-1,0.47745894334090516,0.0
naiveB_a_GGTGTTAGTCGGGTCT-1,0.4852719711466125,0.0
naiveB_a_GGTGTTAGTGGCTCCA-1,0.4984473722524982,1.0
naiveB_a_GGTGTTAGTTGAGTTC-1,0.5063369485136581,0.0
naiveB_a_GTAACGTCAAGGCTCC-1,0.48594930219890176,0.0
naiveB_a_GTAACGTGTCACTTCC-1,0.46412633487561455,0.0
naiveB_a_GTAACTGCAATGAAAC-1,0.5060969907524123,0.0
naiveB_a_GTACGTATCGCCGTGA-1,0.48876208163389673,0.0
naiveB_a_GTACTCCAGCTGAAAT-1,0.5089745771487436,1.0
naiveB_a_GTACTCCCAAGCCGCT-1,0.5077392591766544,0.0
naiveB_a_GTACTCCCACAGGAGT-1,0.5066452301536851,0.0
naiveB_a_GTACTCCTCCTGCTTG-1,0.4996301847427402,0.0
naiveB_a_GTAGGCCAGCAGGTCA-1,0.47424131524413987,0.0
naiveB_a_GTAGGCCTCTCGCATC-1,0.4952782833881468,0.0
naiveB_a_GTAGGCCTCTGTCTAT-1,0.5162371381665899,1.0
naiveB_a_GTAGTCACATGTAGTC-1,0.4987547817992171,1.0
naiveB_a_GTAGTCAGTAGCGCAA-1,0.4764709654393174,0.0
naiveB_a_GTATCTTGTTCACCTC-1,0.49316231382455533,0.0
naiveB_a_GTCAAGTCATAGGATA-1,0.47363096653464243,0.0
naiveB_a_GTCAAGTTCCGTAGTA-1,0.49234375102967054,0.0
naiveB_a_GTCACAATCTATCCCG-1,0.5040711562945129,0.0
naiveB_a_GTCACGGTCGTGACAT-1,0.502534826071155,1.0
naiveB_a_GTCATTTTCGCTTAGA-1,0.5080094760907055,0.0
naiveB_a_GTCCTCAAGCATGGCA-1,0.4774741179370542,0.0
naiveB_a_GTCGGGTTCCGCTGTT-1,0.5093205972060189,1.0
naiveB_a_GTCGGGTTCCTTGACC-1,0.49340016999350617,0.0
naiveB_a_GTCGTAATCTTCATGT-1,0.4717622454714181,0.0
naiveB_a_GTCTCGTAGGATGCGT-1,0.4764238392136977,0.0
naiveB_a_GTCTCGTCACGAAGCA-1,0.48047379112697386,0.0
naiveB_a_GTCTCGTTCACCCGAG-1,0.5076139722181341,1.0
naiveB_a_GTCTCGTTCCACTCCA-1,0.5620258297206319,1.0
naiveB_a_GTCTTCGAGGATGGAA-1,0.47165661721724683,0.0
naiveB_a_GTCTTCGTCTGTACGA-1,0.50487407684364,1.0
naiveB_a_GTGCAGCTCATGCAAC-1,0.5060875143340259,1.0
naiveB_a_GTGCATAGTCAGCTAT-1,0.46943318253064503,0.0
naiveB_a_GTGCATATCGTCGTTC-1,0.4950146442992843,0.0
naiveB_a_GTGCGGTAGCGTAGTG-1,0.4731317687084887,0.0
naiveB_a_GTGCGGTTCAACACAC-1,0.47123348602198456,0.0
naiveB_a_GTGCGGTTCATCTGTT-1,0.5067327028973058,0.0
naiveB_a_GTGCTTCAGCGAGAAA-1,0.49423206665492736,0.0
naiveB_a_GTGCTTCTCGCGATCG-1,0.5610864617070159,0.0
naiveB_a_GTGCTTCTCTTGCCGT-1,0.500145316454461,0.0
naiveB_a_GTGGGTCGTCTTCTCG-1,0.502251694450437,0.0
naiveB_a_GTGGGTCGTTCCATGA-1,0.4985893215586917,0.0
naiveB_a_GTGTGCGGTAAACACA-1,0.5049253047144823,0.0
naiveB_a_GTGTTAGAGAAACGAG-1,0.5220629683139936,1.0
naiveB_a_GTGTTAGGTGTTGAGG-1,0.47873497558640626,0.0
naiveB_a_GTGTTAGTCATGCTCC-1,0.48068823969434743,0.0
naiveB_a_GTTAAGCAGATGTGTA-1,0.47450907443673723,0.0
naiveB_a_GTTACAGTCAACACCA-1,0.4957980099914012,0.0
naiveB_a_GTTACAGTCGGCCGAT-1,0.49394370745913296,0.0
naiveB_a_GTTCATTAGCACAGGT-1,0.5071378205606166,1.0
naiveB_a_GTTCATTGTCTCTTAT-1,0.483353097545895,0.0
naiveB_a_GTTCGGGGTGCACGAA-1,0.505152681727721,1.0
naiveB_a_GTTCTCGAGCCGGTAA-1,0.4931542445878901,0.0
naiveB_a_GTTCTCGAGCCGTCGT-1,0.48537204535867423,0.0
naiveB_a_GTTCTCGTCCAGTAGT-1,0.4992024719818394,1.0
naiveB_a_GTTTCTAGTACCCAAT-1,0.5110127239155915,1.0
naiveB_a_TAAACCGTCATACGGT-1,0.48367258371941313,0.0
naiveB_a_TAAGAGACATAGGATA-1,0.5207946923126703,0.0
naiveB_a_TAAGAGATCGCTTAGA-1,0.5007704803486411,0.0
naiveB_a_TAAGCGTGTCCAAGTT-1,0.4841490361508564,0.0
naiveB_a_TAAGTGCGTTCGGGCT-1,0.531082886866023,1.0
naiveB_a_TACAGTGCACTACAGT-1,0.5121925643414472,0.0
naiveB_a_TACCTTAAGACTTGAA-1,0.4750014665572486,0.0
naiveB_a_TACGGATGTTAGGGTG-1,0.47434943417557096,0.0
naiveB_a_TACGGATTCATGCATG-1,0.5275173753773514,1.0
naiveB_a_TACGGATTCGGCGCTA-1,0.4998998321133075,1.0
naiveB_a_TACGGGCAGCACCGTC-1,0.5025838845105656,1.0
naiveB_a_TACGGGCTCATGTAGC-1,0.49608035486937657,0.0
naiveB_a_TACTCGCAGTGGAGAA-1,0.4893815960245918,0.0
naiveB_a_TACTCGCTCTCTGCTG-1,0.47674501816803294,0.0
naiveB_a_TACTTACGTTACCGAT-1,0.4934416890300253,0.0
naiveB_a_TACTTGTCAATGACCT-1,0.491900834910726,0.0
naiveB_a_TAGACCAAGTTGAGAT-1,0.5125951430868182,0.0
naiveB_a_TAGACCAGTTGAACTC-1,0.4945312446358072,0.0
naiveB_a_TAGAGCTTCTCAACTT-1,0.5090188664135709,0.0
naiveB_a_TAGCCGGTCCGCAGTG-1,0.4936061690895836,0.0
naiveB_a_TAGCCGGTCGGCTTGG-1,0.5034034867228777,0.0
naiveB_a_TAGGCATAGCAGCGTA-1,0.4835649215315273,0.0
naiveB_a_TAGGCATCAGACGTAG-1,0.4737663624774726,0.0
naiveB_a_TAGTGGTAGTGCCATT-1,0.507582892211294,1.0
naiveB_a_TAGTTGGCATAGTAAG-1,0.49402900054888316,0.0
naiveB_a_TATCTCAAGCCACCTG-1,0.5717662007285174,0.0
naiveB_a_TATCTCAAGTGACTCT-1,0.5027460017359946,1.0
naiveB_a_TATCTCAGTAGGCATG-1,0.4784599690034561,0.0
naiveB_a_TATCTCATCGAACTGT-1,0.4973326002100313,0.0
naiveB_a_TATTACCAGGCCCTCA-1,0.4953473264074033,0.0
naiveB_a_TATTACCCAGTTTACG-1,0.48828388167493036,0.0
naiveB_a_TATTACCGTTTGGGCC-1,0.5092006833177325,1.0
naiveB_a_TATTACCTCTGCTGTC-1,0.5092686857848611,0.0
naiveB_a_TCAACGAGTCCGAGTC-1,0.5138657453264699,1.0
naiveB_a_TCAATCTCAAACAACA-1,0.4969186820664682,0.0
naiveB_a_TCACAAGAGCACAGGT-1,0.5010885291065227,0.0
naiveB_a_TCAGATGCATGCATGT-1,0.5010956789839701,1.0
naiveB_a_TCAGCAACACGAAATA-1,0.4749964882310803,0.0
naiveB_a_TCAGGATAGTGTACTC-1,0.5014987129258107,0.0
naiveB_a_TCAGGATTCTTAGAGC-1,0.5060090545375416,1.0
naiveB_a_TCAGGTAAGAGCTTCT-1,0.47218794313440915,0.0
naiveB_a_TCATTACTCCCAACGG-1,0.4838197265084194,0.0
naiveB_a_TCATTTGGTCAGGACA-1,0.5044757082476209,0.0
naiveB_a_TCATTTGTCTGGTATG-1,0.503397029271952,0.0
naiveB_a_TCCACACAGCGCCTCA-1,0.48512929322199505,0.0
naiveB_a_TCCACACAGTAAGTAC-1,0.4999951334285351,1.0
naiveB_a_TCCACACAGTCGTTTG-1,0.5079396188779606,1.0
naiveB_a_TCCACACCAGATGGGT-1,0.4982799352713498,0.0
naiveB_a_TCCCGATTCTTATCTG-1,0.48003680401203225,0.0
naiveB_a_TCGAGGCGTACATGTC-1,0.5046840034865034,1.0
naiveB_a_TCGCGTTCAGACACTT-1,0.5062990877384748,0.0
naiveB_a_TCGCGTTTCCTGCTTG-1,0.50654042779379,0.0
naiveB_a_TCGCGTTTCGCCTGAG-1,0.49255541239443784,0.0
naiveB_a_TCGGTAAAGCCTCGTG-1,0.47767210206804717,0.0
naiveB_a_TCGGTAACATGTTGAC-1,0.4710876389883831,0.0
naiveB_a_TCGTACCAGACTGTAA-1,0.5002134161319208,0.0
naiveB_a_TCGTACCAGTACATGA-1,0.4927788875803644,0.0
naiveB_a_TCGTACCGTTAAGACA-1,0.47144973934086687,0.0
naiveB_a_TCGTAGAAGCCGGTAA-1,0.49752847182451737,1.0
naiveB_a_TCTATTGAGTTGCAGG-1,0.4870932449857665,0.0
naiveB_a_TCTATTGGTCGCGGTT-1,0.49847354324933457,0.0
naiveB_a_TCTCATAAGACTACAA-1,0.5191922413452846,1.0
naiveB_a_TCTCATAAGATCACGG-1,0.5093764492771569,1.0
naiveB_a_TCTCATAAGGTGTGGT-1,0.5131616758293153,0.0
naiveB_a_TCTCTAAAGCACCGTC-1,0.4693256458201163,0.0
naiveB_a_TCTCTAAAGGCTCAGA-1,0.47941826147785627,0.0
naiveB_a_TCTCTAACAATCGAAA-1,0.48876763662914857,0.0
naiveB_a_TCTCTAAGTAGTGAAT-1,0.5135757297480019,1.0
naiveB_a_TCTCTAATCAGCCTAA-1,0.5141052603758626,1.0
naiveB_a_TCTGAGACAGATCTGT-1,0.5054690837058617,1.0
naiveB_a_TCTGAGAGTCGGATCC-1,0.5049346234061067,1.0
naiveB_a_TCTGAGAGTTCTGGTA-1,0.47881303870394504,0.0
naiveB_a_TCTGGAATCCGTTGCT-1,0.49897385512863235,1.0
naiveB_a_TCTGGAATCGCTGATA-1,0.5058091875097706,0.0
naiveB_a_TCTTCGGAGTGTCTCA-1,0.5504558886076999,1.0
naiveB_a_TCTTCGGTCAGCGACC-1,0.4914941246411487,0.0
naiveB_a_TCTTCGGTCCTTGGTC-1,0.4956516918744028,0.0
naiveB_a_TCTTTCCAGGCTAGGT-1,0.4576173195884214,0.0
naiveB_a_TCTTTCCGTTGTCTTT-1,0.4663055133812071,0.0
naiveB_a_TGAAAGAAGCTAACAA-1,0.5100827260210818,1.0
naiveB_a_TGAAAGACAGTTCATG-1,0.5057063684075743,1.0
naiveB_a_TGAAAGATCGCTGATA-1,0.5397672648950852,1.0
naiveB_a_TGACAACAGACCCACC-1,0.4950424886781419,0.0
naiveB_a_TGACGGCTCGGTGTCG-1,0.47605604464328743,0.0
naiveB_a_TGACTAGAGCGCCTTG-1,0.46862005289601405,0.0
naiveB_a_TGACTAGAGGCCGAAT-1,0.5024875401077461,1.0
naiveB_a_TGACTAGTCGGTTAAC-1,0.48183700366705146,0.0
naiveB_a_TGACTTTAGAGGACGG-1,0.47522656206917885,0.0
naiveB_a_TGAGAGGTCCTAGAAC-1,0.47092596587127783,0.0
naiveB_a_TGAGAGGTCTTGTTTG-1,0.5036931229914394,1.0
naiveB_a_TGAGCCGCAGCGAACA-1,0.4770999682383431,0.0
naiveB_a_TGAGGGAGTTACCAGT-1,0.48468453855657845,0.0
naiveB_a_TGCACCTAGATATACG-1,0.47281366560514004,0.0
naiveB_a_TGCACCTCAATTGCTG-1,0.4899931030035411,0.0
naiveB_a_TGCACCTGTACCGGCT-1,0.507425901960618,1.0
naiveB_a_TGCACCTGTAGCCTCG-1,0.49481411190568103,0.0
naiveB_a_TGCACCTGTCAAAGAT-1,0.4971104317359778,0.0
naiveB_a_TGCACCTTCATCGATG-1,0.5087457034420393,0.0
naiveB_a_TGCCAAAAGCTAAGAT-1,0.4746353778545106,0.0
naiveB_a_TGCCAAACAGGTCGTC-1,0.5052408017109993,1.0
naiveB_a_TGCCAAAGTTACGACT-1,0.5014626229536522,0.0
naiveB_a_TGCCAAAGTTGAGGTG-1,0.5702739427775623,1.0
naiveB_a_TGCGCAGGTACTTGAC-1,0.5007988309984355,1.0
naiveB_a_TGCGCAGGTGTGGTTT-1,0.4709735272011447,0.0
naiveB_a_TGCGCAGGTTTGTGTG-1,0.511388690904426,1.0
naiveB_a_TGCGCAGTCAGGTAAA-1,0.510278357917891,1.0
naiveB_a_TGCGGGTTCTCAAACG-1,0.5028730548488225,1.0
naiveB_a_TGCGTGGTCAGCTTAG-1,0.4985310957718457,1.0
naiveB_a_TGGCGCAGTACCAGTT-1,0.5303039858529627,1.0
naiveB_a_TGGCGCATCTGATTCT-1,0.4982838845403639,0.0
naiveB_a_TGGCTGGCACCGATAT-1,0.4736627430970672,0.0
naiveB_a_TGGCTGGCACGAGGTA-1,0.5061034934433958,1.0
naiveB_a_TGGCTGGCATCGGAAG-1,0.47888510805774076,0.0
naiveB_a_TGGGAAGGTAAGGGCT-1,0.470991138882954,0.0
naiveB_a_TGGGCGTCAAGTCTGT-1,0.5192935690703558,1.0
naiveB_a_TGGGCGTCACAACTGT-1,0.4967103334218282,0.0
naiveB_a_TGGTTAGAGGGTGTGT-1,0.468168666440151,0.0
naiveB_a_TGGTTAGCATTAGGCT-1,0.5055140921105027,1.0
naiveB_a_TGGTTCCAGGGATACC-1,0.5056427102398096,1.0
naiveB_a_TGGTTCCCACTCTGTC-1,0.5670393448953028,0.0
naiveB_a_TGGTTCCCATACGCTA-1,0.499703725333609,0.0
naiveB_a_TGGTTCCGTAAACGCG-1,0.5015168662966899,1.0
naiveB_a_TGTATTCAGCCATCGC-1,0.47262812333362125,0.0
naiveB_a_TGTATTCAGGTGTGGT-1,0.495747895620695,0.0
naiveB_a_TGTCCCAAGTGGTCCC-1,0.565571720685839,0.0
naiveB_a_TGTCCCACAGGGAGAG-1,0.48777752386076756,0.0
naiveB_a_TGTGGTACACGTCAGC-1,0.4981222943798332,0.0
naiveB_a_TGTGGTATCAATACCG-1,0.5026976336811638,1.0
naiveB_a_TGTGTTTAGTGAACAT-1,0.5020777631004558,0.0
naiveB_a_TGTGTTTCAAGGCTCC-1,0.47898891474465927,0.0
naiveB_a_TGTGTTTGTGAGGCTA-1,0.5023543836410281,0.0
naiveB_a_TGTGTTTTCCGATATG-1,0.5025546850233855,1.0
naiveB_a_TGTGTTTTCTGACCTC-1,0.4818130342547208,0.0
naiveB_a_TGTTCCGCACGGTTTA-1,0.5015736362694507,0.0
naiveB_a_TTAACTCAGATACACA-1,0.4828852892927207,0.0
naiveB_a_TTAACTCAGGCTATCT-1,0.5090754254047398,0.0
naiveB_a_TTAACTCCAATCGAAA-1,0.4994271253971545,1.0
naiveB_a_TTAGGACAGGTGCTTT-1,0.5024740291658258,1.0
naiveB_a_TTAGGCACAGTCTTCC-1,0.4890079647607415,0.0
naiveB_a_TTAGGCAGTACCGTAT-1,0.5157535823661344,1.0
naiveB_a_TTAGGCAGTGGTGTAG-1,0.4766810988417311,0.0
naiveB_a_TTAGGCAGTTGTCTTT-1,0.5004678343364857,1.0
naiveB_a_TTAGTTCCACGACTCG-1,0.4961127890713519,0.0
naiveB_a_TTAGTTCCATGAGCGA-1,0.4758330032647014,0.0
naiveB_a_TTAGTTCGTGGGTCAA-1,0.47371693979484514,0.0
naiveB_a_TTAGTTCGTTTCCACC-1,0.4897217553144952,0.0
naiveB_a_TTATGCTAGCTAGTCT-1,0.4999456396533052,0.0
naiveB_a_TTATGCTCACACAGAG-1,0.5002899785244571,1.0
naiveB_a_TTCCCAGCAGGTCGTC-1,0.4916493560364275,0.0
naiveB_a_TTCTACAGTGTAATGA-1,0.5081335827053786,0.0
naiveB_a_TTCTACATCAGCCTAA-1,0.5149075171662874,1.0
naiveB_a_TTCTCAACACCTCGGA-1,0.48647543875856586,0.0
naiveB_a_TTCTCAACACGTTGGC-1,0.5123216457120657,1.0
naiveB_a_TTCTCCTAGGAGTTGC-1,0.4811522521805733,0.0
naiveB_a_TTCTCCTAGTACGATA-1,0.4818702386178291,0.0
naiveB_a_TTCTTAGCACCCAGTG-1,0.5064096427067392,0.0
naiveB_a_TTCTTAGCAGATGGCA-1,0.4792390677400257,0.0
naiveB_a_TTCTTAGTCAAAGTAG-1,0.49082567748023653,0.0
naiveB_a_TTGAACGCACGAGGTA-1,0.5014490715284387,0.0
naiveB_a_TTGAACGCAGCCAATT-1,0.4857914232360232,0.0
naiveB_a_TTGAACGCAGCTCCGA-1,0.512775345524099,1.0
naiveB_a_TTGAACGGTATATGAG-1,0.49022368983768777,0.0
naiveB_a_TTGACTTCAAGCCCAC-1,0.4954653058044218,0.0
naiveB_a_TTGACTTCAAGGACTG-1,0.4788403940178584,0.0
naiveB_a_TTGACTTTCATTCACT-1,0.49550989651705163,0.0
naiveB_a_TTGCGTCCACTCGACG-1,0.48967099883881227,0.0
naiveB_a_TTGCGTCCATACGCTA-1,0.4717219912954223,0.0
naiveB_a_TTGCGTCGTATATCCG-1,0.46908085798833327,0.0
naiveB_a_TTGGAACTCAGTCAGT-1,0.48729307151015344,0.0
naiveB_a_TTGGCAACAGATCCAT-1,0.51595015236144,1.0
naiveB_a_TTGTAGGCACTCAGGC-1,0.5032928264901132,0.0
naiveB_a_TTTACTGGTTAAGATG-1,0.5046685188599365,1.0
naiveB_a_TTTATGCCATAGAAAC-1,0.48192776736171905,0.0
naiveB_a_TTTATGCTCTCTAAGG-1,0.5003063207307147,0.0
naiveB_a_TTTCCTCAGCAATCTC-1,0.5006535148145996,0.0
naiveB_a_TTTCCTCGTTTCCACC-1,0.4976480071756098,0.0
naiveB_a_TTTGCGCTCGCCCTTA-1,0.5064208777939717,0.0
naiveB_a_TTTGGTTGTATATGGA-1,0.5121532937468026,1.0
naiveB_a_TTTGTCAAGATCGGGT-1,0.4826690865346143,0.0
naiveB_b_AAACCTGAGATAGTCA-1,0.5454274055970484,0.0
naiveB_b_AAACCTGGTAGATTAG-1,0.5061688316327282,0.0
naiveB_b_AAACCTGTCCAGAGGA-1,0.5086771092844671,0.0
naiveB_b_AAAGATGAGACAGACC-1,0.4746085388095029,0.0
naiveB_b_AAAGATGGTCTCTCTG-1,0.5287514418688489,1.0
naiveB_b_AAAGCAACAAGAGTCG-1,0.502597221432043,1.0
naiveB_b_AAAGTAGAGTGGAGAA-1,0.5676952228119391,0.0
naiveB_b_AAAGTAGCAGGTCGTC-1,0.5179028729836809,0.0
naiveB_b_AAAGTAGGTAACGTTC-1,0.48826114161797574,0.0
naiveB_b_AAAGTAGGTAGGCTGA-1,0.5186006555375866,1.0
naiveB_b_AAAGTAGTCGTACCGG-1,0.49095681445098993,0.0
naiveB_b_AAATGCCCAGATGGCA-1,0.49820721708310584,1.0
naiveB_b_AAATGCCTCACTTACT-1,0.4703951389355934,0.0
naiveB_b_AACACGTAGTGGTCCC-1,0.4984256402035347,0.0
naiveB_b_AACACGTGTGCAGACA-1,0.516452733989668,0.0
naiveB_b_AACACGTTCCAACCAA-1,0.5059926458578917,1.0
naiveB_b_AACCATGGTGGTAACG-1,0.5195979111225418,0.0
naiveB_b_AACCATGTCAAGGCTT-1,0.4852996915560141,0.0
naiveB_b_AACCGCGAGTGTTGAA-1,0.47666953293042946,0.0
naiveB_b_AACCGCGTCATGCTCC-1,0.5137821246254176,1.0
naiveB_b_AACCGCGTCATTTGGG-1,0.48615535553952466,0.0
naiveB_b_AACCGCGTCGTAGATC-1,0.4856486989909165,0.0
naiveB_b_AACGTTGCAGGACGTA-1,0.5069839044087027,1.0
naiveB_b_AACGTTGCAGGATCGA-1,0.5133141029272644,1.0
naiveB_b_AACGTTGGTCATGCAT-1,0.5036048033609759,0.0
naiveB_b_AACGTTGTCGCGATCG-1,0.4971896419572323,0.0
naiveB_b_AACTCAGAGCTAGCCC-1,0.5055383546815244,0.0
naiveB_b_AACTCAGGTCAGTGGA-1,0.5072933431560932,1.0
naiveB_b_AACTCAGTCAGTCCCT-1,0.5095005413712628,1.0
naiveB_b_AACTCAGTCTCCAGGG-1,0.5149406450032121,0.0
naiveB_b_AACTCAGTCTCCTATA-1,0.5040114345254283,1.0
naiveB_b_AACTCCCAGGCATGTG-1,0.49593816399475876,0.0
naiveB_b_AACTCCCGTTGTGGCC-1,0.492959487185906,0.0
naiveB_b_AACTCCCTCCTAGTGA-1,0.5007964020554838,0.0
naiveB_b_AACTCTTGTGAGTGAC-1,0.5125324979241838,1.0
naiveB_b_AACTGGTAGAGCAATT-1,0.4848438539101783,0.0
naiveB_b_AACTGGTAGTAGATGT-1,0.5079609496562835,0.0
naiveB_b_AACTGGTAGTCACGCC-1,0.4965402817394348,0.0
naiveB_b_AACTGGTAGTCTCAAC-1,0.476658785000908,0.0
naiveB_b_AACTGGTCAATGTAAG-1,0.5717765098667904,1.0
naiveB_b_AACTTTCGTGATGTCT-1,0.48962146558502656,0.0
naiveB_b_AACTTTCTCTAACTCT-1,0.497797731934249,1.0
naiveB_b_AAGACCTAGGCATTGG-1,0.4956744224070671,0.0
naiveB_b_AAGACCTAGTACGCGA-1,0.5161033967799151,1.0
naiveB_b_AAGCCGCAGTTCGCAT-1,0.4954022277131962,0.0
naiveB_b_AAGCCGCCAAGACACG-1,0.4916985178949595,0.0
naiveB_b_AAGCCGCCACTATCTT-1,0.4968385079163389,0.0
naiveB_b_AAGCCGCTCTTTCCTC-1,0.511719013717126,1.0
naiveB_b_AAGGAGCCAGATGGGT-1,0.5023830372581981,0.0
naiveB_b_AAGGAGCTCGGTGTTA-1,0.4832802729407212,0.0
naiveB_b_AAGGCAGAGCACACAG-1,0.4718460602247851,0.0
naiveB_b_AAGGCAGGTCCTCCAT-1,0.5410637378448087,0.0
naiveB_b_AAGGCAGTCAGCCTAA-1,0.5334601665459112,1.0
naiveB_b_AAGGCAGTCATCGGAT-1,0.49127000704503027,0.0
naiveB_b_AAGGCAGTCCGTAGGC-1,0.48644035980486733,0.0
naiveB_b_AAGGTTCGTTCACGGC-1,0.5238103808161533,1.0
naiveB_b_AAGTCTGAGAGTACAT-1,0.5085847011839078,1.0
naiveB_b_AAGTCTGGTCACTGGC-1,0.5011801856359396,1.0
naiveB_b_AAGTCTGGTTATCGGT-1,0.5123816462825179,1.0
naiveB_b_AAGTCTGTCACCGGGT-1,0.5083429805925684,0.0
naiveB_b_AATCCAGCAGCCACCA-1,0.4958759123848554,0.0
naiveB_b_AATCCAGGTGGTTTCA-1,0.5230981973154709,1.0
naiveB_b_AATCCAGGTGTCTGAT-1,0.5588887074756085,1.0
naiveB_b_AATCGGTCACCATGTA-1,0.5059483616418041,1.0
naiveB_b_ACACCAACATCCTAGA-1,0.49229881623484306,0.0
naiveB_b_ACACCCTAGCGTGTCC-1,0.5038726473834216,1.0
naiveB_b_ACACCCTCACAGTCGC-1,0.490819182893724,0.0
naiveB_b_ACACCCTTCGATAGAA-1,0.5075610502472484,0.0
naiveB_b_ACACCGGAGGCTCTTA-1,0.49529729116496346,0.0
naiveB_b_ACACCGGCACCGAAAG-1,0.4836828874637346,0.0
naiveB_b_ACACCGGTCAAACCGT-1,0.5086340312827551,0.0
naiveB_b_ACACCGGTCACTATTC-1,0.5256658321233789,1.0
naiveB_b_ACACTGAAGAACTGTA-1,0.5111777738092907,1.0
naiveB_b_ACACTGACACCCATGG-1,0.5026535754024711,0.0
naiveB_b_ACACTGATCCCTAATT-1,0.5028108386488593,0.0
naiveB_b_ACAGCTACACGCCAGT-1,0.5071954232008724,1.0
naiveB_b_ACATACGCAGATGGGT-1,0.49513678483284645,0.0
naiveB_b_ACATACGTCAAGCCTA-1,0.49182817944772994,0.0
naiveB_b_ACATCAGCACCGAAAG-1,0.504644369899357,1.0
naiveB_b_ACATCAGGTCGCATAT-1,0.5092387942161715,1.0
naiveB_b_ACATGGTTCTGCTTGC-1,0.4905583816871758,0.0
naiveB_b_ACCAGTACAATCGGTT-1,0.4871549727598708,0.0
naiveB_b_ACCCACTAGCACAGGT-1,0.48963805803314053,0.0
naiveB_b_ACCCACTTCAACCATG-1,0.48529656453097614,0.0
naiveB_b_ACCCACTTCGCGTTTC-1,0.47204068536084837,0.0
naiveB_b_ACCGTAACACAGTCGC-1,0.5071398114685856,0.0
naiveB_b_ACCGTAAGTCAAAGAT-1,0.47551001679911636,0.0
naiveB_b_ACCGTAATCCTACAGA-1,0.566009244841289,1.0
naiveB_b_ACCTTTACATGCATGT-1,0.5144590488626268,1.0
naiveB_b_ACCTTTATCTCGGACG-1,0.4978158973563176,1.0
naiveB_b_ACGAGCCAGATGGGTC-1,0.5109434106489122,1.0
naiveB_b_ACGAGCCGTGTTAAGA-1,0.4768576344355507,0.0
naiveB_b_ACGAGGAAGTTCCACA-1,0.5096957395885292,0.0
naiveB_b_ACGAGGAGTCCGAGTC-1,0.5042894690401798,0.0
naiveB_b_ACGATACAGATAGCAT-1,0.49920974055196854,0.0
naiveB_b_ACGATACCATGGGACA-1,0.494270765173872,0.0
naiveB_b_ACGATGTCAGTAAGCG-1,0.5059268553858035,0.0
naiveB_b_ACGCAGCAGTCCTCCT-1,0.485261785264758,0.0
naiveB_b_ACGCCGAGTCTTCAAG-1,0.5067418106513899,1.0
naiveB_b_ACGCCGATCGGAAACG-1,0.4965007875977896,0.0
naiveB_b_ACGGAGACAAGTTGTC-1,0.46890498494257343,0.0
naiveB_b_ACGGCCAGTGACTCAT-1,0.5072209604672079,0.0
naiveB_b_ACGGCCAGTTTGTTTC-1,0.4881583088513314,0.0
naiveB_b_ACGGGCTTCCCTAATT-1,0.5640165260558941,1.0
naiveB_b_ACGGGTCAGGCATGTG-1,0.4804580831249506,0.0
naiveB_b_ACGGGTCAGTGACATA-1,0.5021387796963399,0.0
naiveB_b_ACGGGTCCAATGGACG-1,0.5111472497781352,0.0
naiveB_b_ACGGGTCGTCAAAGCG-1,0.4989786343999017,1.0
naiveB_b_ACGGGTCGTTGAGGTG-1,0.48406254222675577,0.0
naiveB_b_ACGTCAATCATACGGT-1,0.46820379167336174,0.0
naiveB_b_ACTATCTAGGTTACCT-1,0.4756000281736809,0.0
naiveB_b_ACTATCTCAATGGATA-1,0.4956969380622504,0.0
naiveB_b_ACTGAACGTGCACTTA-1,0.4956163286403365,0.0
naiveB_b_ACTGAGTAGGAGTCTG-1,0.49580259654803294,0.0
naiveB_b_ACTGAGTCATTCGACA-1,0.5074397391548091,1.0
naiveB_b_ACTGAGTGTAAGCACG-1,0.508631078227447,1.0
naiveB_b_ACTGAGTTCCAAAGTC-1,0.501102959917546,0.0
naiveB_b_ACTGATGAGCGTAATA-1,0.5099218528586703,0.0
naiveB_b_ACTGATGCAGACAAGC-1,0.5260032293307434,1.0
naiveB_b_ACTGCTCAGGAATTAC-1,0.5233524140688749,0.0
naiveB_b_ACTGCTCCAGGGCATA-1,0.48034153793909784,0.0
naiveB_b_ACTGCTCGTAGCTAAA-1,0.5027394062302899,0.0
naiveB_b_ACTGCTCTCGTTTGCC-1,0.5058236851557724,0.0
naiveB_b_ACTGTCCAGCCACGCT-1,0.5042781161269176,0.0
naiveB_b_ACTGTCCCAAAGCGGT-1,0.5066146373764854,1.0
naiveB_b_ACTTGTTCACTAGTAC-1,0.5044801721378667,1.0
naiveB_b_ACTTGTTCAGCGAACA-1,0.5091976808866661,0.0
naiveB_b_ACTTGTTGTCGGCACT-1,0.5172172487282084,1.0
naiveB_b_ACTTGTTTCTGGAGCC-1,0.5105203579061574,0.0
naiveB_b_ACTTTCACACGGCCAT-1,0.4763620515227124,0.0
naiveB_b_AGAATAGAGGGAACGG-1,0.473366610794753,0.0
naiveB_b_AGAATAGCAAACTGTC-1,0.5052503363673337,1.0
naiveB_b_AGAATAGGTACTCGCG-1,0.4930976396442376,0.0
naiveB_b_AGAATAGGTCCGACGT-1,0.47149608254953607,0.0
naiveB_b_AGACGTTAGGCCATAG-1,0.5145061157644142,1.0
naiveB_b_AGACGTTCATCGATGT-1,0.50578302214996,1.0
naiveB_b_AGACGTTTCTTGTATC-1,0.49660535965473585,0.0
naiveB_b_AGAGCGAAGGCTACGA-1,0.4749642521934946,0.0
naiveB_b_AGAGCGAAGTTGCAGG-1,0.4898732686612432,0.0
naiveB_b_AGAGCGAGTAAGGATT-1,0.4694768153536248,0.0
naiveB_b_AGAGCGAGTACTTCTT-1,0.5030731224672359,1.0
naiveB_b_AGAGCTTAGACACGAC-1,0.5054151340894234,0.0
naiveB_b_AGAGCTTCACTTCGAA-1,0.5026458582618848,1.0
naiveB_b_AGAGCTTTCCACGAAT-1,0.5082754778695183,0.0
naiveB_b_AGAGTGGAGAGCTGGT-1,0.48638547309173474,0.0
naiveB_b_AGATCTGCAAGCGAGT-1,0.48056558849984443,0.0
naiveB_b_AGATCTGCAGTCCTTC-1,0.4836334991006147,0.0
naiveB_b_AGATCTGGTGTTCTTT-1,0.49140053900927205,0.0
naiveB_b_AGATTGCAGACGCAAC-1,0.5040455715699184,1.0
naiveB_b_AGCAGCCCATCGATGT-1,0.5064668520093135,1.0
naiveB_b_AGCAGCCGTAGCACGA-1,0.516760043309511,1.0
naiveB_b_AGCAGCCGTCCTGCTT-1,0.5052406466371934,0.0
naiveB_b_AGCAGCCGTCGTCTTC-1,0.4844519214869942,0.0
naiveB_b_AGCATACAGTCGATAA-1,0.48183855952256227,0.0
naiveB_b_AGCCTAACAAGTTAAG-1,0.5066808279720304,0.0
naiveB_b_AGCCTAACAGTCCTTC-1,0.5061375776172249,1.0
naiveB_b_AGCGGTCAGCCAGTAG-1,0.5024604098420845,0.0
naiveB_b_AGCGGTCAGTGTACTC-1,0.5206600439291902,1.0
naiveB_b_AGCGGTCCAAACTGTC-1,0.5084654065502411,0.0
naiveB_b_AGCGTATAGGAGTACC-1,0.4752716752801718,0.0
naiveB_b_AGCGTATAGGGCTTCC-1,0.5098314866800248,0.0
naiveB_b_AGCGTATAGTTAAGTG-1,0.5079242513216808,1.0
naiveB_b_AGCGTATTCGTTTGCC-1,0.508967338393983,1.0
naiveB_b_AGCGTCGAGCCACTAT-1,0.5072150060902862,1.0
naiveB_b_AGCTCCTAGACAATAC-1,0.5005320508573083,1.0
naiveB_b_AGCTCTCAGACCCACC-1,0.4928286232459284,0.0
naiveB_b_AGCTTGAAGCACAGGT-1,0.5086646120619379,1.0
naiveB_b_AGCTTGAAGTTACGGG-1,0.4721750871951457,0.0
naiveB_b_AGCTTGATCACCCGAG-1,0.4972891655753293,0.0
naiveB_b_AGGCCACGTAAGTGGC-1,0.4874929965781357,0.0
naiveB_b_AGGCCACGTCTTCAAG-1,0.49546208712089834,0.0
naiveB_b_AGGCCACGTGGGTCAA-1,0.49394175845391697,0.0
naiveB_b_AGGCCGTAGTGGACGT-1,0.5042687153831448,0.0
naiveB_b_AGGGAGTGTGACAAAT-1,0.5087066179779075,1.0
naiveB_b_AGGGATGAGAAGGACA-1,0.5052704638659967,0.0
naiveB_b_AGGGATGCACATGGGA-1,0.4708969757382772,0.0
naiveB_b_AGGGTGACACCAGGCT-1,0.5076942612566366,0.0
naiveB_b_AGGGTGACATTGTGCA-1,0.5038471021787317,0.0
naiveB_b_AGGTCATGTAGGCTGA-1,0.4865695837063454,0.0
naiveB_b_AGGTCCGAGCTAGTGG-1,0.4956592332579152,0.0
naiveB_b_AGGTCCGGTTAAGAAC-1,0.4921641384972537,0.0
naiveB_b_AGTAGTCCAGTCTTCC-1,0.5156430321258583,0.0
naiveB_b_AGTCTTTAGGGTTCCC-1,0.494360770202859,0.0
naiveB_b_AGTCTTTCATTTGCTT-1,0.4925976443218804,0.0
naiveB_b_AGTCTTTTCTCCGGTT-1,0.495245019420351,0.0
naiveB_b_AGTGAGGGTCTTGCGG-1,0.5195745846563445,1.0
naiveB_b_AGTGGGAAGGGTGTTG-1,0.48682528606065223,0.0
naiveB_b_AGTGGGACAGTTCCCT-1,0.5038163557720388,0.0
naiveB_b_AGTGGGACATACGCCG-1,0.5182660098678435,1.0
naiveB_b_AGTGTCACATGTCTCC-1,0.4645271831208954,0.0
naiveB_b_ATAACGCAGATCGGGT-1,0.5089581042717483,0.0
naiveB_b_ATAACGCCACATCCAA-1,0.5061156292691036,1.0
naiveB_b_ATAAGAGAGAAGATTC-1,0.5026230372123265,1.0
naiveB_b_ATAGACCGTATATCCG-1,0.5126177166259409,1.0
naiveB_b_ATAGACCTCCGTCATC-1,0.5251108547966888,1.0
naiveB_b_ATAGACCTCTAGAGTC-1,0.47525484390935596,0.0
naiveB_b_ATCACGAAGAAGGTTT-1,0.5015148795027637,0.0
naiveB_b_ATCACGAAGATGCCTT-1,0.4703990013252716,0.0
naiveB_b_ATCACGAGTAGAGCTG-1,0.5142749356525941,1.0
naiveB_b_ATCACGAGTCGCGTGT-1,0.47990715363691683,0.0
naiveB_b_ATCACGAGTTGGACCC-1,0.4719284629877264,0.0
naiveB_b_ATCACGATCGTTTAGG-1,0.49288056185916995,0.0
naiveB_b_ATCACGATCTTGTATC-1,0.504630759409363,1.0
naiveB_b_ATCATCTAGACTAGAT-1,0.473027844955772,0.0
naiveB_b_ATCATCTGTCGTCTTC-1,0.5083459991119529,1.0
naiveB_b_ATCATGGGTCATATGC-1,0.5032033056280028,1.0
naiveB_b_ATCATGGGTTCCCTTG-1,0.5063394562184166,0.0
naiveB_b_ATCCACCAGCAGACTG-1,0.5149777467466053,0.0
naiveB_b_ATCCACCAGGCCGAAT-1,0.4768691735915399,0.0
naiveB_b_ATCCACCGTCGCTTTC-1,0.5131173331532624,1.0
naiveB_b_ATCCACCTCTATCGCC-1,0.5079489992611934,1.0
naiveB_b_ATCCGAACAGACGCCT-1,0.49567799938694806,0.0
naiveB_b_ATCGAGTAGCTGTTCA-1,0.5016691190137318,0.0
naiveB_b_ATCGAGTTCAGCACAT-1,0.4952332306623974,0.0
naiveB_b_ATCTACTGTACAGACG-1,0.48532246871880924,0.0
naiveB_b_ATGGGAGCAGTATAAG-1,0.4766512040873575,0.0
naiveB_b_ATGGGAGGTTCCGGCA-1,0.5132966082450412,1.0
naiveB_b_ATGTGTGAGAGCCTAG-1,0.5153165995271979,1.0
naiveB_b_ATGTGTGAGCGCCTTG-1,0.5091626540192935,0.0
naiveB_b_ATGTGTGCATTCTTAC-1,0.5070654958050582,0.0
naiveB_b_ATGTGTGTCCTGCCAT-1,0.5023232203023211,1.0
naiveB_b_ATGTGTGTCTTGAGAC-1,0.5114453135672753,1.0
naiveB_b_ATTACTCTCGCACTCT-1,0.4772647147670165,0.0
naiveB_b_ATTATCCAGCTGATAA-1,0.5059656993614929,1.0
naiveB_b_ATTATCCAGGAATGGA-1,0.4726237261738377,0.0
naiveB_b_ATTATCCAGGTGCACA-1,0.5221827696180359,0.0
naiveB_b_ATTATCCTCTTATCTG-1,0.49972467806451565,1.0
naiveB_b_ATTCTACAGGCTCATT-1,0.5017950956796676,1.0
naiveB_b_ATTCTACGTCTCATCC-1,0.5510694294132013,1.0
naiveB_b_ATTCTACTCGTAGATC-1,0.510956205284993,1.0
naiveB_b_ATTGGACCAAGCCCAC-1,0.5064277554061904,0.0
naiveB_b_ATTGGACCATGCCACG-1,0.5078754033665719,1.0
naiveB_b_ATTGGTGAGGCATGTG-1,0.4811781558519762,0.0
naiveB_b_ATTGGTGTCAGGTAAA-1,0.4895603575051475,0.0
naiveB_b_ATTTCTGTCCCTTGCA-1,0.5008107426375694,0.0
naiveB_b_CAACCAACAAGCTGAG-1,0.49912348140857965,1.0
naiveB_b_CAACCAACATTGGCGC-1,0.5673316805445203,0.0
naiveB_b_CAACCAATCTGCGTAA-1,0.47205484259079195,0.0
naiveB_b_CAACCTCAGTGACTCT-1,0.47699702100778585,0.0
naiveB_b_CAACCTCCATGCCACG-1,0.49488187978688253,0.0
naiveB_b_CAACCTCGTCCCTACT-1,0.5117526249462666,0.0
naiveB_b_CAACTAGAGGGTTTCT-1,0.5075777711110641,1.0
naiveB_b_CAACTAGTCTCGTATT-1,0.49545257757754674,0.0
naiveB_b_CAAGAAAAGACATAAC-1,0.5100092185988087,1.0
naiveB_b_CAAGAAATCCGTCATC-1,0.4962254186244615,0.0
naiveB_b_CAAGATCAGCTCCTCT-1,0.5077290253796561,0.0
naiveB_b_CAAGGCCTCAGAAATG-1,0.5130424415093148,1.0
naiveB_b_CAAGGCCTCAGTGCAT-1,0.46841809555666336,0.0
naiveB_b_CAAGTTGTCGATCCCT-1,0.5448869947656401,1.0
naiveB_b_CACAAACTCGTCCAGG-1,0.5093812224189364,1.0
naiveB_b_CACACAACAAATCCGT-1,0.5024386233782253,0.0
naiveB_b_CACACAACAACACGCC-1,0.5004661410953254,1.0
naiveB_b_CACACAACAGATCGGA-1,0.47960142418436813,0.0
naiveB_b_CACACAATCTGTCTCG-1,0.5269419959356342,1.0
naiveB_b_CACACCTCAGGGTTAG-1,0.5214059488321178,0.0
naiveB_b_CACACCTCATTCTCAT-1,0.4971237865315545,0.0
naiveB_b_CACACCTGTAAATACG-1,0.5038240114412791,1.0
naiveB_b_CACACCTTCTCCCTGA-1,0.49849441994935184,0.0
naiveB_b_CACACTCGTGAGCGAT-1,0.5164369393176554,0.0
naiveB_b_CACACTCTCAACTCTT-1,0.49581118451424444,0.0
naiveB_b_CACAGGCCAACTGGCC-1,0.5123351416473592,0.0
naiveB_b_CACAGGCGTGTTTGGT-1,0.5236121569169893,1.0
naiveB_b_CACAGGCGTTCGGCAC-1,0.5258591240673398,1.0
naiveB_b_CACAGTACACCAGTTA-1,0.5109071344142526,1.0
naiveB_b_CACAGTACATAGACTC-1,0.5116252778025141,1.0
naiveB_b_CACAGTAGTTCCGGCA-1,0.522300180039299,0.0
naiveB_b_CACATAGAGTGCTGCC-1,0.506469181605723,1.0
naiveB_b_CACATTTAGTGATCGG-1,0.5167114300586219,0.0
naiveB_b_CACATTTGTAGGAGTC-1,0.5044526830963217,1.0
naiveB_b_CACATTTGTCATATCG-1,0.48529584399073034,0.0
naiveB_b_CACATTTGTCGTCTTC-1,0.561410528474556,1.0
naiveB_b_CACCACTAGGGCTTGA-1,0.4933548614487869,0.0
naiveB_b_CACCACTCACCTATCC-1,0.48442654756363934,0.0
naiveB_b_CACCACTTCGATGAGG-1,0.49983395360177396,1.0
naiveB_b_CACCACTTCGCAAACT-1,0.5083577329978034,1.0
naiveB_b_CACCAGGCACATCTTT-1,0.5040484268107978,0.0
naiveB_b_CACCAGGTCCTGTACC-1,0.5077395605277321,1.0
naiveB_b_CACCAGGTCGCCTGAG-1,0.4918418618324818,0.0
naiveB_b_CACCTTGCACAGACAG-1,0.5076848860579818,0.0
naiveB_b_CACCTTGTCTGGGCCA-1,0.5024779117636717,1.0
naiveB_b_CAGAATCCACCAGCAC-1,0.4743155399651234,0.0
naiveB_b_CAGAATCCACTGAAGG-1,0.5441233172559985,0.0
naiveB_b_CAGAATCGTCAACATC-1,0.5148049768939356,0.0
naiveB_b_CAGAATCGTGGAAAGA-1,0.5044994134023242,0.0
naiveB_b_CAGAGAGCACCGAAAG-1,0.4838902617233617,0.0
naiveB_b_CAGAGAGTCAACCATG-1,0.5078514176034431,0.0
naiveB_b_CAGATCAAGTTAGCGG-1,0.49201711255160036,0.0
naiveB_b_CAGATCAGTCACTGGC-1,0.5124625368049492,1.0
naiveB_b_CAGATCAGTCCCTTGT-1,0.46456930758075393,0.0
naiveB_b_CAGCAGCAGATGGGTC-1,0.5062261014777891,0.0
naiveB_b_CAGCAGCCACGAGAGT-1,0.507455167451447,1.0
naiveB_b_CAGCAGCGTCGCCATG-1,0.5286979206644422,1.0
naiveB_b_CAGCCGAGTTGCCTCT-1,0.5093192324698202,1.0
naiveB_b_CAGCCGATCCGTCATC-1,0.5046918935534369,1.0
naiveB_b_CAGCGACAGACCTAGG-1,0.5728858932710981,0.0
naiveB_b_CAGCGACGTTCGGGCT-1,0.498938876616386,1.0
naiveB_b_CAGCGACTCCTAAGTG-1,0.5065951134848372,1.0
naiveB_b_CAGCTAACACAGTCGC-1,0.5064587121396201,0.0
naiveB_b_CAGCTAAGTGCCTGCA-1,0.5030006087958845,0.0
naiveB_b_CAGCTAATCAGCCTAA-1,0.5292788998163802,1.0
naiveB_b_CAGCTGGAGAGTGACC-1,0.4778300249750009,0.0
naiveB_b_CAGCTGGCAATGCCAT-1,0.5134712026404042,0.0
naiveB_b_CAGCTGGTCACCATAG-1,0.5052207314606363,1.0
naiveB_b_CAGCTGGTCAGGCGAA-1,0.4841309063651122,0.0
naiveB_b_CAGGTGCCAAACGCGA-1,0.47871289909414527,0.0
naiveB_b_CAGGTGCCACCCATTC-1,0.5223261673153589,0.0
naiveB_b_CAGTAACAGGACACCA-1,0.5353336885015798,1.0
naiveB_b_CAGTAACAGTAGGTGC-1,0.50240515456376,0.0
naiveB_b_CAGTAACCAGACTCGC-1,0.49874715234106654,0.0
naiveB_b_CAGTAACCAGGACCCT-1,0.5094581927921281,1.0
naiveB_b_CAGTAACGTTGATTCG-1,0.5018531009504112,1.0
naiveB_b_CAGTAACTCGAATCCA-1,0.5077244073209386,0.0
naiveB_b_CAGTCCTGTTCTGTTT-1,0.5111668194066171,1.0
naiveB_b_CATATTCAGGATCGCA-1,0.5096071660454592,0.0
naiveB_b_CATCAAGTCCCACTTG-1,0.5613124225235739,0.0
naiveB_b_CATCAAGTCGGTTCGG-1,0.5324854527977517,1.0
naiveB_b_CATCAGAAGACCTTTG-1,0.5079056366842593,1.0
naiveB_b_CATCAGATCCTGCAGG-1,0.515628742342611,0.0
naiveB_b_CATCCACGTTTCGCTC-1,0.4952866238035564,0.0
naiveB_b_CATCGAAAGGGTTTCT-1,0.49686197897772044,0.0
naiveB_b_CATCGAATCAGGATCT-1,0.5143201995485966,1.0
naiveB_b_CATCGAATCGTTTATC-1,0.49464977502998214,0.0
naiveB_b_CATCGGGAGAGTACAT-1,0.5074761973609523,0.0
naiveB_b_CATCGGGAGTACCGGA-1,0.48438980014221433,0.0
naiveB_b_CATCGGGAGTGGTCCC-1,0.46932055573377457,0.0
naiveB_b_CATCGGGCAGGGATTG-1,0.5307199773109975,0.0
naiveB_b_CATGCCTGTAATTGGA-1,0.47176212911154236,0.0
naiveB_b_CATGGCGCATGTAAGA-1,0.5088978888765556,1.0
naiveB_b_CATGGCGCATTATCTC-1,0.5167694677321195,0.0
naiveB_b_CATGGCGGTCGAAAGC-1,0.5808154416875349,1.0
naiveB_b_CATTATCAGGGCTTGA-1,0.5083433766480149,0.0
naiveB_b_CATTATCGTCTGATCA-1,0.5692694431312214,0.0
naiveB_b_CATTATCGTGGTAACG-1,0.4751205147851231,0.0
naiveB_b_CATTCGCCACGGTGTC-1,0.5066401010692454,0.0
naiveB_b_CATTCGCGTGGAAAGA-1,0.5306277821034214,1.0
naiveB_b_CATTCGCTCCTCCTAG-1,0.5023046112073081,0.0
naiveB_b_CATTCGCTCTTCTGGC-1,0.5084398935342412,0.0
naiveB_b_CCAATCCTCTCGCTTG-1,0.49528547618939023,0.0
naiveB_b_CCACCTAAGATGTGGC-1,0.46018283599489124,0.0
naiveB_b_CCACGGACATCCCACT-1,0.50489546737992,0.0
naiveB_b_CCACGGAGTCTGGAGA-1,0.508220295292598,1.0
naiveB_b_CCACGGAGTTATGCGT-1,0.48871738114739754,0.0
naiveB_b_CCACGGATCTGCGTAA-1,0.517943586771321,0.0
naiveB_b_CCACGGATCTGTTTGT-1,0.505084282590448,0.0
naiveB_b_CCACGGATCTTCCTTC-1,0.4855982678035879,0.0
naiveB_b_CCACTACAGTGCGTGA-1,0.5103275117235266,1.0
naiveB_b_CCACTACGTCCTCCAT-1,0.4836394715806028,0.0
naiveB_b_CCAGCGAAGGGCTTGA-1,0.508617869165635,1.0
naiveB_b_CCATGTCAGGCTATCT-1,0.5069968667307112,0.0
naiveB_b_CCATGTCAGTGCGATG-1,0.4706338917096366,0.0
naiveB_b_CCATTCGCAGACAAGC-1,0.5124511385816295,0.0
naiveB_b_CCATTCGCATCTACGA-1,0.4817779285956379,0.0
naiveB_b_CCATTCGGTTGGGACA-1,0.4832112551466127,0.0
naiveB_b_CCCAATCCACATTTCT-1,0.499974737169397,0.0
naiveB_b_CCCAATCGTCCAGTGC-1,0.4886067614093455,0.0
naiveB_b_CCCAATCGTGCAGACA-1,0.5081149111669446,0.0
naiveB_b_CCCAGTTGTTAAGTAG-1,0.4972325678820404,0.0
naiveB_b_CCCAGTTTCAATAAGG-1,0.5126757836743757,0.0
naiveB_b_CCCAGTTTCTCCAGGG-1,0.494901385597849,0.0
naiveB_b_CCCATACAGTGTGAAT-1,0.5003442522621621,0.0
naiveB_b_CCCATACCACGCGAAA-1,0.5317510323124446,0.0
naiveB_b_CCCATACGTAAGGATT-1,0.5021677696077265,1.0
naiveB_b_CCCATACTCACCCTCA-1,0.5582458829847813,0.0
naiveB_b_CCCATACTCCTATTCA-1,0.5094144206287418,1.0
naiveB_b_CCCTCCTAGGTGCAAC-1,0.4856781450118599,0.0
naiveB_b_CCCTCCTAGTGTTTGC-1,0.4954484763480723,0.0
naiveB_b_CCCTCCTCACTCAGGC-1,0.49839959713930443,0.0
naiveB_b_CCCTCCTTCCGCGTTT-1,0.49752262989288765,0.0
naiveB_b_CCGGGATCAGTTTACG-1,0.4991890219616798,1.0
naiveB_b_CCGGGATGTATTAGCC-1,0.5063662484204761,1.0
naiveB_b_CCGGGATTCTGCAAGT-1,0.5051188680372424,0.0
naiveB_b_CCGTACTGTCTACCTC-1,0.5012809553445856,0.0
naiveB_b_CCGTACTTCCTACAGA-1,0.5005566447086404,1.0
naiveB_b_CCGTGGACACAACTGT-1,0.5070332770896997,1.0
naiveB_b_CCGTTCAAGAGACTTA-1,0.5016360414711635,0.0
naiveB_b_CCGTTCATCTACCAGA-1,0.5296590602515275,0.0
naiveB_b_CCTAAAGAGCCGCCTA-1,0.5123205985562197,0.0
naiveB_b_CCTAAAGAGGCATTGG-1,0.5062379491393026,0.0
naiveB_b_CCTAAAGCATGCTGGC-1,0.5376316877971705,0.0
naiveB_b_CCTACACAGGAGTCTG-1,0.49497576470358934,0.0
naiveB_b_CCTACACCAAGCGCTC-1,0.5615206052998443,0.0
naiveB_b_CCTACACTCTCCGGTT-1,0.5012108037358901,1.0
naiveB_b_CCTACCACACACTGCG-1,0.5013586228423075,0.0
naiveB_b_CCTACCAGTCTCTTTA-1,0.5142566917625536,1.0
naiveB_b_CCTACCAGTGTGGTTT-1,0.48769657751604223,0.0
naiveB_b_CCTACCAGTTCGTTGA-1,0.50096688564467,1.0
naiveB_b_CCTAGCTCAGATCGGA-1,0.4818388383122451,0.0
naiveB_b_CCTAGCTCATTTCAGG-1,0.4930449832544584,0.0
naiveB_b_CCTAGCTGTACTTCTT-1,0.49445099509075857,0.0
naiveB_b_CCTATTACACGGCTAC-1,0.5711668474850017,1.0
naiveB_b_CCTATTAGTCAGTGGA-1,0.5011615120765538,0.0
naiveB_b_CCTATTATCAGCTTAG-1,0.5131107947565663,1.0
naiveB_b_CCTATTATCGTTGCCT-1,0.47794620040035707,0.0
naiveB_b_CCTCAGTGTACCATCA-1,0.504372857839722,0.0
naiveB_b_CCTCAGTGTCCAACTA-1,0.5001738658343655,1.0
naiveB_b_CCTCTGACAGACGCAA-1,0.5110062741870837,1.0
naiveB_b_CCTCTGAGTAAATGTG-1,0.4844265968485788,0.0
naiveB_b_CCTCTGATCAAGGTAA-1,0.5121585171592761,1.0
naiveB_b_CCTCTGATCATGTCTT-1,0.5213941184481246,0.0
naiveB_b_CCTTACGCAAGCGCTC-1,0.5082520826349531,0.0
naiveB_b_CCTTACGGTGAGTGAC-1,0.5089187339942246,0.0
naiveB_b_CCTTACGGTTCCCTTG-1,0.5065256581481973,1.0
naiveB_b_CCTTCCCAGTTTAGGA-1,0.4700671905153259,0.0
naiveB_b_CCTTCGATCATGCATG-1,0.48231943916071024,0.0
naiveB_b_CCTTTCTCACCTTGTC-1,0.5217835561290035,0.0
naiveB_b_CCTTTCTTCCCTCAGT-1,0.5248703789541798,1.0
naiveB_b_CCTTTCTTCTTTAGGG-1,0.49407329388219173,0.0
naiveB_b_CGAATGTAGATCTGCT-1,0.5049834172911571,0.0
naiveB_b_CGAATGTGTCACTGGC-1,0.5331908363416095,1.0
naiveB_b_CGACCTTTCCACGAAT-1,0.505874920507996,1.0
naiveB_b_CGACTTCGTCAACTGT-1,0.4982144606421128,1.0
naiveB_b_CGAGAAGAGCCAGTTT-1,0.504881798136478,1.0
naiveB_b_CGAGAAGTCAGTGTTG-1,0.49727321661110874,0.0
naiveB_b_CGAGAAGTCCATGCTC-1,0.4801595590945628,0.0
naiveB_b_CGAGCACAGATTACCC-1,0.49392976741917033,0.0
naiveB_b_CGAGCACGTAGATTAG-1,0.502965461004652,1.0
naiveB_b_CGATGGCGTAATCGTC-1,0.46934305895119577,0.0
naiveB_b_CGATGTAAGATGTGTA-1,0.5054638961760176,0.0
naiveB_b_CGATGTAAGGACGAAA-1,0.4905196002773092,0.0
naiveB_b_CGATGTATCAATAAGG-1,0.5086272853763498,1.0
naiveB_b_CGATTGACAACTGCTA-1,0.5049101995156116,1.0
naiveB_b_CGATTGACAAGTAATG-1,0.5038180989461656,0.0
naiveB_b_CGCGGTAAGTAGTGCG-1,0.5044903041880718,1.0
naiveB_b_CGCGGTACAATGAAAC-1,0.5081995240890514,1.0
naiveB_b_CGCGGTAGTCAATACC-1,0.5123400307796973,1.0
naiveB_b_CGCGTTTAGTCCCACG-1,0.5057640853069093,0.0
naiveB_b_CGCGTTTCACGTAAGG-1,0.5003170027431394,0.0
naiveB_b_CGCTATCCAGGCAGTA-1,0.5294746578907118,1.0
naiveB_b_CGCTATCTCAGGTAAA-1,0.5620924341769991,0.0
naiveB_b_CGCTGGAAGCTAGTCT-1,0.5072829607272948,0.0
naiveB_b_CGCTGGATCAATACCG-1,0.5216001395994798,1.0
naiveB_b_CGCTGGATCGTATCAG-1,0.47688924009720834,0.0
naiveB_b_CGCTTCATCATGCAAC-1,0.5646016633204824,0.0
naiveB_b_CGGACGTCAAAGGTGC-1,0.48847457213906403,0.0
naiveB_b_CGGACGTGTCGCATAT-1,0.47256051582461,0.0
naiveB_b_CGGACGTGTTCCACGG-1,0.5016232873967911,0.0
naiveB_b_CGGACGTTCGCGGATC-1,0.5075595253854035,0.0
naiveB_b_CGGACTGGTACTTCTT-1,0.5068080033540328,0.0
naiveB_b_CGGACTGGTCTCAACA-1,0.5266849985254081,0.0
naiveB_b_CGGAGCTTCAATCACG-1,0.47539628733127337,0.0
naiveB_b_CGGAGTCAGAGCTGCA-1,0.5156327412184583,1.0
naiveB_b_CGGAGTCAGCTGCAAG-1,0.5045734051119508,1.0
naiveB_b_CGGAGTCAGGGCTTCC-1,0.5077656804576277,0.0
naiveB_b_CGGCTAGGTCCAGTTA-1,0.5006263665575138,0.0
naiveB_b_CGGGTCAAGTACATGA-1,0.4973630098974994,0.0
naiveB_b_CGGTTAAAGCCAACAG-1,0.5076029259632653,0.0
naiveB_b_CGGTTAACAAAGGCGT-1,0.4988376531189048,0.0
naiveB_b_CGGTTAACAGTCACTA-1,0.49024567391214424,0.0
naiveB_b_CGGTTAACATGAACCT-1,0.5035194468861871,0.0
naiveB_b_CGGTTAATCACAACGT-1,0.47795391260914966,0.0
naiveB_b_CGTAGCGAGGCTAGGT-1,0.5220129871432796,0.0
naiveB_b_CGTAGCGTCTGCCCTA-1,0.5083341644287944,0.0
naiveB_b_CGTAGGCAGGTGACCA-1,0.47797497659930227,0.0
naiveB_b_CGTAGGCCAGGGTATG-1,0.5125273735633761,0.0
naiveB_b_CGTCACTAGCACGCCT-1,0.4917384237708172,0.0
naiveB_b_CGTCACTTCTTGCCGT-1,0.5039697303280131,1.0
naiveB_b_CGTCAGGCACATTTCT-1,0.5226061257364765,1.0
naiveB_b_CGTCCATCACTTGGAT-1,0.5144737274212943,0.0
naiveB_b_CGTCCATGTAAGTTCC-1,0.50617266896162,1.0
naiveB_b_CGTCCATGTCATGCAT-1,0.4925510015793615,0.0
naiveB_b_CGTCCATTCTTGTACT-1,0.5019505750199837,1.0
naiveB_b_CGTCTACAGATGTCGG-1,0.4867396209810878,0.0
naiveB_b_CGTCTACTCTTGTTTG-1,0.5067077858611946,0.0
naiveB_b_CGTGAGCCAGTATGCT-1,0.5148559162592418,0.0
naiveB_b_CGTGAGCTCTGCCAGG-1,0.5054149826500757,1.0
naiveB_b_CGTGTAACAGCATACT-1,0.5032998104199184,1.0
naiveB_b_CGTGTAAGTGCAGTAG-1,0.48783370371519263,0.0
naiveB_b_CGTGTCTAGACAATAC-1,0.48158373412063665,0.0
naiveB_b_CGTTAGACACAGGCCT-1,0.506300151375611,0.0
naiveB_b_CGTTCTGAGGATGGTC-1,0.5067008535314435,0.0
naiveB_b_CGTTCTGCAAGCTGGA-1,0.4953656917515191,0.0
naiveB_b_CGTTCTGTCCAAACTG-1,0.47335024186909636,0.0
naiveB_b_CGTTGGGCAGGTCGTC-1,0.5031644401425733,1.0
naiveB_b_CTAACTTAGGATGCGT-1,0.5002667617474409,0.0
naiveB_b_CTAACTTCAATGGACG-1,0.5165119256995025,0.0
naiveB_b_CTAACTTGTCTAGTCA-1,0.5296107264502492,1.0
naiveB_b_CTAACTTGTGAGGGTT-1,0.47992119065943556,0.0
naiveB_b_CTAACTTGTGGCGAAT-1,0.45687283958113684,0.0
naiveB_b_CTAATGGAGTAACCCT-1,0.5119008866423589,0.0
naiveB_b_CTAATGGAGTCGTACT-1,0.5083487950438862,0.0
naiveB_b_CTAATGGGTTGATTGC-1,0.49207507343096774,0.0
naiveB_b_CTAATGGTCTAACTGG-1,0.5037692056426756,0.0
naiveB_b_CTACATTAGATAGCAT-1,0.5071023010305798,0.0
naiveB_b_CTACATTAGTTACGGG-1,0.5070928879274559,1.0
naiveB_b_CTACATTGTTAAAGAC-1,0.5058365857113242,1.0
naiveB_b_CTACATTGTTTAGCTG-1,0.5030756075571873,0.0
naiveB_b_CTACATTTCACATACG-1,0.5145576519426182,1.0
naiveB_b_CTACATTTCGCTTAGA-1,0.49769183039201076,0.0
naiveB_b_CTACGTCCAAGTTGTC-1,0.5253278658022157,0.0
naiveB_b_CTACGTCCACATTCGA-1,0.5054579709553866,0.0
naiveB_b_CTACGTCCAGATGGCA-1,0.5029553597980871,0.0
naiveB_b_CTACGTCTCGTTGACA-1,0.5600750505030923,0.0
naiveB_b_CTAGAGTAGTATCGAA-1,0.5111277490229017,1.0
naiveB_b_CTAGAGTCATATACGC-1,0.4736635346142095,0.0
naiveB_b_CTAGCCTAGACGACGT-1,0.5177317956372719,0.0
naiveB_b_CTAGCCTGTATAATGG-1,0.5063408519416459,0.0
naiveB_b_CTAGCCTTCCACGAAT-1,0.5102670137383803,1.0
naiveB_b_CTAGTGAAGATGCCTT-1,0.5076465510065213,1.0
naiveB_b_CTAGTGATCGTGACAT-1,0.5041095313522658,1.0
naiveB_b_CTAGTGATCTGCTGTC-1,0.5084789629290875,1.0
naiveB_b_CTCACACCAATCGAAA-1,0.5000194817417009,0.0
naiveB_b_CTCACACCATACCATG-1,0.5093506065300949,1.0
naiveB_b_CTCACACGTCTTGCGG-1,0.5277950267846142,0.0
naiveB_b_CTCACACTCGCCAGCA-1,0.4931936077187273,0.0
naiveB_b_CTCACACTCTGAGGGA-1,0.5027127524966085,0.0
naiveB_b_CTCATTACAACTGCTA-1,0.5057457585527926,0.0
naiveB_b_CTCATTACACGAAATA-1,0.49045053151155454,0.0
naiveB_b_CTCATTACAGGACGTA-1,0.4956290803328494,0.0
naiveB_b_CTCATTAGTGCCTGCA-1,0.5596314439311755,0.0
naiveB_b_CTCATTATCTGAAAGA-1,0.5145499653265783,1.0
naiveB_b_CTCCTAGCAAAGAATC-1,0.5073274700976225,0.0
naiveB_b_CTCCTAGCAAGTCTAC-1,0.5030537094649307,0.0
naiveB_b_CTCCTAGCACCTTGTC-1,0.5062251854099925,1.0
naiveB_b_CTCCTAGCACTCAGGC-1,0.5034646579948518,1.0
naiveB_b_CTCCTAGTCTCAAACG-1,0.487654672500123,0.0
naiveB_b_CTCGAAAAGATCCCGC-1,0.4959233435389827,0.0
naiveB_b_CTCGAAAAGGGTGTGT-1,0.48927357193717064,0.0
naiveB_b_CTCGAAACACTCGACG-1,0.4950598435752169,0.0
naiveB_b_CTCGAAATCAAAGTAG-1,0.5173497149927246,1.0
naiveB_b_CTCGAGGTCAGGCCCA-1,0.569169389436742,0.0
naiveB_b_CTCGGAGAGTCTCCTC-1,0.4965818362319778,0.0
naiveB_b_CTCGGAGAGTTCGATC-1,0.47210353185666526,0.0
naiveB_b_CTCGGAGGTAAATGTG-1,0.48508684199063207,0.0
naiveB_b_CTCGGGACAGCATACT-1,0.5228640956040956,1.0
naiveB_b_CTCGGGATCCGTACAA-1,0.5115278739064728,0.0
naiveB_b_CTCGTACCAGTCGTGC-1,0.5075615412278833,0.0
naiveB_b_CTCGTACGTCCGACGT-1,0.4720907293229736,0.0
naiveB_b_CTCGTACTCTATCCTA-1,0.5133559111379357,1.0
naiveB_b_CTCGTCAAGATGCCAG-1,0.5006734786307361,1.0
naiveB_b_CTCGTCACAGCCAATT-1,0.5039873207607868,0.0
naiveB_b_CTCGTCAGTAGAGCTG-1,0.5048001142513481,1.0
naiveB_b_CTCTAATTCTCAACTT-1,0.48392862047712,0.0
naiveB_b_CTCTAATTCTGTCCGT-1,0.5175053384014562,0.0
naiveB_b_CTCTACGCAATCCGAT-1,0.5147336830515742,0.0
naiveB_b_CTCTACGTCCGCTGTT-1,0.4988510163367188,0.0
naiveB_b_CTCTACGTCCTGCTTG-1,0.471135572320306,0.0
naiveB_b_CTCTGGTAGGAGCGAG-1,0.48646163449164403,0.0
naiveB_b_CTGAAACCAAAGAATC-1,0.49847281330916154,1.0
naiveB_b_CTGAAACGTAACGTTC-1,0.4888198220220586,0.0
naiveB_b_CTGAAACTCCTCGCAT-1,0.5128299033766819,0.0
naiveB_b_CTGAAGTAGCAGCCTC-1,0.5019360351675753,1.0
naiveB_b_CTGAAGTAGTGGGCTA-1,0.504536822847671,1.0
naiveB_b_CTGATAGCACAGACAG-1,0.5074747021063356,1.0
naiveB_b_CTGATAGCAGCCAATT-1,0.5183904453935861,0.0
naiveB_b_CTGATAGTCCGTAGTA-1,0.5101490452719847,1.0
naiveB_b_CTGATAGTCGCCGTGA-1,0.5506676566833685,0.0
naiveB_b_CTGATAGTCTTCATGT-1,0.5060368970754217,1.0
naiveB_b_CTGATCCGTAAGCACG-1,0.4740280639218602,0.0
naiveB_b_CTGATCCTCAGCTGGC-1,0.5194403173600894,0.0
naiveB_b_CTGCCTAGTAAACACA-1,0.4935953674254174,0.0
naiveB_b_CTGCCTATCCGTAGGC-1,0.4892910091089159,0.0
naiveB_b_CTGCCTATCGGAATCT-1,0.4858847017396481,0.0
naiveB_b_CTGCGGAGTAAAGTCA-1,0.4784902012486733,0.0
naiveB_b_CTGCTGTGTGCTGTAT-1,0.5126723631344954,1.0
naiveB_b_CTGCTGTTCACCGTAA-1,0.5085448573304316,1.0
naiveB_b_CTGGTCTCATGCCTTC-1,0.5037952764220944,0.0
naiveB_b_CTGGTCTGTACTCAAC-1,0.4905674385987367,0.0
naiveB_b_CTGGTCTGTGAAGGCT-1,0.5057061002219579,1.0
naiveB_b_CTGGTCTGTGTGGTTT-1,0.4762559293656213,0.0
naiveB_b_CTGTGCTCAGTCACTA-1,0.49991178016338805,1.0
naiveB_b_CTGTGCTGTTGGAGGT-1,0.5160233256508896,0.0
naiveB_b_CTGTTTATCCTTTCGG-1,0.49652297852149746,0.0
naiveB_b_CTTAACTAGGCTCTTA-1,0.4926000420456369,0.0
naiveB_b_CTTAACTCAAGAGGCT-1,0.480450018616618,0.0
naiveB_b_CTTAACTCAGCCACCA-1,0.5023069142635707,1.0
naiveB_b_CTTAACTTCGTCCGTT-1,0.5068455505837582,0.0
naiveB_b_CTTACCGAGCGATATA-1,0.5073443104262289,1.0
naiveB_b_CTTACCGCAATTCCTT-1,0.5043696417271967,0.0
naiveB_b_CTTACCGCACGCTTTC-1,0.4994644881814465,1.0
naiveB_b_CTTACCGCAGCTTCGG-1,0.5166154581025841,0.0
naiveB_b_CTTACCGGTTTGCATG-1,0.5177300953253919,0.0
naiveB_b_CTTACCGTCAGTTAGC-1,0.5084335012323483,0.0
naiveB_b_CTTAGGAAGAAGGCCT-1,0.47067208231201313,0.0
naiveB_b_CTTGGCTAGATTACCC-1,0.514581148565536,0.0
naiveB_b_CTTGGCTAGCTGTTCA-1,0.5103109053629258,1.0
naiveB_b_CTTGGCTCATGCGCAC-1,0.49744467429374506,0.0
naiveB_b_GAAACTCCAATCACAC-1,0.504712153065298,0.0
naiveB_b_GAAATGACACCTCGTT-1,0.5669758352406664,1.0
naiveB_b_GAACATCGTAAGGGCT-1,0.474449016355091,0.0
naiveB_b_GAACCTAGTAGAGGAA-1,0.48199620216503014,0.0
naiveB_b_GAACGGATCATGGTCA-1,0.5049274486342524,1.0
naiveB_b_GAAGCAGAGCGTCTAT-1,0.4840454155603017,0.0
naiveB_b_GAAGCAGCAAACTGCT-1,0.5128940052852741,1.0
naiveB_b_GAATAAGTCAAACCGT-1,0.5069880908961527,1.0
naiveB_b_GAATAAGTCTCTTATG-1,0.5303743432207945,1.0
naiveB_b_GACACGCGTCGAAAGC-1,0.5301593954167994,1.0
naiveB_b_GACAGAGGTGACCAAG-1,0.506360074625347,1.0
naiveB_b_GACCAATCACTGTGTA-1,0.4938272852590277,0.0
naiveB_b_GACCAATTCAACACCA-1,0.5047462543546058,1.0
naiveB_b_GACCTGGCAGCCACCA-1,0.5015196822074421,0.0
naiveB_b_GACCTGGCAGCTGGCT-1,0.49772372238018775,1.0
naiveB_b_GACCTGGGTGTCCTCT-1,0.4996955957331652,1.0
naiveB_b_GACCTGGTCCCAAGAT-1,0.4921786895334706,0.0
naiveB_b_GACGCGTCAAAGGTGC-1,0.5210793704309753,0.0
naiveB_b_GACGCGTTCTTCCTTC-1,0.5067656871641607,1.0
naiveB_b_GACGGCTCACCAGGCT-1,0.5164957209657055,0.0
naiveB_b_GACGGCTCATACGCTA-1,0.47190867343053156,0.0
naiveB_b_GACGGCTTCATAAAGG-1,0.5072310425731279,0.0
naiveB_b_GACGTGCCACGAAGCA-1,0.49439830054351963,0.0
naiveB_b_GACGTGCTCTTAGAGC-1,0.4942359307021729,0.0
naiveB_b_GACGTTAAGACGCAAC-1,0.5053247810860544,0.0
naiveB_b_GACGTTACACAACGCC-1,0.504580411913694,1.0
naiveB_b_GACGTTAGTCTAGTGT-1,0.502141659725639,0.0
naiveB_b_GACTAACCATGCCTAA-1,0.5056892757553405,1.0
naiveB_b_GACTAACGTACAGACG-1,0.4706163870757595,0.0
naiveB_b_GACTAACGTCGAACAG-1,0.5085213464676256,0.0
naiveB_b_GACTAACGTTCGGGCT-1,0.48669225850888254,0.0
naiveB_b_GACTAACGTTGCCTCT-1,0.5027018175518448,0.0
naiveB_b_GACTACAGTCAATACC-1,0.508411557170318,1.0
naiveB_b_GACTGCGAGAAGCCCA-1,0.47080308062407217,0.0
naiveB_b_GACTGCGAGCACGCCT-1,0.5235864258498225,1.0
naiveB_b_GACTGCGCAAGTACCT-1,0.504889704109919,1.0
naiveB_b_GACTGCGGTAGTGAAT-1,0.5265736946478572,1.0
naiveB_b_GAGCAGACAAGTTGTC-1,0.5160794313245906,1.0
naiveB_b_GAGCAGATCACCATAG-1,0.5051469193220746,0.0
naiveB_b_GAGGTGAAGCAATATG-1,0.49849007888046576,1.0
naiveB_b_GAGGTGAAGGACGAAA-1,0.500167660378567,0.0
naiveB_b_GAGGTGACACAGACAG-1,0.5058960710397226,1.0
naiveB_b_GAGTCCGAGATAGCAT-1,0.4937180425610707,0.0
naiveB_b_GAGTCCGCACAAGTAA-1,0.5343229160691679,1.0
naiveB_b_GAGTCCGCAGCCTGTG-1,0.5061385931228553,1.0
naiveB_b_GATCAGTAGCTCTCGG-1,0.5696785594339822,1.0
naiveB_b_GATCAGTAGTTGTCGT-1,0.5149990862786442,1.0
naiveB_b_GATCAGTCAATGAAAC-1,0.5019339472332636,1.0
naiveB_b_GATCAGTGTCTCTCGT-1,0.494351982214061,0.0
naiveB_b_GATCAGTGTTGTGGCC-1,0.4787066127698316,0.0
naiveB_b_GATCGATAGCTAACTC-1,0.5095279352780123,0.0
naiveB_b_GATCGATCACTGCCAG-1,0.50710145516197,0.0
naiveB_b_GATCGCGTCGTCCGTT-1,0.4754319627750358,0.0
naiveB_b_GATCGCGTCTCTAGGA-1,0.49702137607070845,0.0
naiveB_b_GATCGCGTCTTACCGC-1,0.5097800588423583,0.0
naiveB_b_GATCGTAGTTACTGAC-1,0.508436908672962,1.0
naiveB_b_GATCTAGAGGATCGCA-1,0.4984769749114709,0.0
naiveB_b_GATCTAGGTATATCCG-1,0.5090818481190098,1.0
naiveB_b_GATCTAGGTTCACCTC-1,0.4993500011422592,0.0
naiveB_b_GATGAAAAGGTTCCTA-1,0.5052986814213565,0.0
naiveB_b_GATGAAACATACTCTT-1,0.5073384327614495,0.0
naiveB_b_GATGAAAGTCCGACGT-1,0.5274568864484188,1.0
naiveB_b_GATGAAATCCCATTTA-1,0.47466246106346927,0.0
naiveB_b_GATGAAATCGAACGGA-1,0.5085247475414244,1.0
naiveB_b_GATGAGGAGCGTTTAC-1,0.4874178642298961,0.0
naiveB_b_GATGAGGCAATAGAGT-1,0.5520094828173249,0.0
naiveB_b_GATTCAGAGCCCAACC-1,0.5060504298588149,1.0
naiveB_b_GATTCAGAGGATATAC-1,0.5145020185043171,0.0
naiveB_b_GATTCAGTCCTAAGTG-1,0.47025210304155496,0.0
naiveB_b_GCAAACTAGAAGGACA-1,0.5148427223165907,0.0
naiveB_b_GCACATAAGTGAAGTT-1,0.49480085402226587,0.0
naiveB_b_GCACTCTGTAAGGGCT-1,0.5211935945250977,0.0
naiveB_b_GCACTCTGTAGCGTCC-1,0.4728233807610826,0.0
naiveB_b_GCACTCTGTGAACCTT-1,0.5043919830283975,1.0
naiveB_b_GCACTCTTCACATACG-1,0.5089976324181745,0.0
naiveB_b_GCAGCCAGTGTTAAGA-1,0.5123448898637756,0.0
naiveB_b_GCAGTTATCGAATGCT-1,0.4997156561725779,1.0
naiveB_b_GCATACAAGCCTTGAT-1,0.509070464211088,1.0
naiveB_b_GCATACACATCTCGCT-1,0.4895801023867006,0.0
naiveB_b_GCATACATCGACCAGC-1,0.5032888774121621,1.0
naiveB_b_GCATACATCGCGCCAA-1,0.495228048822496,0.0
naiveB_b_GCATGATAGGCCATAG-1,0.47251233103388923,0.0
naiveB_b_GCATGATGTAAATACG-1,0.562194912899487,1.0
naiveB_b_GCATGCGAGCAACGGT-1,0.480979993085146,0.0
naiveB_b_GCATGCGTCGGAGCAA-1,0.4804748591950038,0.0
naiveB_b_GCATGTAGTCTAACGT-1,0.49080631952267334,0.0
naiveB_b_GCATGTATCCCAAGAT-1,0.49882741298075545,0.0
naiveB_b_GCCAAATAGCAAATCA-1,0.48294037346711627,0.0
naiveB_b_GCCAAATCACAAGACG-1,0.525656204595117,0.0
naiveB_b_GCCAAATGTGGACGAT-1,0.4749088876503136,0.0
naiveB_b_GCCTCTACATCCAACA-1,0.5061355380084025,0.0
naiveB_b_GCCTCTAGTCCAAGTT-1,0.5052532873409455,1.0
naiveB_b_GCGACCAAGGACATTA-1,0.497539485146859,0.0
naiveB_b_GCGACCACAATCAGAA-1,0.4974728949647955,0.0
naiveB_b_GCGACCAGTCATGCAT-1,0.4910324981949656,0.0
naiveB_b_GCGACCAGTGGACGAT-1,0.5088814300850655,1.0
naiveB_b_GCGCAACAGGGTATCG-1,0.4871980074822618,0.0
naiveB_b_GCGCAGTCATGCCACG-1,0.4721941019546468,0.0
naiveB_b_GCGCAGTTCCCTTGTG-1,0.508192008337406,0.0
naiveB_b_GCGCCAACATAACCTG-1,0.49388680058017254,0.0
naiveB_b_GCGCCAAGTGCAGACA-1,0.4801191745212851,0.0
naiveB_b_GCGCGATCATTGAGCT-1,0.5038421947410618,0.0
naiveB_b_GCGCGATTCAACGGGA-1,0.49204341950798963,0.0
naiveB_b_GCGGGTTTCGTGGACC-1,0.4929474308637216,0.0
naiveB_b_GCTCCTATCCCGACTT-1,0.5421947624962672,0.0
naiveB_b_GCTCTGTAGCTTATCG-1,0.48977933539353363,0.0
naiveB_b_GCTCTGTCAGGCGATA-1,0.49774057363236274,0.0
naiveB_b_GCTGCAGCAATCGGTT-1,0.47563363379840345,0.0
naiveB_b_GCTGCAGGTGCAGACA-1,0.48443624981598565,0.0
naiveB_b_GCTGCGAAGACAGGCT-1,0.5124655767185309,0.0
naiveB_b_GCTGCGAAGCGCTCCA-1,0.508802760134106,0.0
naiveB_b_GCTGCGACACGGTTTA-1,0.5076250084065684,1.0
naiveB_b_GCTGCGAGTCCCTACT-1,0.4943429065765041,0.0
naiveB_b_GCTGCTTAGATCACGG-1,0.49903260242228714,1.0
naiveB_b_GCTGCTTAGGTGCTTT-1,0.49641458435077296,0.0
naiveB_b_GCTGCTTTCGTAGGAG-1,0.4975810857102013,1.0
naiveB_b_GCTGGGTAGGAATTAC-1,0.4826946193744628,0.0
naiveB_b_GCTGGGTCAGTCTTCC-1,0.47869949892578356,0.0
naiveB_b_GCTTCCAAGGCATTGG-1,0.48002145788588635,0.0
naiveB_b_GCTTCCAAGTGACATA-1,0.5050413803794727,0.0
naiveB_b_GCTTCCAGTAGATTAG-1,0.5026947052926071,1.0
naiveB_b_GCTTCCATCCCAAGTA-1,0.4927639971230372,0.0
naiveB_b_GCTTGAATCAAGAAGT-1,0.5116168141238612,1.0
naiveB_b_GCTTGAATCTGTACGA-1,0.4998424073458768,1.0
naiveB_b_GGAAAGCCAGACGCCT-1,0.5065494405381827,0.0
naiveB_b_GGAAAGCGTCGCTTTC-1,0.4836939334463521,0.0
naiveB_b_GGAACTTAGCAGATCG-1,0.5072897032628694,0.0
naiveB_b_GGAATAAAGCAGCGTA-1,0.5100283162437099,0.0
naiveB_b_GGACAAGTCCAAGTAC-1,0.49069940403200535,0.0
naiveB_b_GGACAAGTCTCCTATA-1,0.4845818425368791,0.0
naiveB_b_GGACAGAAGGCGACAT-1,0.4820038010772935,0.0
naiveB_b_GGACAGACAATGGATA-1,0.49959086561705207,0.0
naiveB_b_GGACATTTCCGCAAGC-1,0.5290280743767825,1.0
naiveB_b_GGACGTCAGAAACCGC-1,0.49803512229176916,0.0
naiveB_b_GGACGTCCAATCCAAC-1,0.49609067789379163,0.0
naiveB_b_GGACGTCCATCGGGTC-1,0.4854117141199948,0.0
naiveB_b_GGACGTCGTGAGGGAG-1,0.49606560846041325,0.0
naiveB_b_GGACGTCTCACTCTTA-1,0.4725808104540491,0.0
naiveB_b_GGAGCAAAGTCTTGCA-1,0.5023168299840549,0.0
naiveB_b_GGAGCAACACATTTCT-1,0.5151014819671635,0.0
naiveB_b_GGAGCAAGTAACGACG-1,0.47572009581845515,0.0
naiveB_b_GGATGTTGTACATCCA-1,0.5138247952650294,0.0
naiveB_b_GGATTACGTCTACCTC-1,0.506785695009649,1.0
naiveB_b_GGATTACTCCATTCTA-1,0.44656599412022147,0.0
naiveB_b_GGCAATTAGTATCTCG-1,0.4941651341208064,0.0
naiveB_b_GGCAATTCACTTAACG-1,0.5661707653145833,0.0
naiveB_b_GGCCGATCACCAGGCT-1,0.49334233248805487,0.0
naiveB_b_GGCCGATCATCCGGGT-1,0.51005024843694,1.0
naiveB_b_GGCGACTTCAACCATG-1,0.5050115533739064,1.0
naiveB_b_GGCGTGTAGACGCAAC-1,0.47503456642317293,0.0
naiveB_b_GGCGTGTAGCCCAATT-1,0.4742394566068088,0.0
naiveB_b_GGCGTGTGTTGTTTGG-1,0.48971120868894263,0.0
naiveB_b_GGCGTGTTCTTACCGC-1,0.5161521170464268,1.0
naiveB_b_GGCTCGACACGGATAG-1,0.50368419072298,1.0
naiveB_b_GGCTCGACATCGGTTA-1,0.4825146027747257,0.0
naiveB_b_GGCTCGAGTCATCCCT-1,0.5054369418917347,1.0
naiveB_b_GGCTCGAGTCTGCCAG-1,0.5064017312090832,0.0
naiveB_b_GGCTGGTAGAACAACT-1,0.4851448585813439,0.0
naiveB_b_GGCTGGTAGTAATCCC-1,0.5038364587028822,0.0
naiveB_b_GGCTGGTCACGAGGTA-1,0.5036465808535969,1.0
naiveB_b_GGCTGGTCATACGCCG-1,0.5107978174465043,1.0
naiveB_b_GGCTGGTTCACTCCTG-1,0.5103823556464278,1.0
naiveB_b_GGGAATGAGGGTTTCT-1,0.4976234523789425,0.0
naiveB_b_GGGAATGTCAACGGCC-1,0.503723597545582,0.0
naiveB_b_GGGAGATGTCACTGGC-1,0.5007465760105041,1.0
naiveB_b_GGGATGAAGATATGCA-1,0.5132339247990811,1.0
naiveB_b_GGGATGAAGCGCTTAT-1,0.4924842027961038,0.0
naiveB_b_GGGATGACAGTGAGTG-1,0.5048839525885602,1.0
naiveB_b_GGGATGAGTCTCTTTA-1,0.5249393505660032,1.0
naiveB_b_GGGATGATCTCCAACC-1,0.5655706218425834,0.0
naiveB_b_GGGCACTCATCGGGTC-1,0.44545881991995745,0.0
naiveB_b_GGGCACTGTCGGCTCA-1,0.48935148126400385,0.0
naiveB_b_GGGCACTGTGTGTGCC-1,0.49611348758814766,0.0
naiveB_b_GGGCACTTCCAATGGT-1,0.4921884099285577,0.0
naiveB_b_GGGCATCCACGGTGTC-1,0.5200313753844416,0.0
naiveB_b_GGGCATCCATGCATGT-1,0.5123462459893645,0.0
naiveB_b_GGGTCTGAGGATATAC-1,0.4937353648895688,0.0
naiveB_b_GGGTCTGAGTCGATAA-1,0.48281727238391575,0.0
naiveB_b_GGGTCTGTCGGCTACG-1,0.47599331790645466,0.0
naiveB_b_GGGTTGCCACCCTATC-1,0.5121706088532771,0.0
naiveB_b_GGGTTGCGTAGGGACT-1,0.5127481449179528,1.0
naiveB_b_GGTATTGGTAAGGGAA-1,0.5123625158392084,0.0
naiveB_b_GGTATTGGTGCGGTAA-1,0.49304737693628964,0.0
naiveB_b_GGTGAAGAGCCAGTTT-1,0.5056888750057179,0.0
naiveB_b_GGTGAAGTCCATGCTC-1,0.5615836452037634,1.0
naiveB_b_GGTGCGTCAAGTAGTA-1,0.532540423123409,0.0
naiveB_b_GGTGCGTGTACAGACG-1,0.476317376294831,0.0
naiveB_b_GGTGTTAGTGAGTATA-1,0.5035962699483454,1.0
naiveB_b_GTAACGTCATGCCTTC-1,0.522789936087605,1.0
naiveB_b_GTAACGTGTGCCTGGT-1,0.5211595576874415,1.0
naiveB_b_GTAACTGGTGACTACT-1,0.5099813534420179,0.0
naiveB_b_GTAACTGGTGATAAGT-1,0.5544462381660976,0.0
naiveB_b_GTAACTGTCAAGGTAA-1,0.49626623166676376,0.0
naiveB_b_GTAACTGTCATCTGCC-1,0.5068899052689954,0.0
naiveB_b_GTACGTACATCACGTA-1,0.5089935187004733,1.0
naiveB_b_GTACTCCGTGTTGAGG-1,0.5450198039700869,0.0
naiveB_b_GTACTCCGTTAAAGTG-1,0.4978223055551431,1.0
naiveB_b_GTACTTTCACAGCCCA-1,0.4961619061649964,0.0
naiveB_b_GTAGGCCAGCAGGTCA-1,0.473346875016346,0.0
naiveB_b_GTAGGCCTCGGTGTTA-1,0.5111285302954474,1.0
naiveB_b_GTAGTCACAAGTCTAC-1,0.49977373671786984,0.0
naiveB_b_GTATCTTAGGAGCGAG-1,0.490178962861454,0.0
naiveB_b_GTATCTTAGGTGATAT-1,0.4755311454415621,0.0
naiveB_b_GTATCTTCAGACGCAA-1,0.48742831919368057,0.0
naiveB_b_GTCACAAGTCTACCTC-1,0.4956706095821234,0.0
naiveB_b_GTCACAAGTTCCGTCT-1,0.505499750747992,0.0
naiveB_b_GTCACGGCACAGCGTC-1,0.4731251926200633,0.0
naiveB_b_GTCATTTGTATGAATG-1,0.5092615869308232,0.0
naiveB_b_GTCATTTTCCTGTACC-1,0.5668919200490655,1.0
naiveB_b_GTCCTCACAGACGCAA-1,0.5047470095097825,1.0
naiveB_b_GTCCTCAGTAAATGTG-1,0.4982283248478622,0.0
naiveB_b_GTCCTCATCCGCGCAA-1,0.4732244187002702,0.0
naiveB_b_GTCGGGTGTTAAAGAC-1,0.48316758680506194,0.0
naiveB_b_GTCGGGTTCACCGGGT-1,0.5097469189078608,1.0
naiveB_b_GTCGTAACAGGATCGA-1,0.4795942531758739,0.0
naiveB_b_GTCGTAAGTACCGGCT-1,0.5017144614883859,0.0
naiveB_b_GTCGTAAGTGTGAATA-1,0.5027944400952502,0.0
naiveB_b_GTCGTAAGTTGGAGGT-1,0.5613722272137666,1.0
naiveB_b_GTCTCGTAGCAACGGT-1,0.508002845495273,1.0
naiveB_b_GTCTCGTCATGTCTCC-1,0.49265684081054334,0.0
naiveB_b_GTCTCGTGTCATGCAT-1,0.5175216602106343,1.0
naiveB_b_GTCTCGTTCCCTCTTT-1,0.47708754274568155,0.0
naiveB_b_GTCTTCGGTGCGCTTG-1,0.48052290823606447,0.0
naiveB_b_GTCTTCGTCCAAGTAC-1,0.47885613884044786,0.0
naiveB_b_GTGAAGGCACTGTTAG-1,0.47253444708634307,0.0
naiveB_b_GTGCAGCCACGGTAGA-1,0.49887097371546935,0.0
naiveB_b_GTGCAGCCATGCCCGA-1,0.47054326956702075,0.0
naiveB_b_GTGCAGCGTCGGATCC-1,0.4694018028608236,0.0
naiveB_b_GTGCGGTCAGCTCGCA-1,0.5071635576473534,1.0
naiveB_b_GTGCTTCCAAAGTCAA-1,0.4944240108278998,0.0
naiveB_b_GTGCTTCTCCTCCTAG-1,0.5123058534053614,0.0
naiveB_b_GTGCTTCTCTCTTGAT-1,0.5079144353813025,0.0
naiveB_b_GTGGGTCAGCAGCCTC-1,0.5000554466931635,1.0
naiveB_b_GTGGGTCCAAATTGCC-1,0.5077879130466177,0.0
naiveB_b_GTGGGTCCATACTCTT-1,0.49721185329860046,0.0
naiveB_b_GTGGGTCGTAGGCTGA-1,0.4734730830438579,0.0
naiveB_b_GTGTTAGCACCAGGTC-1,0.49217519371745305,0.0
naiveB_b_GTTAAGCCAAATTGCC-1,0.5066564941556053,0.0
naiveB_b_GTTAAGCGTGCGCTTG-1,0.48839955068493834,0.0
naiveB_b_GTTACAGTCCGCGCAA-1,0.5091828745833787,1.0
naiveB_b_GTTACAGTCCTCGCAT-1,0.4930625052444662,0.0
naiveB_b_GTTACAGTCTATCCTA-1,0.47288542154997043,0.0
naiveB_b_GTTCATTAGAACAATC-1,0.5072934375618879,1.0
naiveB_b_GTTCATTAGCCCAACC-1,0.4975340546824393,0.0
naiveB_b_GTTCATTGTCATGCAT-1,0.5052998813416264,1.0
naiveB_b_GTTCGGGCATCTACGA-1,0.502642769977406,0.0
naiveB_b_GTTCGGGGTTTACTCT-1,0.5076769970698901,1.0
naiveB_b_GTTCGGGTCGTGGACC-1,0.5333971840970545,0.0
naiveB_b_GTTCTCGAGAAGATTC-1,0.5066370747836866,1.0
naiveB_b_GTTCTCGAGGTGCTAG-1,0.5076231175343736,1.0
naiveB_b_GTTCTCGCAGTAGAGC-1,0.4912511487056577,0.0
naiveB_b_GTTTCTAAGTTGAGTA-1,0.5041644770216083,0.0
naiveB_b_GTTTCTACAACGATGG-1,0.5162791410219564,1.0
naiveB_b_GTTTCTACACACCGAC-1,0.491211537352437,0.0
naiveB_b_GTTTCTACATACTACG-1,0.4865146168132136,0.0
naiveB_b_TAAACCGGTGAAATCA-1,0.4844687672826139,0.0
naiveB_b_TAAGAGAAGAGCTGGT-1,0.4720405687391237,0.0
naiveB_b_TAAGAGAGTCAACATC-1,0.5164247752470709,1.0
naiveB_b_TAAGCGTAGAGAGCTC-1,0.5042934579089441,0.0
naiveB_b_TAAGCGTAGTGATCGG-1,0.47431741605031374,0.0
naiveB_b_TAAGCGTCATTACGAC-1,0.5095861981894252,1.0
naiveB_b_TAAGCGTGTCAGCTAT-1,0.5718187989854556,1.0
naiveB_b_TAAGTGCCAAAGCAAT-1,0.4827704676751957,0.0
naiveB_b_TACACGAGTCAACTGT-1,0.49060858216088216,0.0
naiveB_b_TACAGTGTCTCGGACG-1,0.5124383653548504,0.0
naiveB_b_TACCTATAGTCTCGGC-1,0.5049132883152383,1.0
naiveB_b_TACCTATCATCTATGG-1,0.502300455063734,0.0
naiveB_b_TACCTATCATTCTCAT-1,0.5027963422821664,0.0
naiveB_b_TACCTATCATTGGGCC-1,0.49387074118391167,0.0
naiveB_b_TACCTATGTCAGAAGC-1,0.5067065878589392,1.0
naiveB_b_TACCTATGTCTTGTCC-1,0.5251366834427922,0.0
naiveB_b_TACCTATGTGATAAAC-1,0.49451917013580243,0.0
naiveB_b_TACCTATTCCTAAGTG-1,0.500105875085972,0.0
naiveB_b_TACCTATTCGTACGGC-1,0.4977928832533949,1.0
naiveB_b_TACGGATCAAGCGCTC-1,0.4765642372046789,0.0
naiveB_b_TACGGATGTCCCTACT-1,0.4731962848758585,0.0
naiveB_b_TACGGGCCAGTATCTG-1,0.49507461044868445,0.0
naiveB_b_TACGGGCTCTGATACG-1,0.5154579260753588,0.0
naiveB_b_TACGGTAAGCCAACAG-1,0.5075431650334405,0.0
naiveB_b_TACGGTACACCGAAAG-1,0.4946350351705909,0.0
naiveB_b_TACGGTACAGACAAAT-1,0.5091535760489645,0.0
naiveB_b_TACGGTAGTAGAAGGA-1,0.507584846144474,0.0
naiveB_b_TACGGTAGTTCTGAAC-1,0.5709660157818387,1.0
naiveB_b_TACTCATCAATAAGCA-1,0.5172256576358468,0.0
naiveB_b_TACTCATTCATAACCG-1,0.4969437216731826,0.0
naiveB_b_TACTCGCTCATTTGGG-1,0.4919878386228745,0.0
naiveB_b_TACTTACTCTAACGGT-1,0.49344893894006103,0.0
naiveB_b_TACTTGTCAGGTCCAC-1,0.5069727527938369,1.0
naiveB_b_TAGACCAAGCGTGAAC-1,0.5012821267068738,1.0
naiveB_b_TAGACCAGTTTGACTG-1,0.5214828124879932,1.0
naiveB_b_TAGAGCTAGGCGTACA-1,0.47455425788943106,0.0
naiveB_b_TAGCCGGCAGTCGTGC-1,0.5076109444009149,1.0
naiveB_b_TAGGCATCACTTCTGC-1,0.5040607694751462,1.0
naiveB_b_TAGTGGTCACTGTTAG-1,0.5075078649410493,1.0
naiveB_b_TAGTGGTGTTAAAGTG-1,0.4959308313143374,0.0
naiveB_b_TAGTGGTTCCTCAACC-1,0.47964338073271484,0.0
naiveB_b_TAGTTGGCAGCTCGAC-1,0.5126350815390306,1.0
naiveB_b_TATCAGGAGTAATCCC-1,0.4922922082894782,0.0
naiveB_b_TATCAGGGTAAACGCG-1,0.50516653764438,1.0
naiveB_b_TATCAGGGTTACCAGT-1,0.5172929950064451,1.0
naiveB_b_TATCAGGGTTCACCTC-1,0.5099433387761707,0.0
naiveB_b_TATCAGGTCTATCCTA-1,0.48017290578912436,0.0
naiveB_b_TATCTCAAGGCTAGAC-1,0.4718464064008145,0.0
naiveB_b_TATGCCCGTAGATTAG-1,0.5246464786487416,1.0
naiveB_b_TATGCCCGTCTAGCGC-1,0.48782356777534375,0.0
naiveB_b_TATGCCCGTGCGCTTG-1,0.5208227552641376,1.0
naiveB_b_TATTACCAGTATCTCG-1,0.49474203337489214,0.0
naiveB_b_TATTACCCAATCGAAA-1,0.45764121974155814,0.0
naiveB_b_TCAACGAAGTGCGATG-1,0.48828041466745664,0.0
naiveB_b_TCAACGACAAAGAATC-1,0.493143106608997,0.0
naiveB_b_TCAACGACACTTCTGC-1,0.4983197829174646,0.0
naiveB_b_TCAACGATCAAAGTAG-1,0.5203963491977096,1.0
naiveB_b_TCACAAGAGTTCGCGC-1,0.5115382852192366,1.0
naiveB_b_TCACAAGGTTAGATGA-1,0.4794583003546445,0.0
naiveB_b_TCAGATGCATCACAAC-1,0.49846260898374206,1.0
naiveB_b_TCAGATGGTGCTCTTC-1,0.5053495702782034,1.0
naiveB_b_TCAGATGTCATACGGT-1,0.5040450939780033,0.0
naiveB_b_TCAGCAAGTCACACGC-1,0.49521548408952193,0.0
naiveB_b_TCAGCAATCACGGTTA-1,0.49240106317309906,0.0
naiveB_b_TCAGCTCTCATGCTCC-1,0.5052278280761454,1.0
naiveB_b_TCAGCTCTCGGCATCG-1,0.48057830338523855,0.0
naiveB_b_TCAGCTCTCTTTAGGG-1,0.5101707864603523,1.0
naiveB_b_TCAGGATCACGCGAAA-1,0.5054066618280022,0.0
naiveB_b_TCAGGATGTGACCAAG-1,0.5087692882271257,0.0
naiveB_b_TCAGGATTCCGAAGAG-1,0.5268300690340353,0.0
naiveB_b_TCAGGATTCGGCGCTA-1,0.5065220510994612,1.0
naiveB_b_TCAGGTAAGCAGCGTA-1,0.5326088412643984,1.0
naiveB_b_TCAGGTACAAACTGTC-1,0.5074029899990719,0.0
naiveB_b_TCATTACAGATCCCAT-1,0.4905833112775576,0.0
naiveB_b_TCATTACTCATCTGCC-1,0.5505469238335844,1.0
naiveB_b_TCATTTGTCTGACCTC-1,0.4914832645701532,0.0
naiveB_b_TCCACACTCTCTGTCG-1,0.5077967444156419,0.0
naiveB_b_TCCACACTCTTGCCGT-1,0.49557994919993276,0.0
naiveB_b_TCCCGATGTAATAGCA-1,0.5118532665147373,1.0
naiveB_b_TCCCGATGTACCATCA-1,0.5028339977082518,0.0
naiveB_b_TCGAGGCCAATCGGTT-1,0.49828775960886423,0.0
naiveB_b_TCGAGGCCACAAGTAA-1,0.5036633404256089,0.0
naiveB_b_TCGAGGCGTCTCACCT-1,0.5087714205622453,0.0
naiveB_b_TCGCGAGGTAAGGGCT-1,0.47439663146786376,0.0
naiveB_b_TCGCGAGGTCCGAGTC-1,0.5087463541836893,1.0
naiveB_b_TCGCGAGGTGCTGTAT-1,0.4983149916696299,0.0
naiveB_b_TCGCGAGTCGGCGCTA-1,0.4841645398642621,0.0
naiveB_b_TCGCGTTAGCTGAACG-1,0.5182143155461602,0.0
naiveB_b_TCGCGTTTCAAACGGG-1,0.49153145988902364,0.0
naiveB_b_TCGCGTTTCACTATTC-1,0.4977984040411498,1.0
naiveB_b_TCGCGTTTCGCAAGCC-1,0.5090037424948389,0.0
naiveB_b_TCGCGTTTCTGCTGCT-1,0.5126534678297812,0.0
naiveB_b_TCGGGACCACGAAACG-1,0.4786953845120353,0.0
naiveB_b_TCGGGACCACGTCAGC-1,0.455177585270254,0.0
naiveB_b_TCGGTAAGTGTTAAGA-1,0.49508147050837553,0.0
naiveB_b_TCGGTAAGTTACGCGC-1,0.509592414089439,1.0
naiveB_b_TCGTACCCATCCGTGG-1,0.5097940918233768,1.0
naiveB_b_TCGTACCGTACTTGAC-1,0.511775361976492,1.0
naiveB_b_TCGTACCGTCTTGTCC-1,0.5046042844686409,1.0
naiveB_b_TCGTACCTCATTTGGG-1,0.5051600431628421,0.0
naiveB_b_TCGTAGAGTCATATGC-1,0.5051984312796837,1.0
naiveB_b_TCGTAGAGTCTCTTAT-1,0.5165272429887451,1.0
naiveB_b_TCTATTGAGGGCTTGA-1,0.5065542859001914,0.0
naiveB_b_TCTATTGGTCGGCATC-1,0.5047993580234292,1.0
naiveB_b_TCTCATAAGCGTAGTG-1,0.49781845790735196,1.0
naiveB_b_TCTCATACACCATCCT-1,0.5040003422163949,0.0
naiveB_b_TCTCATACAGGGTTAG-1,0.4741528792337786,0.0
naiveB_b_TCTCATACAGTCAGAG-1,0.5187870959800657,1.0
naiveB_b_TCTCTAAAGCTATGCT-1,0.5007413255997545,1.0
naiveB_b_TCTCTAACAACACCCG-1,0.5164613637175257,0.0
naiveB_b_TCTCTAATCTGGTATG-1,0.4951333978212588,0.0
naiveB_b_TCTGAGAAGCCATCGC-1,0.500994701094766,0.0
naiveB_b_TCTGAGAAGCTGGAAC-1,0.49282721380746136,0.0
naiveB_b_TCTGAGACAATAAGCA-1,0.5058278951757833,0.0
naiveB_b_TCTGAGAGTTCGTCTC-1,0.523423947470431,1.0
naiveB_b_TCTGAGATCCGTTGCT-1,0.4999062609182044,1.0
naiveB_b_TCTGGAAGTGTCTGAT-1,0.5164641353730333,0.0
naiveB_b_TCTGGAAGTTGATTGC-1,0.47666722556020763,0.0
naiveB_b_TCTGGAATCTACTATC-1,0.526772670660454,0.0
naiveB_b_TCTGGAATCTGTCAAG-1,0.5066720514229416,1.0
naiveB_b_TCTTCGGCAAGACACG-1,0.5282738046583305,0.0
naiveB_b_TCTTCGGGTGTGCCTG-1,0.5316317695915133,0.0
naiveB_b_TCTTTCCCATGATCCA-1,0.5109768676094604,0.0
naiveB_b_TCTTTCCGTTCAACCA-1,0.4963877561431307,0.0
naiveB_b_TGACAACCATGACGGA-1,0.5069008622044963,0.0
naiveB_b_TGACAACGTGGCAAAC-1,0.5119920313074698,1.0
naiveB_b_TGACAACGTTCGCGAC-1,0.4895970188206037,0.0
naiveB_b_TGACTAGAGCTGTTCA-1,0.505557973612865,0.0
naiveB_b_TGACTAGCATCACGTA-1,0.48433965428531833,0.0
naiveB_b_TGACTAGGTGTTTGTG-1,0.4824946809203992,0.0
naiveB_b_TGACTAGTCATGCTCC-1,0.46935276751954397,0.0
naiveB_b_TGACTAGTCTACTATC-1,0.47439542136921603,0.0
naiveB_b_TGACTAGTCTCATTCA-1,0.5014597505941126,0.0
naiveB_b_TGACTTTTCAAGATCC-1,0.4979516906473225,1.0
naiveB_b_TGACTTTTCGGTCTAA-1,0.4533928694325138,0.0
naiveB_b_TGAGAGGAGGCTAGGT-1,0.4962240466130191,0.0
naiveB_b_TGAGAGGAGGGCTTGA-1,0.5162001182499377,1.0
naiveB_b_TGAGCATAGAATGTGT-1,0.5113739837328058,1.0
naiveB_b_TGAGCATCAAGAGGCT-1,0.5134896458169228,0.0
naiveB_b_TGAGCATGTCCTCCAT-1,0.4716695743158284,0.0
naiveB_b_TGAGCCGCACACGCTG-1,0.49399584224337123,0.0
naiveB_b_TGAGCCGTCACTCCTG-1,0.5357521885835621,1.0
naiveB_b_TGAGGGACATAGACTC-1,0.5182594135162696,0.0
naiveB_b_TGATTTCTCCCAGGTG-1,0.5054111276828955,1.0
naiveB_b_TGCACCTAGCCATCGC-1,0.4903063949182168,0.0
naiveB_b_TGCACCTAGTAATCCC-1,0.4605837151692194,0.0
naiveB_b_TGCACCTAGTGATCGG-1,0.4861543082827516,0.0
naiveB_b_TGCACCTAGTTTCCTT-1,0.5011230322969148,1.0
naiveB_b_TGCACCTGTCTGATTG-1,0.4955944070366985,0.0
naiveB_b_TGCCAAAGTCAGAAGC-1,0.4808039499319148,0.0
naiveB_b_TGCCCATGTCTCCCTA-1,0.5055361102615864,1.0
naiveB_b_TGCCCATTCATCTGTT-1,0.5119960587783075,0.0
naiveB_b_TGCCCATTCCGCAAGC-1,0.5075014062045918,0.0
naiveB_b_TGCCCATTCCGTCAAA-1,0.5079631549623426,0.0
naiveB_b_TGCCCTATCGCATGGC-1,0.5044550488179372,0.0
naiveB_b_TGCGCAGAGCAGCGTA-1,0.48158996505126594,0.0
naiveB_b_TGCGCAGAGTTAGCGG-1,0.5102844665559199,0.0
naiveB_b_TGCGCAGGTTGAGTTC-1,0.4969536269124214,0.0
naiveB_b_TGCGCAGTCAGCAACT-1,0.5030537491641303,0.0
naiveB_b_TGCGGGTCAGTGGGAT-1,0.47734851710648085,0.0
naiveB_b_TGCGGGTGTCAGCTAT-1,0.4812281236416511,0.0
naiveB_b_TGCGGGTTCCAAGCCG-1,0.5165849597836226,1.0
naiveB_b_TGCGTGGGTTAAAGTG-1,0.5166752901761739,1.0
naiveB_b_TGCTACCAGCAGATCG-1,0.4636160995740463,0.0
naiveB_b_TGCTACCTCACTTATC-1,0.5018507345322167,1.0
naiveB_b_TGCTACCTCTAACGGT-1,0.5725667686358036,1.0
naiveB_b_TGCTGCTCACCTATCC-1,0.4984106198189511,0.0
naiveB_b_TGCTGCTCAGGAACGT-1,0.5160258409982175,1.0
naiveB_b_TGCTGCTGTGTGAAAT-1,0.4794725516035753,0.0
naiveB_b_TGCTGCTTCGCCCTTA-1,0.500339872235138,1.0
naiveB_b_TGGCCAGAGCTGAAAT-1,0.4918595512198642,0.0
naiveB_b_TGGCCAGCAATGGTCT-1,0.4924922442163484,0.0
naiveB_b_TGGCCAGCACCGTTGG-1,0.489962924488894,0.0
naiveB_b_TGGCCAGGTGTGCCTG-1,0.5087034823797294,1.0
naiveB_b_TGGCCAGTCACCCTCA-1,0.44499923573608435,0.0
naiveB_b_TGGCGCAGTTCCGGCA-1,0.5087083128389656,0.0
naiveB_b_TGGCTGGCAAAGGTGC-1,0.4744681605541213,0.0
naiveB_b_TGGCTGGCAGAAGCAC-1,0.4627263286270645,0.0
naiveB_b_TGGCTGGCATATGAGA-1,0.5089631196582619,0.0
naiveB_b_TGGGAAGAGTGCAAGC-1,0.5173738376677951,1.0
naiveB_b_TGGGCGTAGTCACGCC-1,0.513013001058405,1.0
naiveB_b_TGGGCGTCATCTGGTA-1,0.49189855830967183,0.0
naiveB_b_TGGGCGTTCACAACGT-1,0.5143893292988448,0.0
naiveB_b_TGGTTAGAGAAGCCCA-1,0.5064722111908271,0.0
naiveB_b_TGGTTAGAGAGCAATT-1,0.5068648083093739,1.0
naiveB_b_TGGTTAGCATCTCGCT-1,0.5627255104251165,0.0
naiveB_b_TGGTTAGGTCAGAAGC-1,0.5190354907669089,0.0
naiveB_b_TGGTTCCAGGGTTTCT-1,0.4971505885280736,0.0
naiveB_b_TGGTTCCAGTGTTTGC-1,0.5167264675734642,0.0
naiveB_b_TGTATTCAGATCGATA-1,0.5128135918769564,1.0
naiveB_b_TGTATTCAGCATGGCA-1,0.46114082467719614,0.0
naiveB_b_TGTATTCGTCGAGATG-1,0.533451062381595,1.0
naiveB_b_TGTCCCAAGTGATCGG-1,0.48038214573056703,0.0
naiveB_b_TGTCCCATCCATGAAC-1,0.5031610884125061,0.0
naiveB_b_TGTGGTAAGTTTCCTT-1,0.5048585127229568,0.0
naiveB_b_TGTGGTACATATACCG-1,0.4985958610926578,0.0
naiveB_b_TGTGGTAGTCGATTGT-1,0.5120124561327563,0.0
naiveB_b_TGTGGTAGTTCACCTC-1,0.5041017102833742,1.0
naiveB_b_TGTGTTTGTGATAAGT-1,0.5102158936568071,0.0
naiveB_b_TGTGTTTGTGATGTGG-1,0.4930744753935364,0.0
naiveB_b_TGTGTTTTCCGCATCT-1,0.5067833224055002,1.0
naiveB_b_TGTGTTTTCTTGCAAG-1,0.47055488174032717,0.0
naiveB_b_TTAACTCAGCTCAACT-1,0.5009672463530677,0.0
naiveB_b_TTAACTCCACCAGTTA-1,0.4987811361139812,1.0
naiveB_b_TTAACTCGTTTAGGAA-1,0.5085988477259032,0.0
naiveB_b_TTAACTCTCCGCAGTG-1,0.512217214110061,1.0
naiveB_b_TTAGGACAGACAATAC-1,0.527353471865962,0.0
naiveB_b_TTAGGCACATGGTCAT-1,0.5281192765100933,1.0
naiveB_b_TTAGTTCCAACACCTA-1,0.4859811192636683,0.0
naiveB_b_TTAGTTCTCCCGACTT-1,0.44338689717522795,0.0
naiveB_b_TTAGTTCTCCTAAGTG-1,0.5049576169481984,1.0
naiveB_b_TTATGCTCAAGGTTCT-1,0.5051865877095539,1.0
naiveB_b_TTCCCAGAGGATGCGT-1,0.496366329872782,0.0
naiveB_b_TTCCCAGAGTACCGGA-1,0.49086981966995874,0.0
naiveB_b_TTCGAAGCAAGCCCAC-1,0.5172403327027437,1.0
naiveB_b_TTCGAAGCAGGTCGTC-1,0.5088377410346352,1.0
naiveB_b_TTCGAAGGTCCAGTTA-1,0.5005671980646542,0.0
naiveB_b_TTCGAAGGTTCCATGA-1,0.4949217875110911,0.0
naiveB_b_TTCGGTCCATTACGAC-1,0.514939687746175,0.0
naiveB_b_TTCGGTCGTTACAGAA-1,0.528900114754335,1.0
naiveB_b_TTCTACACAATGGAAT-1,0.5570137655285228,0.0
naiveB_b_TTCTCAAAGTGGTAAT-1,0.49842536707511154,1.0
naiveB_b_TTCTCAAGTCGCATCG-1,0.4963949613818944,0.0
naiveB_b_TTCTCAATCCAGAGGA-1,0.4713764716624418,0.0
naiveB_b_TTCTCCTCAGCTGTTA-1,0.5075386886895424,0.0
naiveB_b_TTCTCCTTCACGCATA-1,0.5158010523307146,1.0
naiveB_b_TTCTTAGAGGCCGAAT-1,0.4741594743390176,0.0
naiveB_b_TTCTTAGTCACCACCT-1,0.5108371679029613,1.0
naiveB_b_TTGAACGAGTGAACAT-1,0.4697260724577197,0.0
naiveB_b_TTGCCGTAGGACAGCT-1,0.4784918161903806,0.0
naiveB_b_TTGCCGTAGGTGGGTT-1,0.511729702217339,1.0
naiveB_b_TTGCCGTCATACGCTA-1,0.47950571952651316,0.0
naiveB_b_TTGCCGTGTTGCCTCT-1,0.5051635540661533,1.0
naiveB_b_TTGCGTCTCTTTAGTC-1,0.515226804429254,0.0
naiveB_b_TTGGAACCACGGTAAG-1,0.4972691747789136,0.0
naiveB_b_TTGGCAAAGACGCAAC-1,0.5046632450847792,1.0
naiveB_b_TTGGCAAAGATCTGAA-1,0.5049187264494984,0.0
naiveB_b_TTGGCAACAAAGTGCG-1,0.49549885627080853,0.0
naiveB_b_TTGGCAATCACTTCAT-1,0.5018994194254505,0.0
naiveB_b_TTGGCAATCTCGTATT-1,0.49148802261384333,0.0
naiveB_b_TTGTAGGGTCAGAGGT-1,0.4683924619030339,0.0
naiveB_b_TTGTAGGGTCCGTGAC-1,0.48994915814134715,0.0
naiveB_b_TTGTAGGTCGCATGAT-1,0.44373492412955995,0.0
naiveB_b_TTTACTGGTCCGACGT-1,0.5164857249402047,1.0
naiveB_b_TTTACTGTCTCGTATT-1,0.5001666284335641,0.0
naiveB_b_TTTATGCCAAGTTCTG-1,0.48044854250642116,0.0
naiveB_b_TTTATGCCATCCCATC-1,0.506859681543432,1.0
naiveB_b_TTTATGCGTGGTAACG-1,0.5042103963310917,0.0
naiveB_b_TTTCCTCGTAGGCTGA-1,0.5027871272098832,1.0
naiveB_b_TTTCCTCTCTCGGACG-1,0.5088274713316175,1.0
naiveB_b_TTTCCTCTCTGCGTAA-1,0.478651524029764,0.0
naiveB_b_TTTGCGCCAGATGGGT-1,0.5209454197780428,0.0
naiveB_b_TTTGCGCGTAGTGAAT-1,0.5717857361078384,0.0
naiveB_b_TTTGCGCGTTGTCGCG-1,0.5052321509733062,1.0
memoryB_a_AAAGCAATCCTTCAAT-1,0.5068040257047247,1.0
memoryB_a_ATTATCCAGACAGGCT-1,0.4807057977712077,0.0
memoryB_a_CAACCTCCAAGGACTG-1,0.5236090610526362,1.0
memoryB_a_CCAGCGAAGCCGGTAA-1,0.5297636856884675,1.0
memoryB_a_CGAGCCACAAATACAG-1,0.5062007972893008,1.0
memoryB_a_CGCTATCGTACCGCTG-1,0.48267498197219233,0.0
memoryB_a_CGTTCTGTCTGGTTCC-1,0.5634619874440423,1.0
memoryB_a_CTAATGGAGTTCGCGC-1,0.5276301548669442,1.0
memoryB_a_CTAGAGTGTAATCACC-1,0.49572955048004286,0.0
memoryB_a_CTCGGAGAGATATGGT-1,0.5438024906247455,1.0
memoryB_a_GACGTTATCCACGTGG-1,0.529005490424947,1.0
memoryB_a_GAGGTGACACATCCAA-1,0.5252247777461532,1.0
memoryB_a_GATTCAGCATCGTCGG-1,0.5734712627210135,1.0
memoryB_a_GCAGCCATCCAAAGTC-1,0.5350423164602552,1.0
memoryB_a_GCGCAGTTCTTGCATT-1,0.47321775582839104,0.0
memoryB_a_GGGACCTCACTTCTGC-1,0.5606638632381564,1.0
memoryB_a_GTATCTTCATTATCTC-1,0.4955896685862374,0.0
memoryB_a_GTATTCTTCGTTGCCT-1,0.502619468054596,1.0
memoryB_a_TCACGAAAGTGGAGAA-1,0.5024118041715514,1.0
memoryB_a_TCGGGACCATTTGCTT-1,0.5075625182613397,1.0
memoryB_a_TCTATTGTCTGTGCAA-1,0.5237144649069768,1.0
memoryB_a_TGGCCAGTCCTGTACC-1,0.4698146373796049,0.0
memoryB_a_TTGACTTAGTGTCTCA-1,0.520186534090457,1.0
memoryB_a_TTTGCGCTCTCTAAGG-1,0.5250470617462448,1.0
memoryB_b_AACTCAGAGCGATTCT-1,0.5268459858649021,1.0
memoryB_b_AAGACCTCAACGATGG-1,0.5040380529201923,1.0
memoryB_b_ACGATACAGGGTTCCC-1,0.5084508674208662,1.0
memoryB_b_ACGCCGACAGCATACT-1,0.5534411278763246,1.0
memoryB_b_AGAGTGGTCCACGTGG-1,0.5235693924044611,1.0
memoryB_b_CACACTCAGGACATTA-1,0.5207488543217468,1.0
memoryB_b_CACAGTATCCAGAGGA-1,0.569198991283201,1.0
memoryB_b_CACCAGGTCGCGGATC-1,0.562123822937827,1.0
memoryB_b_CATGGCGTCCGTCAAA-1,0.5254725221663294,1.0
memoryB_b_CCATGTCTCTGAGTGT-1,0.5170820382271538,1.0
memoryB_b_CCCATACAGGAGTCTG-1,0.48120332326843684,0.0
memoryB_b_CTAAGACAGACAAAGG-1,0.5514348540034331,1.0
memoryB_b_CTAGTGAAGTTTGCGT-1,0.5010892748653184,1.0
memoryB_b_GACAGAGCAAAGCAAT-1,0.476583990166787,0.0
memoryB_b_GCATGATCACCCATTC-1,0.4959012267844555,0.0
memoryB_b_GCATGTACATCATCCC-1,0.5402016955716061,1.0
memoryB_b_GTAGGCCAGCCTCGTG-1,0.49521493086267426,0.0
memoryB_b_GTTACAGAGGGTCTCC-1,0.5049471835767424,1.0
memoryB_b_TCACGAATCGGCATCG-1,0.5089010499877704,1.0
memoryB_b_TCAGCAATCCGCAGTG-1,0.5667341218516294,1.0
memoryB_b_TCAGCTCAGCGTGTCC-1,0.5610933563304089,1.0
memoryB_b_TCATTTGAGTCACGCC-1,0.49935624490502833,1.0
memoryB_b_TCATTTGTCAGTTGAC-1,0.5056142822798675,1.0
memoryB_b_TCGAGGCGTTACGGAG-1,0.541904251714064,1.0
memoryB_b_TGGCGCAAGCAGATCG-1,0.48049191946964853,0.0
