,Milo,Milo
,Milo,Milo
,p_hat,p_label
barcodes,,
naiveB_a_AAACCTGCACGGTAGA-1,0.3896989196625647,1.0
naiveB_a_AAACCTGCAGATGGGT-1,0.12475224244249998,1.0
naiveB_a_AAAGATGCATTTCAGG-1,-0.1389011342565747,0.0
naiveB_a_AAAGCAAAGCCAACAG-1,0.030170196165252048,0.0
naiveB_a_AAAGCAAAGTGCCATT-1,-0.019240159196276176,0.0
naiveB_a_AAATGCCAGCAATCTC-1,-0.23017612590877992,0.0
naiveB_a_AAATGCCAGCTAGTGG-1,0.5767724261774076,1.0
naiveB_a_AAATGCCAGGTCATCT-1,0.1038675239233731,0.0
naiveB_a_AACACGTCAATGGACG-1,-0.004209729848536533,0.0
naiveB_a_AACACGTTCAGCTCTC-1,-0.05107404921721604,0.0
naiveB_a_AACACGTTCGGATGGA-1,0.2051344686532738,1.0
naiveB_a_AACACGTTCTCTGAGA-1,,
naiveB_a_AACCATGCAATCGGTT-1,0.11854329234387977,1.0
naiveB_a_AACCATGGTACCGTTA-1,0.5753498898841493,0.0
naiveB_a_AACCATGTCAGTGTTG-1,0.03568183929036145,1.0
naiveB_a_AACCGCGAGTGTCTCA-1,-0.002718757345569159,0.0
naiveB_a_AACCGCGCACGGACAA-1,,
naiveB_a_AACCGCGGTGGCGAAT-1,-0.7559169696577404,0.0
naiveB_a_AACGTTGTCAAAGACA-1,0.0909399446404651,0.0
naiveB_a_AACGTTGTCATCGCTC-1,0.4581770525487848,1.0
naiveB_a_AACTCAGAGGACGAAA-1,-0.095781926621448,0.0
naiveB_a_AACTCCCAGTGGGTTG-1,0.6151606612340563,1.0
naiveB_a_AACTCCCCACATCTTT-1,0.050511001967562044,1.0
naiveB_a_AACTCCCTCTCCAACC-1,-0.14172699108817213,0.0
naiveB_a_AACTCTTAGGAATCGC-1,0.13567072486905526,0.0
naiveB_a_AACTCTTTCTCGATGA-1,0.1292905194155139,1.0
naiveB_a_AACTGGTCAAATACAG-1,,
naiveB_a_AACTTTCAGGGTTTCT-1,,
naiveB_a_AAGACCTCATGCAATC-1,-0.04833353424895389,0.0
naiveB_a_AAGACCTGTTTCGCTC-1,-0.17239124289389307,0.0
naiveB_a_AAGGTTCAGTAACCCT-1,-0.04567004206267564,0.0
naiveB_a_AAGGTTCAGTAGGCCA-1,-0.07799987677636919,0.0
naiveB_a_AAGGTTCCAATCACAC-1,,
naiveB_a_AAGTCTGAGGACAGAA-1,0.7575026497045309,1.0
naiveB_a_AATCCAGTCCCAGGTG-1,0.04295588733388764,1.0
naiveB_a_AATCCAGTCGCCTGTT-1,0.16808077496873042,0.0
naiveB_a_AATCCAGTCGGACAAG-1,-0.004805307420530397,0.0
naiveB_a_AATCGGTGTCAAAGCG-1,0.2641465421516095,1.0
naiveB_a_AATCGGTGTCTCGTTC-1,-0.40560467583904664,0.0
naiveB_a_AATCGGTGTTGATTGC-1,-0.3441491490891224,0.0
naiveB_a_ACACCAAAGAGTCGGT-1,-0.06798544793150016,0.0
naiveB_a_ACACCCTAGGATGTAT-1,0.2167345263560679,0.0
naiveB_a_ACACCGGAGCGTGAGT-1,0.05200026257361935,1.0
naiveB_a_ACACCGGCATTGAGCT-1,-0.16852866788912735,0.0
naiveB_a_ACACCGGGTACCCAAT-1,0.13286609957661008,0.0
naiveB_a_ACACCGGTCAAACGGG-1,,
naiveB_a_ACACCGGTCTACCTGC-1,-0.10664509841015092,0.0
naiveB_a_ACACTGAAGACTAGAT-1,0.010305141742010582,0.0
naiveB_a_ACACTGACAAAGCAAT-1,0.171550222847281,0.0
naiveB_a_ACACTGACAACGATCT-1,0.346389190922639,0.0
naiveB_a_ACACTGACAGGGCATA-1,-0.39858815326535413,0.0
naiveB_a_ACACTGAGTACTTAGC-1,0.18075458704756014,1.0
naiveB_a_ACAGCCGAGACAGAGA-1,-0.07865690035615538,0.0
naiveB_a_ACAGCCGCAATGCCAT-1,0.000813631840899276,0.0
naiveB_a_ACAGCTAAGATGGCGT-1,-0.23995198830108908,0.0
naiveB_a_ACAGCTAAGTGTACTC-1,,
naiveB_a_ACAGCTACATACTACG-1,0.06931926612709292,1.0
naiveB_a_ACAGCTATCGCGTTTC-1,0.3390230946444907,1.0
naiveB_a_ACATACGAGATGGGTC-1,0.12249599112181511,1.0
naiveB_a_ACATACGCAACCGCCA-1,0.4225793144866808,0.0
naiveB_a_ACATACGCAGTACACT-1,-0.6270397419551029,0.0
naiveB_a_ACATCAGGTGGCCCTA-1,-0.002006539304207544,0.0
naiveB_a_ACATCAGGTTAGTGGG-1,-0.5276221733637462,0.0
naiveB_a_ACATCAGTCCAAAGTC-1,-0.027000094041735374,0.0
naiveB_a_ACATCAGTCGGCCGAT-1,-0.29833654746887706,0.0
naiveB_a_ACATGGTCAGGTCTCG-1,0.23346493043989627,0.0
naiveB_a_ACCCACTAGGCAATTA-1,,
naiveB_a_ACCCACTAGTCCCACG-1,-0.16136975703384035,0.0
naiveB_a_ACCGTAAAGGGTATCG-1,-0.22306040784763867,0.0
naiveB_a_ACCTTTACAACTTGAC-1,0.14721941544671963,0.0
naiveB_a_ACGAGCCAGGAGTTGC-1,0.11338486046204531,0.0
naiveB_a_ACGAGCCAGTAACCCT-1,0.1670778364429348,1.0
naiveB_a_ACGAGCCGTGAGCGAT-1,0.030170196165252048,1.0
naiveB_a_ACGAGGACATTCCTGC-1,0.11922748579338291,1.0
naiveB_a_ACGAGGAGTCCCGACA-1,-0.0561460115523623,0.0
naiveB_a_ACGAGGAGTGAGGGTT-1,,
naiveB_a_ACGAGGATCATATCGG-1,-0.03603428208462538,0.0
naiveB_a_ACGATACAGACTTGAA-1,-0.030037928140790215,0.0
naiveB_a_ACGATACAGCTCCTCT-1,-0.1538866966623089,0.0
naiveB_a_ACGATGTAGGGTGTTG-1,-0.282777198038543,0.0
naiveB_a_ACGATGTCAATGGATA-1,-0.20938949681992503,0.0
naiveB_a_ACGCAGCAGCAACGGT-1,0.16179184301277236,1.0
naiveB_a_ACGCAGCAGGAGTCTG-1,-0.02679439157098948,0.0
naiveB_a_ACGCAGCTCGGCGGTT-1,-0.04958899107663445,0.0
naiveB_a_ACGCCAGAGAAACCTA-1,-0.046149926310837044,0.0
naiveB_a_ACGCCAGAGTGCAAGC-1,-0.18007497951760315,0.0
naiveB_a_ACGGAGAAGCTCCTCT-1,-0.0792303643182179,0.0
naiveB_a_ACGGAGAAGTGGGTTG-1,-0.09102040016321998,0.0
naiveB_a_ACGGAGACATCTCGCT-1,0.029074657210491257,0.0
naiveB_a_ACGGCCACAGCTATTG-1,-0.16581626870888735,0.0
naiveB_a_ACGGCCATCGCGTAGC-1,-0.23299533825249832,0.0
naiveB_a_ACGGCCATCTGTTTGT-1,-0.1524909673826422,0.0
naiveB_a_ACGGGCTCACAAGCCC-1,0.1306748313813882,0.0
naiveB_a_ACGGGTCCAGGTGCCT-1,0.8136854166138602,0.0
naiveB_a_ACGGGTCCATTCCTCG-1,0.005398050090081152,0.0
naiveB_a_ACGTCAAAGGCTAGAC-1,0.24546398846386186,0.0
naiveB_a_ACGTCAACAGTGGGAT-1,-0.48784343843817224,0.0
naiveB_a_ACTGAACAGCAACGGT-1,-0.018577244807555487,0.0
naiveB_a_ACTGAACCACTCGACG-1,0.13314257883026484,1.0
naiveB_a_ACTGAGTAGGCTACGA-1,-0.1400083756039176,0.0
naiveB_a_ACTGAGTCAACTGCTA-1,-0.2424658715502896,0.0
naiveB_a_ACTGTCCGTCATACTG-1,-0.2675093531752511,0.0
naiveB_a_ACTGTCCGTGACGCCT-1,,
naiveB_a_ACTGTCCTCAAGGTAA-1,-0.08135690708849684,0.0
naiveB_a_ACTTACTCACCAGGCT-1,0.15951141774059585,0.0
naiveB_a_ACTTACTGTAGCGATG-1,-0.1007760192740229,0.0
naiveB_a_ACTTACTTCCTGCAGG-1,,
naiveB_a_ACTTTCATCACTTCAT-1,-0.3787523106570689,0.0
naiveB_a_AGAATAGCAGGACGTA-1,0.1804466509483844,1.0
naiveB_a_AGAATAGGTACTCTCC-1,-0.2315799819098466,0.0
naiveB_a_AGAATAGGTGTGAATA-1,-0.04725791537852917,0.0
naiveB_a_AGAATAGGTTGTGGCC-1,-0.049527870054281414,0.0
naiveB_a_AGAATAGTCACTTCAT-1,-0.056070329666298394,0.0
naiveB_a_AGAATAGTCTGCCCTA-1,0.22668383728791444,1.0
naiveB_a_AGACGTTTCAGCGACC-1,-0.023322152485848756,0.0
naiveB_a_AGAGCGAAGGATGTAT-1,-0.745021078198098,0.0
naiveB_a_AGAGCGACAGTGAGTG-1,0.06086611471301141,1.0
naiveB_a_AGAGCTTAGTGTGGCA-1,,
naiveB_a_AGAGTGGAGAGGACGG-1,0.07359351657466626,1.0
naiveB_a_AGAGTGGAGCCAGTAG-1,-0.2675093531752511,0.0
naiveB_a_AGAGTGGCATACAGCT-1,0.2897606711430087,0.0
naiveB_a_AGAGTGGTCAACGCTA-1,-0.07664878406455343,0.0
naiveB_a_AGATCTGAGAGTCGGT-1,-0.04658160117799899,0.0
naiveB_a_AGATCTGAGCTAAACA-1,0.08972324111177914,1.0
naiveB_a_AGATCTGAGGCACATG-1,-0.27137657162508955,0.0
naiveB_a_AGATCTGCAAACTGCT-1,-0.13570380408024432,0.0
naiveB_a_AGATCTGGTCTAGAGG-1,,
naiveB_a_AGCATACCAGGAATCG-1,-0.0398306781812073,0.0
naiveB_a_AGCCTAACATTCACTT-1,-0.07041070618124808,0.0
naiveB_a_AGCCTAAGTTGAACTC-1,0.1332223141449724,0.0
naiveB_a_AGCCTAATCCGTAGGC-1,-0.041582094985383365,0.0
naiveB_a_AGCGGTCAGGTGCTTT-1,0.28278595464775047,0.0
naiveB_a_AGCGGTCTCAGAGACG-1,0.2885227796190922,1.0
naiveB_a_AGCGGTCTCTCCAACC-1,0.028287862649843305,1.0
naiveB_a_AGCGTATAGACCCACC-1,0.1141474288252815,0.0
naiveB_a_AGCGTATTCAACCATG-1,-0.16617800059193474,0.0
naiveB_a_AGCGTCGAGCTGAACG-1,0.18358902795396617,1.0
naiveB_a_AGCGTCGCACCACGTG-1,0.25012490508722585,1.0
naiveB_a_AGCTCCTAGTGCCAGA-1,0.06419600712811804,0.0
naiveB_a_AGCTCCTGTGATGTCT-1,0.15951141774059585,1.0
naiveB_a_AGCTCCTTCGCGTTTC-1,0.010305141742010582,0.0
naiveB_a_AGCTTGAAGAAGGCCT-1,,
naiveB_a_AGCTTGAAGAGGTAGA-1,-0.09294817246986165,0.0
naiveB_a_AGCTTGAAGTCCGGTC-1,0.04318069297012444,1.0
naiveB_a_AGCTTGAGTTGTACAC-1,0.057537468044747374,1.0
naiveB_a_AGGCCACCAAAGAATC-1,-0.07817602493018991,0.0
naiveB_a_AGGCCACTCATGTGGT-1,0.03988190611745273,1.0
naiveB_a_AGGCCACTCCGTTGCT-1,0.17018143500530936,1.0
naiveB_a_AGGCCGTAGTTGTAGA-1,0.6303568785220165,0.0
naiveB_a_AGGGAGTAGACCTTTG-1,,
naiveB_a_AGGGAGTCATATGGTC-1,0.599802526792337,1.0
naiveB_a_AGGGATGAGACGCAAC-1,-0.2139097483559326,0.0
naiveB_a_AGGGATGGTTGCGTTA-1,-0.11795313483608863,0.0
naiveB_a_AGGGTGACATCACGTA-1,0.13509415828658905,1.0
naiveB_a_AGGTCATTCCTGCTTG-1,-0.035302911554385426,0.0
naiveB_a_AGGTCCGCAGGACCCT-1,-0.16866892421446633,0.0
naiveB_a_AGGTCCGGTCCGTCAG-1,0.02090631334173843,0.0
naiveB_a_AGGTCCGGTTCGCTAA-1,0.21146747607798652,1.0
naiveB_a_AGTCTTTGTGGTTTCA-1,-0.17269784923940348,0.0
naiveB_a_AGTCTTTTCCTTGCCA-1,-0.1052993950639584,0.0
naiveB_a_AGTGGGACACTATCTT-1,-0.10631625551397555,0.0
naiveB_a_AGTGGGACATATACGC-1,-0.45366281278545484,0.0
naiveB_a_AGTGGGAGTAAGAGGA-1,0.04596966801280262,1.0
naiveB_a_AGTGGGATCAGTACGT-1,0.21305125524865162,1.0
naiveB_a_AGTGTCAAGCTAGCCC-1,-0.05664965135381021,0.0
naiveB_a_AGTGTCATCACGCGGT-1,-0.15440612985787908,0.0
naiveB_a_ATAACGCCAAAGGCGT-1,-0.27323727775111484,0.0
naiveB_a_ATAACGCTCCTATTCA-1,-0.015130969886432925,0.0
naiveB_a_ATAAGAGCAACTGGCC-1,-0.2456459593959016,0.0
naiveB_a_ATAAGAGGTAGCCTCG-1,-0.2315799819098466,0.0
naiveB_a_ATAAGAGGTTATGCGT-1,-0.4234686849104802,0.0
naiveB_a_ATAGACCCAGGAACGT-1,-0.6270397419551029,0.0
naiveB_a_ATAGACCGTTGCGTTA-1,0.1024576467792534,1.0
naiveB_a_ATCACGATCCTGCCAT-1,0.1868191479854382,0.0
naiveB_a_ATCATGGAGTATTGGA-1,-0.045396354526292454,0.0
naiveB_a_ATCATGGAGTCTCCTC-1,0.15963795914610507,1.0
naiveB_a_ATCATGGGTTTGCATG-1,-0.26964510905538497,0.0
naiveB_a_ATCCACCGTTCCACTC-1,,
naiveB_a_ATCCGAAGTTAAGATG-1,-0.5985754004341451,0.0
naiveB_a_ATCTACTTCCTCCTAG-1,,
naiveB_a_ATCTGCCGTGGTTTCA-1,0.15785616030227675,0.0
naiveB_a_ATGAGGGAGTACGTTC-1,-0.3796010776367964,0.0
naiveB_a_ATGCGATGTTCCCGAG-1,-0.12911165116662723,0.0
naiveB_a_ATTACTCAGATCTGCT-1,-0.023995476977940217,0.0
naiveB_a_ATTATCCAGCTAGCCC-1,-0.20557127106106093,0.0
naiveB_a_ATTATCCAGGTCATCT-1,-0.09025817329313245,0.0
naiveB_a_ATTCTACAGTTCGATC-1,-0.43317809150768527,0.0
naiveB_a_ATTCTACGTCAGGACA-1,0.010305141742010582,0.0
naiveB_a_ATTCTACGTGCAGTAG-1,-0.44463632160364386,0.0
naiveB_a_ATTGGACAGTGGTAAT-1,-0.433779133096245,0.0
naiveB_a_ATTGGACTCACATGCA-1,0.1838505565410228,0.0
naiveB_a_ATTGGACTCCTATGTT-1,-0.20759682801952778,0.0
naiveB_a_CAACCAAAGACTAGAT-1,,
naiveB_a_CAACCAACAAATTGCC-1,,
naiveB_a_CAAGAAAAGATGTAAC-1,,
naiveB_a_CAAGAAACAGATGGGT-1,0.17898410447892543,0.0
naiveB_a_CAAGATCAGTGGAGAA-1,0.8136854166138602,1.0
naiveB_a_CAAGGCCCAGTCCTTC-1,0.06622164181810186,1.0
naiveB_a_CAAGGCCCATCCCACT-1,-0.05755506302712817,0.0
naiveB_a_CAAGGCCGTAGTGAAT-1,-0.09487729131836288,0.0
naiveB_a_CAAGGCCGTCTGATCA-1,-0.08483802666005631,0.0
naiveB_a_CAAGTTGCACTGCCAG-1,0.05857239397445248,1.0
naiveB_a_CACAAACAGACGACGT-1,0.15340308235209055,0.0
naiveB_a_CACAAACGTAGCGTCC-1,0.00795588422686578,0.0
naiveB_a_CACAAACGTGGCAAAC-1,-0.011167985505605582,0.0
naiveB_a_CACACAAAGGAACTGC-1,-0.1110799380087344,0.0
naiveB_a_CACACAACATATACGC-1,-0.20753518070034846,0.0
naiveB_a_CACACTCCACCTCGTT-1,0.018283554206609553,0.0
naiveB_a_CACACTCGTAACGCGA-1,,
naiveB_a_CACACTCTCGGAGGTA-1,-0.2773731810845878,0.0
naiveB_a_CACACTCTCGTATCAG-1,0.0569105630473343,0.0
naiveB_a_CACAGGCAGATCGGGT-1,-0.24971982720104757,0.0
naiveB_a_CACAGTAAGGAATCGC-1,0.11084980293947307,0.0
naiveB_a_CACAGTAAGGACACCA-1,0.32154939205203786,0.0
naiveB_a_CACAGTACACATAACC-1,-0.059824721650760415,0.0
naiveB_a_CACAGTAGTTGCCTCT-1,0.07219022392708146,1.0
naiveB_a_CACATAGGTTCCGGCA-1,-0.17429185172285955,0.0
naiveB_a_CACATAGTCGCGATCG-1,,
naiveB_a_CACATTTAGCGTAGTG-1,-0.5276221733637462,0.0
naiveB_a_CACATTTCACATTTCT-1,0.171550222847281,1.0
naiveB_a_CACCACTCACACGCTG-1,-0.10507220871983176,0.0
naiveB_a_CACCACTCATTCTTAC-1,0.3841445310437839,1.0
naiveB_a_CACCACTGTTCATGGT-1,-0.04324228435294959,0.0
naiveB_a_CACCAGGGTTAAGTAG-1,-0.16040947719245713,0.0
naiveB_a_CACCTTGGTGCTGTAT-1,-0.012732983710636848,0.0
naiveB_a_CACCTTGTCTCCGGTT-1,0.18358902795396617,0.0
naiveB_a_CACTCCAAGAAGGTGA-1,-0.3887094336226926,0.0
naiveB_a_CACTCCATCACTCCTG-1,0.14440096857805487,0.0
naiveB_a_CAGAATCTCTATCGCC-1,0.24148109144295143,1.0
naiveB_a_CAGATCATCCGTTGCT-1,0.4375549344766038,1.0
naiveB_a_CAGCAGCAGAATGTTG-1,0.06210298026367949,1.0
naiveB_a_CAGCAGCAGAGGTAGA-1,-0.5231868465025729,0.0
naiveB_a_CAGCAGCCATTCACTT-1,0.15951141774059585,1.0
naiveB_a_CAGCCGAGTAGTACCT-1,-0.2794785478012254,0.0
naiveB_a_CAGCGACCACCGGAAA-1,0.011927516613559239,0.0
naiveB_a_CAGCGACCAGATCTGT-1,0.3372662151705746,1.0
naiveB_a_CAGCGACCAGCCTTTC-1,-0.211800372531547,0.0
naiveB_a_CAGCGACGTACGCTGC-1,-0.19769602138325715,0.0
naiveB_a_CAGCGACGTTATCCGA-1,-0.08874697356465511,0.0
naiveB_a_CAGCTAAAGACGCACA-1,,
naiveB_a_CAGCTAATCATCTGCC-1,0.008006192614599741,0.0
naiveB_a_CAGCTGGAGGAGTTGC-1,-0.433779133096245,0.0
naiveB_a_CAGCTGGGTGGCAAAC-1,0.2008848860254618,0.0
naiveB_a_CAGCTGGTCGCGTAGC-1,-0.07204341967575373,0.0
naiveB_a_CAGGTGCAGGGTCGAT-1,-0.11173633587958064,0.0
naiveB_a_CAGGTGCAGTGAAGTT-1,0.12007016117749347,1.0
naiveB_a_CAGGTGCCAGTAACGG-1,-0.4542424927604071,0.0
naiveB_a_CAGTAACGTACCATCA-1,,
naiveB_a_CAGTAACTCTGCAAGT-1,,
naiveB_a_CAGTCCTTCCAAACTG-1,-0.5276221733637462,0.0
naiveB_a_CAGTCCTTCCTAGAAC-1,0.0569105630473343,1.0
naiveB_a_CATATGGGTTGAGGTG-1,-0.03592784881058267,0.0
naiveB_a_CATATTCTCGGTTAAC-1,0.15032453399817475,1.0
naiveB_a_CATCAAGCAAGTTAAG-1,-0.03334828095769103,0.0
naiveB_a_CATCAAGTCCCACTTG-1,-0.20517157836241598,0.0
naiveB_a_CATCCACAGCAGGCTA-1,0.28933577867557353,1.0
naiveB_a_CATCCACGTAGGGTAC-1,0.021748799023189602,0.0
naiveB_a_CATCGGGAGTCGAGTG-1,0.5537307369400786,1.0
naiveB_a_CATCGGGTCAAGATCC-1,-0.06902423446462154,0.0
naiveB_a_CATGACACACATCCGG-1,-0.12647437603950745,0.0
naiveB_a_CATGACAGTGCAGACA-1,0.24448355765525587,0.0
naiveB_a_CATGACATCCCTCTTT-1,0.09673578411171338,1.0
naiveB_a_CATGCCTCACGAAGCA-1,-0.05831357512816831,0.0
naiveB_a_CATGCCTTCGCCCTTA-1,-0.04833353424895389,0.0
naiveB_a_CATGGCGGTGAGTATA-1,0.004877257807575513,0.0
naiveB_a_CATTCGCCAATAGCGG-1,-0.12465586683008288,0.0
naiveB_a_CATTCGCGTCTCACCT-1,-0.00682347513313188,0.0
naiveB_a_CATTCGCTCACTTATC-1,-0.26102001721803314,0.0
naiveB_a_CCAATCCAGGCTCATT-1,-0.4933972456026486,0.0
naiveB_a_CCAATCCCAAGCCCAC-1,0.004877257807575513,0.0
naiveB_a_CCAATCCCATTGCGGC-1,0.026538342294928102,1.0
naiveB_a_CCAATCCGTCCGTTAA-1,-0.16610946109600802,0.0
naiveB_a_CCAATCCTCGCATGAT-1,-0.051844051596940256,0.0
naiveB_a_CCACCTAAGGAGTCTG-1,-0.31331322512111326,0.0
naiveB_a_CCACCTAAGTGTCCCG-1,-0.4542424927604071,0.0
naiveB_a_CCACGGAAGTTCGCGC-1,-0.1581833837024081,0.0
naiveB_a_CCACTACCAGCGATCC-1,-0.39534809983891195,0.0
naiveB_a_CCACTACGTACAAGTA-1,-0.08219645578731144,0.0
naiveB_a_CCACTACGTCAAACTC-1,,
naiveB_a_CCAGCGAAGTGGGCTA-1,-0.09102040016321998,0.0
naiveB_a_CCAGCGAGTACCGGCT-1,0.06830196723863108,0.0
naiveB_a_CCATGTCAGACGCACA-1,-0.23985312110773452,0.0
naiveB_a_CCATTCGCACGGCTAC-1,0.13341780431261369,0.0
naiveB_a_CCCAATCCATAACCTG-1,0.5508972529759615,1.0
naiveB_a_CCCAATCCATTGCGGC-1,-0.1007760192740229,0.0
naiveB_a_CCCAATCTCTCCCTGA-1,0.13953683064918926,0.0
naiveB_a_CCCAATCTCTCGCATC-1,,
naiveB_a_CCCAATCTCTCGTATT-1,-0.1389011342565747,0.0
naiveB_a_CCCAGTTCAGATCTGT-1,-0.1340434611872567,0.0
naiveB_a_CCCAGTTCATTCCTGC-1,-0.5276221733637462,0.0
naiveB_a_CCCATACAGGGAACGG-1,-0.15109945423265833,0.0
naiveB_a_CCCATACCACTGTTAG-1,-0.0012152135171874707,0.0
naiveB_a_CCCATACCAGCCAATT-1,0.07690136346198646,1.0
naiveB_a_CCCATACGTCGCCATG-1,0.09237419635386757,1.0
naiveB_a_CCCTCCTGTCCATCCT-1,,
naiveB_a_CCGGGATAGCTCCCAG-1,-0.4672500951568049,0.0
naiveB_a_CCGGGATCATCAGTAC-1,-0.24182836772464805,0.0
naiveB_a_CCGGGATCATCTATGG-1,0.1038675239233731,1.0
naiveB_a_CCGGTAGTCCCTGACT-1,-0.13388495852242138,0.0
naiveB_a_CCGTACTCAAGTCTAC-1,-0.09974148439362858,0.0
naiveB_a_CCGTACTGTGAAATCA-1,-0.15196954737165777,0.0
naiveB_a_CCGTACTTCTTATCTG-1,0.05803331153887156,1.0
naiveB_a_CCGTGGATCGGTGTCG-1,-0.01267398499194559,0.0
naiveB_a_CCTAAAGAGGGAGTAA-1,0.2511964545622272,1.0
naiveB_a_CCTAAAGCATTCACTT-1,-0.32278024695542457,0.0
naiveB_a_CCTACCATCGGCCGAT-1,-0.2141387514048153,0.0
naiveB_a_CCTAGCTAGGCTCAGA-1,-0.5276221733637462,0.0
naiveB_a_CCTAGCTTCAGCAACT-1,-0.44080816818690033,0.0
naiveB_a_CCTCAGTAGATGTGTA-1,,
naiveB_a_CCTCAGTGTCATCGGC-1,0.028247340982475944,1.0
naiveB_a_CCTTACGTCTGCTGCT-1,0.17760647475436633,0.0
naiveB_a_CCTTCCCCATGACATC-1,-0.015437126100837879,0.0
naiveB_a_CCTTCGAAGTTAGCGG-1,0.24763052944816305,1.0
naiveB_a_CCTTTCTTCTGACCTC-1,0.346389190922639,0.0
naiveB_a_CGAACATCACATGACT-1,-0.19177206707741806,0.0
naiveB_a_CGAACATGTCTGCGGT-1,-0.07855240143941711,0.0
naiveB_a_CGAATGTCACCAGGTC-1,0.2828279220030846,1.0
naiveB_a_CGACCTTGTAGGGACT-1,0.3366969915500375,1.0
naiveB_a_CGAGAAGAGCCAGTTT-1,0.18358902795396617,1.0
naiveB_a_CGAGAAGAGTTTCCTT-1,-0.03958595401614678,0.0
naiveB_a_CGAGAAGGTGAGGCTA-1,0.13420503624461785,1.0
naiveB_a_CGAGCACAGAGAACAG-1,-0.11112157253220988,0.0
naiveB_a_CGAGCACCATCCCATC-1,0.1572292035423119,1.0
naiveB_a_CGATCGGGTCAACTGT-1,0.10247960591241285,1.0
naiveB_a_CGATCGGTCGCTAGCG-1,0.19948156791945418,0.0
naiveB_a_CGATGGCAGCTAGTCT-1,-0.2814663738141789,0.0
naiveB_a_CGATGGCCAGTTCATG-1,-0.45613106144782695,0.0
naiveB_a_CGATGGCGTACAGCAG-1,0.07762076895865745,0.0
naiveB_a_CGATTGAAGATGGGTC-1,-0.3661414090303089,0.0
naiveB_a_CGATTGAGTAGGACAC-1,-0.06640401621072041,0.0
naiveB_a_CGCCAAGTCCATGAGT-1,-0.18908990576422807,0.0
naiveB_a_CGCGGTACACAAGACG-1,0.12787501110174024,1.0
naiveB_a_CGCGGTATCGGTTCGG-1,-0.7029766620608472,0.0
naiveB_a_CGCGGTATCGTTTATC-1,0.06169298792898662,1.0
naiveB_a_CGCGTTTAGACGACGT-1,-0.2985993513653284,0.0
naiveB_a_CGCGTTTAGCTAACAA-1,-0.03168585312809082,0.0
naiveB_a_CGCTATCCAAGCCGTC-1,0.5088745813661941,1.0
naiveB_a_CGCTATCCATATACGC-1,0.28278595464775047,0.0
naiveB_a_CGCTATCTCAGTACGT-1,0.054228635258971425,1.0
naiveB_a_CGCTTCACATGCCTTC-1,-0.15738363427689014,0.0
naiveB_a_CGCTTCATCTCGCTTG-1,0.21685647457738377,1.0
naiveB_a_CGGACACTCGGATGGA-1,-0.007807750742925584,0.0
naiveB_a_CGGACACTCTACTTAC-1,0.037188309634634556,0.0
naiveB_a_CGGACGTAGGCCGAAT-1,-0.013221399401828293,0.0
naiveB_a_CGGACGTGTAGCGATG-1,-0.047156047432183275,0.0
naiveB_a_CGGACGTGTGAAATCA-1,0.10601247738286289,0.0
naiveB_a_CGGACGTGTTACGTCA-1,-0.04698509347670401,0.0
naiveB_a_CGGACGTTCTACTTAC-1,0.13302987502031008,1.0
naiveB_a_CGGACTGAGTGACATA-1,-0.009389129415235578,0.0
naiveB_a_CGGAGCTCAAACTGTC-1,,
naiveB_a_CGGAGCTGTAGAGTGC-1,-0.2315799819098466,0.0
naiveB_a_CGGAGCTGTCCTGCTT-1,,
naiveB_a_CGGAGTCCAAGCCTAT-1,-0.32659604099848044,0.0
naiveB_a_CGGCTAGCATTATCTC-1,-0.5231868465025729,0.0
naiveB_a_CGGCTAGGTTATGTGC-1,-0.2949290485647751,0.0
naiveB_a_CGGCTAGTCCATTCTA-1,0.21725621417809327,0.0
naiveB_a_CGGCTAGTCCTCGCAT-1,,
naiveB_a_CGGGTCAAGCTACCTA-1,0.08270940876400172,1.0
naiveB_a_CGGGTCACAGACAGGT-1,-0.2798512046357963,0.0
naiveB_a_CGGGTCAGTCATGCCG-1,-0.09303356725685064,0.0
naiveB_a_CGGTTAACATTGCGGC-1,,
naiveB_a_CGTAGCGCATTGTGCA-1,-0.04698509347670401,0.0
naiveB_a_CGTAGCGTCGAATGGG-1,-0.07013220847194322,0.0
naiveB_a_CGTAGGCAGGTGCACA-1,0.2723205901592746,1.0
naiveB_a_CGTCACTCAGATCGGA-1,-0.20805255663402433,0.0
naiveB_a_CGTCAGGAGTACGCCC-1,0.19830541984912514,1.0
naiveB_a_CGTCAGGCACCTCGTT-1,0.38920448152313464,1.0
naiveB_a_CGTCAGGCACTTCGAA-1,-0.2123034330922201,0.0
naiveB_a_CGTCAGGGTTCATGGT-1,,
naiveB_a_CGTCCATGTGAGCGAT-1,0.12423406075870595,0.0
naiveB_a_CGTCCATGTGTAATGA-1,-0.04702806876602309,0.0
naiveB_a_CGTCTACGTCACCCAG-1,0.16393975120433443,1.0
naiveB_a_CGTGAGCAGAACAATC-1,0.1043933281587145,1.0
naiveB_a_CGTGAGCAGGTGCAAC-1,0.11042593319612061,0.0
naiveB_a_CGTGAGCGTCATGCAT-1,-0.035302911554385426,0.0
naiveB_a_CGTGAGCGTGTGCCTG-1,0.02088979658045069,0.0
naiveB_a_CGTGTAATCGGTCTAA-1,-0.2621781449100252,0.0
naiveB_a_CGTTCTGCAGACGCTC-1,-0.030436038308978914,0.0
naiveB_a_CGTTGGGCAGCATACT-1,,
naiveB_a_CGTTGGGCAGTCTTCC-1,-0.25788723991036244,0.0
naiveB_a_CGTTGGGGTCACACGC-1,-0.11942129393263111,0.0
naiveB_a_CGTTGGGTCAGCATGT-1,-0.1007760192740229,0.0
naiveB_a_CGTTGGGTCCTATTCA-1,0.09231719171496056,0.0
naiveB_a_CTAACTTGTCGCGGTT-1,-0.28420260213444654,0.0
naiveB_a_CTAACTTTCACTTACT-1,-0.07799987677636919,0.0
naiveB_a_CTAACTTTCTCAAGTG-1,,
naiveB_a_CTAATGGTCATATCGG-1,-0.1799708036183843,0.0
naiveB_a_CTACACCAGCTAACAA-1,-0.015130969886432925,0.0
naiveB_a_CTACACCCACGCATCG-1,-0.37738341420620974,0.0
naiveB_a_CTACACCTCGTCACGG-1,0.1038675239233731,0.0
naiveB_a_CTACATTAGCTAAGAT-1,0.06715695761470157,0.0
naiveB_a_CTACATTAGTGGGATC-1,0.030170196165252048,0.0
naiveB_a_CTACATTAGTTTCCTT-1,,
naiveB_a_CTACATTCATGTCCTC-1,-0.3417239145984016,0.0
naiveB_a_CTACGTCCATTCTCAT-1,-0.02716157735684753,0.0
naiveB_a_CTAGAGTCAGATGAGC-1,,
naiveB_a_CTAGCCTAGCCAACAG-1,0.10883009279495601,1.0
naiveB_a_CTAGCCTGTGTGTGCC-1,-0.0959296509575846,0.0
naiveB_a_CTAGTGAAGCCGGTAA-1,-0.24412395811467694,0.0
naiveB_a_CTAGTGATCAAACAAG-1,-0.18361367412920895,0.0
naiveB_a_CTCACACAGACTAGGC-1,0.06210298026367949,1.0
naiveB_a_CTCACACCAAGCCCAC-1,-0.07019917394268016,0.0
naiveB_a_CTCACACTCTTCGGTC-1,-0.022910476928508366,0.0
naiveB_a_CTCCTAGTCAGAGACG-1,-0.1606283315125882,0.0
naiveB_a_CTCGAAAAGACCTAGG-1,-0.23585808468986236,0.0
naiveB_a_CTCGAAAGTAGGACAC-1,-0.5985754004341451,0.0
naiveB_a_CTCGAAATCCGCGGTA-1,-0.1127136676018355,0.0
naiveB_a_CTCGAAATCCTAGGGC-1,-0.04698509347670401,0.0
naiveB_a_CTCGGAGAGCTAACTC-1,0.5332669641046821,1.0
naiveB_a_CTCGGAGTCTTACCGC-1,0.02945487615321461,1.0
naiveB_a_CTCGGAGTCTTGCCGT-1,0.4858676346236887,1.0
naiveB_a_CTCGGGAAGCGTCAAG-1,0.03171472751200483,1.0
naiveB_a_CTCGGGAGTTAGATGA-1,0.18358902795396617,0.0
naiveB_a_CTCGTACTCCTTCAAT-1,0.1858323848467095,1.0
naiveB_a_CTCGTCATCGCTGATA-1,-0.33326165381016043,0.0
naiveB_a_CTCTAATAGATGAGAG-1,-0.09419964446986108,0.0
naiveB_a_CTCTACGGTACAGTTC-1,0.18358902795396617,1.0
naiveB_a_CTCTGGTAGAGGTACC-1,-0.10916929049781202,0.0
naiveB_a_CTGAAACCACAGTCGC-1,-0.015130969886432925,0.0
naiveB_a_CTGAAGTCAAGCGCTC-1,0.10626675766606139,1.0
naiveB_a_CTGAAGTCACATGACT-1,-0.11093991001602437,0.0
naiveB_a_CTGAAGTTCTAACTTC-1,0.18813012413319483,0.0
naiveB_a_CTGATAGAGACTGGGT-1,,
naiveB_a_CTGATAGAGCGATGAC-1,0.055146015444249415,0.0
naiveB_a_CTGATAGCACACCGCA-1,0.06821649026089145,1.0
naiveB_a_CTGATCCAGAAACGCC-1,0.16512606676144068,0.0
naiveB_a_CTGATCCCATCTGGTA-1,0.0991757870278327,1.0
naiveB_a_CTGATCCCATGCCTTC-1,-0.04700414436261456,0.0
naiveB_a_CTGATCCTCGGAATCT-1,-0.03000010425386461,0.0
naiveB_a_CTGCGGAAGAGCCCAA-1,-0.019931142359257262,0.0
naiveB_a_CTGCGGAGTCAAAGCG-1,-0.26107401281029563,0.0
naiveB_a_CTGCGGAGTTAGAACA-1,-0.193371161284554,0.0
naiveB_a_CTGGTCTCAACTTGAC-1,0.02090631334173843,0.0
naiveB_a_CTGTGCTTCGGCTACG-1,-0.09625395579878851,0.0
naiveB_a_CTTAACTCAGGTCCAC-1,0.04208662844683018,0.0
naiveB_a_CTTAACTTCGGGAGTA-1,-0.007615430764174924,0.0
naiveB_a_CTTACCGCATGGGACA-1,0.29369949173230203,1.0
naiveB_a_CTTCTCTTCACTCCTG-1,-0.0028195755767369234,0.0
naiveB_a_CTTGGCTTCCAAGTAC-1,-0.16006189907613744,0.0
naiveB_a_GAAACTCGTAGGAGTC-1,-0.2315799819098466,0.0
naiveB_a_GAAATGATCAAACCAC-1,0.24249674296193646,1.0
naiveB_a_GAAATGATCACCTCGT-1,0.1693411170451945,0.0
naiveB_a_GAACCTACACATTCGA-1,-0.45186194995038836,0.0
naiveB_a_GAACCTAGTTATGCGT-1,-0.1093927431746136,0.0
naiveB_a_GAACGGACAACGCACC-1,-0.3477710650437921,0.0
naiveB_a_GAACGGACAGCCACCA-1,-0.1389011342565747,0.0
naiveB_a_GAACGGATCAGAGACG-1,0.06455710759202506,0.0
naiveB_a_GAACGGATCCGAAGAG-1,0.11041325930846928,1.0
naiveB_a_GAAGCAGTCTGCGACG-1,-0.09102040016321998,0.0
naiveB_a_GAATAAGAGATACACA-1,0.12612910780525466,0.0
naiveB_a_GACACGCGTAAATGTG-1,0.1933267392855618,0.0
naiveB_a_GACAGAGGTCTAGAGG-1,0.04140650433997164,0.0
naiveB_a_GACAGAGGTGTGAAAT-1,-0.42199972476856423,0.0
naiveB_a_GACCAATCACACATGT-1,-0.04725791537852917,0.0
naiveB_a_GACCAATGTCGGCACT-1,0.04995528419147116,1.0
naiveB_a_GACGCGTGTTTGTGTG-1,-0.26823621008523285,0.0
naiveB_a_GACGCGTTCGCCTGTT-1,-0.05094200169432436,0.0
naiveB_a_GACGGCTAGAATTCCC-1,-0.8127034997375567,0.0
naiveB_a_GACGTGCAGGGTGTGT-1,-0.13941894864418788,0.0
naiveB_a_GACGTGCGTAACGTTC-1,-0.6636618021086013,0.0
naiveB_a_GACGTGCGTATCTGCA-1,-0.17325248791172734,0.0
naiveB_a_GACGTTAAGGACCACA-1,-0.46980077321414626,0.0
naiveB_a_GACGTTACAGAGTGTG-1,-0.2315799819098466,0.0
naiveB_a_GACGTTAGTCGAACAG-1,-0.36384713234197746,0.0
naiveB_a_GACTAACAGCTGATAA-1,-0.3392287417190466,0.0
naiveB_a_GACTAACAGCTTCGCG-1,0.4995781606451367,1.0
naiveB_a_GACTACAAGAGCTATA-1,-0.262090176013952,0.0
naiveB_a_GACTACAGTTGATTCG-1,,
naiveB_a_GACTACATCCAATGGT-1,0.13846645060736623,1.0
naiveB_a_GACTGCGGTATTACCG-1,0.3604827727900941,0.0
naiveB_a_GAGGTGATCGAGAACG-1,-0.3219354014961441,0.0
naiveB_a_GATCAGTCAATAGAGT-1,-0.18405537781157516,0.0
naiveB_a_GATCAGTGTAAGGGAA-1,-0.3288600685627026,0.0
naiveB_a_GATCAGTGTCTTCAAG-1,0.14310802818395618,1.0
naiveB_a_GATCGCGCAACGCACC-1,-0.0020015338187044708,0.0
naiveB_a_GATCGCGCACAGCGTC-1,-0.17788506748445532,0.0
naiveB_a_GATCGCGTCGCTTGTC-1,-0.02733662134982967,0.0
naiveB_a_GATCGTAAGATATGGT-1,,
naiveB_a_GATGAAATCACCAGGC-1,,
naiveB_a_GATGAGGGTTTGACAC-1,0.15668726286887902,0.0
naiveB_a_GATGCTAAGTACGTTC-1,0.04090194870975093,0.0
naiveB_a_GATGCTAAGTCATCCA-1,-0.3691064812369765,0.0
naiveB_a_GATGCTAGTGTATGGG-1,0.15264387473014351,0.0
naiveB_a_GATTCAGAGGCTCAGA-1,-0.08996689213654206,0.0
naiveB_a_GCAAACTAGTCGTACT-1,0.031986019583392374,0.0
naiveB_a_GCAATCAAGATGTCGG-1,0.06871955082156456,1.0
naiveB_a_GCAATCAGTGCAACGA-1,-0.12232387303517174,0.0
naiveB_a_GCACTCTCAAGGACTG-1,0.030170196165252048,0.0
naiveB_a_GCACTCTCAGCAGTTT-1,-0.3456424221558657,0.0
naiveB_a_GCAGCCAAGAAGATTC-1,-0.07023697136271373,0.0
naiveB_a_GCAGCCAGTTGTGGCC-1,-0.07799987677636919,0.0
naiveB_a_GCAGTTAAGGATGGAA-1,0.05279457558879849,0.0
naiveB_a_GCAGTTAAGGCTAGGT-1,0.3185672440140276,1.0
naiveB_a_GCAGTTAGTCATACTG-1,0.02090631334173843,0.0
naiveB_a_GCATACAGTCAAGCGA-1,0.35430813600387695,1.0
naiveB_a_GCATGATAGCTGTTCA-1,-0.39472396575332425,0.0
naiveB_a_GCATGATCAGATGGCA-1,-0.003642449783782975,0.0
naiveB_a_GCATGTACAATCGAAA-1,0.11874794047955889,0.0
naiveB_a_GCATGTAGTGTATGGG-1,0.40394879948268936,0.0
naiveB_a_GCATGTATCTTACCGC-1,,
naiveB_a_GCCAAATTCGTTTGCC-1,-0.15416765645505814,0.0
naiveB_a_GCCTCTACATGTTCCC-1,0.028516546059779987,1.0
naiveB_a_GCCTCTAGTTTAGCTG-1,-0.19502090846055187,0.0
naiveB_a_GCCTCTATCAGCCTAA-1,-0.04833353424895389,0.0
naiveB_a_GCGACCAGTGGACGAT-1,-0.5985754004341451,0.0
naiveB_a_GCGACCAGTTTGTGTG-1,0.12783146798748682,1.0
naiveB_a_GCGAGAAAGGCATTGG-1,-0.17631431705922615,0.0
naiveB_a_GCGAGAACAGGTCGTC-1,0.11437748612344714,1.0
naiveB_a_GCGCAGTTCATGCTCC-1,-0.7559169696577404,0.0
naiveB_a_GCGCCAAAGACTGGGT-1,-0.15716653791804963,0.0
naiveB_a_GCGCCAAGTCTCAACA-1,-0.43557520841798886,0.0
naiveB_a_GCGCGATAGAGGTTGC-1,-0.15213742009112277,0.0
naiveB_a_GCGCGATAGCCAGGAT-1,-0.3527185056531836,0.0
naiveB_a_GCGCGATGTCAACATC-1,-0.09410992556159553,0.0
naiveB_a_GCGGGTTGTATGAAAC-1,-0.44743878195134307,0.0
naiveB_a_GCGGGTTGTCACCCAG-1,-0.018439689963646595,0.0
naiveB_a_GCGGGTTGTGTGACCC-1,0.030170196165252048,1.0
naiveB_a_GCGGGTTTCGAGGTAG-1,-0.04702806876602309,0.0
naiveB_a_GCTCCTAGTTGTTTGG-1,0.002782958150284803,0.0
naiveB_a_GCTCTGTCAGACAGGT-1,0.1360955812536507,1.0
naiveB_a_GCTGCAGAGCTTATCG-1,0.14098552415507792,0.0
naiveB_a_GCTGCAGAGTTGTCGT-1,0.31754024910320794,1.0
naiveB_a_GCTGCGATCTACTTAC-1,-0.5231868465025729,0.0
naiveB_a_GCTGCTTAGGGCTTCC-1,0.07658437361666892,0.0
naiveB_a_GCTGGGTTCCAGGGCT-1,-0.2708324186934054,0.0
naiveB_a_GCTTGAAAGCTGATAA-1,0.0435789142427566,1.0
naiveB_a_GCTTGAATCGGTGTTA-1,-0.06491109837764775,0.0
naiveB_a_GGAAAGCCAGTGAGTG-1,0.2132777535258438,0.0
naiveB_a_GGAACTTTCCGAGCCA-1,-0.39534809983891195,0.0
naiveB_a_GGACAAGCAAGGCTCC-1,0.7923384607111083,1.0
naiveB_a_GGACAAGTCTAACTGG-1,0.18057408049636942,1.0
naiveB_a_GGACAGAAGGAGCGTT-1,0.2162454724153296,0.0
naiveB_a_GGACAGACAGTCACTA-1,,
naiveB_a_GGACAGAGTAGCGTCC-1,0.28683849499003283,1.0
naiveB_a_GGACAGATCGTCACGG-1,-0.2674805860816989,0.0
naiveB_a_GGACAGATCTAACTTC-1,0.4229107490206256,0.0
naiveB_a_GGACATTCACAGACAG-1,-0.23854323100116498,0.0
naiveB_a_GGACATTCACATTAGC-1,-0.6679451731200647,0.0
naiveB_a_GGACGTCAGTAGTGCG-1,0.1038675239233731,0.0
naiveB_a_GGACGTCTCAAACAAG-1,0.42706425993159575,0.0
naiveB_a_GGAGCAAGTACTTAGC-1,0.03332841599257885,0.0
naiveB_a_GGAGCAAGTAGTACCT-1,-0.16130019103653329,0.0
naiveB_a_GGATGTTCAATCGGTT-1,-0.3127023864823727,0.0
naiveB_a_GGCAATTAGCATCATC-1,-0.021098762129937373,0.0
naiveB_a_GGCCGATGTACACCGC-1,-0.03630249043912581,0.0
naiveB_a_GGCGACTAGTTGCAGG-1,0.3208830402513755,1.0
naiveB_a_GGCGACTCAACGCACC-1,0.43286088407424755,1.0
naiveB_a_GGCGTGTAGCGCCTTG-1,-0.3274964649281388,0.0
naiveB_a_GGCGTGTCAGGAATCG-1,0.2261808759598728,0.0
naiveB_a_GGCTCGACAAGTCATC-1,-0.15141172458739033,0.0
naiveB_a_GGCTCGACAGGTCTCG-1,-0.019646006375598997,0.0
naiveB_a_GGCTCGATCATACGGT-1,-0.35690142794628404,0.0
naiveB_a_GGCTGGTAGAGTGACC-1,-0.4898876946344562,0.0
naiveB_a_GGCTGGTGTACAGTTC-1,0.08836685630606426,0.0
naiveB_a_GGGAATGTCAGTACGT-1,0.14876606364344663,0.0
naiveB_a_GGGAATGTCTATCCCG-1,-0.15802848655558696,0.0
naiveB_a_GGGAATGTCTCGTATT-1,0.13567072486905526,0.0
naiveB_a_GGGACCTGTGTTGAGG-1,0.09073159391647885,1.0
naiveB_a_GGGACCTGTTGAGGTG-1,-0.2581759765044158,0.0
naiveB_a_GGGAGATGTAGCGTGA-1,,
naiveB_a_GGGATGAAGGACAGAA-1,0.15951141774059585,1.0
naiveB_a_GGGATGAAGGGATGGG-1,0.10479809268145723,0.0
naiveB_a_GGGATGACAGGACGTA-1,0.18976007609631473,0.0
naiveB_a_GGGATGATCAATAAGG-1,0.19160935966746626,1.0
naiveB_a_GGGCACTCACGACGAA-1,-1.2323087621390894e-05,0.0
naiveB_a_GGGCACTTCTTGTTTG-1,,
naiveB_a_GGGCATCAGGCACATG-1,-0.04178022147072861,0.0
naiveB_a_GGGTCTGCAGTGGGAT-1,0.08647431749121522,1.0
naiveB_a_GGGTCTGGTACAAGTA-1,0.09368323994709835,0.0
naiveB_a_GGGTCTGGTGACGCCT-1,0.3525597900824953,1.0
naiveB_a_GGGTCTGGTGTGGTTT-1,-0.41209667013011764,0.0
naiveB_a_GGGTTGCGTCCGTTAA-1,0.1449474458137113,0.0
naiveB_a_GGTATTGTCTCCGGTT-1,0.36183629064153744,0.0
naiveB_a_GGTATTGTCTTCAACT-1,-0.2315799819098466,0.0
naiveB_a_GGTGAAGCACCTCGTT-1,-0.028592391428662517,0.0
naiveB_a_GGTGAAGTCCATGAAC-1,0.15668726286887902,0.0
naiveB_a_GGTGCGTGTTCAGGCC-1,-0.011720218119526015,0.0
naiveB_a_GGTGCGTTCCGGCACA-1,0.13266687540392993,0.0
naiveB_a_GGTGCGTTCGAATGGG-1,-0.21423633593070734,0.0
naiveB_a_GGTGTTAGTCGGGTCT-1,-0.37745081875225694,0.0
naiveB_a_GGTGTTAGTGGCTCCA-1,-0.19810656547931066,0.0
naiveB_a_GGTGTTAGTTGAGTTC-1,-0.3028110250700577,0.0
naiveB_a_GTAACGTCAAGGCTCC-1,,
naiveB_a_GTAACGTGTCACTTCC-1,0.05695096795163967,0.0
naiveB_a_GTAACTGCAATGAAAC-1,,
naiveB_a_GTACGTATCGCCGTGA-1,-0.22746155815427746,0.0
naiveB_a_GTACTCCAGCTGAAAT-1,0.09328968939624249,1.0
naiveB_a_GTACTCCCAAGCCGCT-1,-0.24607785393502743,0.0
naiveB_a_GTACTCCCACAGGAGT-1,-0.2510421581014968,0.0
naiveB_a_GTACTCCTCCTGCTTG-1,-0.37738341420620974,0.0
naiveB_a_GTAGGCCAGCAGGTCA-1,-0.04648911574998321,0.0
naiveB_a_GTAGGCCTCTCGCATC-1,-0.6679451731200647,0.0
naiveB_a_GTAGGCCTCTGTCTAT-1,-0.07234839342326348,0.0
naiveB_a_GTAGTCACATGTAGTC-1,0.02088979658045069,0.0
naiveB_a_GTAGTCAGTAGCGCAA-1,0.20842462408174353,1.0
naiveB_a_GTATCTTGTTCACCTC-1,-0.0928499495337902,0.0
naiveB_a_GTCAAGTCATAGGATA-1,-0.04850927720902911,0.0
naiveB_a_GTCAAGTTCCGTAGTA-1,-0.031219262608458385,0.0
naiveB_a_GTCACAATCTATCCCG-1,-0.21187732472018653,0.0
naiveB_a_GTCACGGTCGTGACAT-1,0.14372827593866963,1.0
naiveB_a_GTCATTTTCGCTTAGA-1,-0.24907011501738519,0.0
naiveB_a_GTCCTCAAGCATGGCA-1,0.4763037540299337,0.0
naiveB_a_GTCGGGTTCCGCTGTT-1,,
naiveB_a_GTCGGGTTCCTTGACC-1,,
naiveB_a_GTCGTAATCTTCATGT-1,-0.17278542788070006,0.0
naiveB_a_GTCTCGTAGGATGCGT-1,-0.07382089515389269,0.0
naiveB_a_GTCTCGTCACGAAGCA-1,-0.18361367412920895,0.0
naiveB_a_GTCTCGTTCACCCGAG-1,-0.2315799819098466,0.0
naiveB_a_GTCTCGTTCCACTCCA-1,0.030170196165252048,1.0
naiveB_a_GTCTTCGAGGATGGAA-1,0.1292905194155139,0.0
naiveB_a_GTCTTCGTCTGTACGA-1,0.5189295290021744,1.0
naiveB_a_GTGCAGCTCATGCAAC-1,0.04043493726186817,1.0
naiveB_a_GTGCATAGTCAGCTAT-1,0.0632918091925146,0.0
naiveB_a_GTGCATATCGTCGTTC-1,0.030679050931612033,1.0
naiveB_a_GTGCGGTAGCGTAGTG-1,0.03454471234069864,1.0
naiveB_a_GTGCGGTTCAACACAC-1,-0.05399896771732762,0.0
naiveB_a_GTGCGGTTCATCTGTT-1,,
naiveB_a_GTGCTTCAGCGAGAAA-1,-0.04778244075338454,0.0
naiveB_a_GTGCTTCTCGCGATCG-1,0.16249565603211447,0.0
naiveB_a_GTGCTTCTCTTGCCGT-1,-0.046149926310837044,0.0
naiveB_a_GTGGGTCGTCTTCTCG-1,-0.1678934537013709,0.0
naiveB_a_GTGGGTCGTTCCATGA-1,0.11544144096168593,0.0
naiveB_a_GTGTGCGGTAAACACA-1,-0.16876740800173787,0.0
naiveB_a_GTGTTAGAGAAACGAG-1,0.13416362398576584,1.0
naiveB_a_GTGTTAGGTGTTGAGG-1,-0.08361475720106917,0.0
naiveB_a_GTGTTAGTCATGCTCC-1,-0.0922579252376135,0.0
naiveB_a_GTTAAGCAGATGTGTA-1,-0.4057549424796834,0.0
naiveB_a_GTTACAGTCAACACCA-1,-0.0921255878193813,0.0
naiveB_a_GTTACAGTCGGCCGAT-1,0.14347781620259525,1.0
naiveB_a_GTTCATTAGCACAGGT-1,0.06931926612709292,1.0
naiveB_a_GTTCATTGTCTCTTAT-1,,
naiveB_a_GTTCGGGGTGCACGAA-1,0.009480461525336999,0.0
naiveB_a_GTTCTCGAGCCGGTAA-1,0.01908315473844319,0.0
naiveB_a_GTTCTCGAGCCGTCGT-1,-0.670474525930925,0.0
naiveB_a_GTTCTCGTCCAGTAGT-1,-0.2544913376003322,0.0
naiveB_a_GTTTCTAGTACCCAAT-1,-0.10877901730636504,0.0
naiveB_a_TAAACCGTCATACGGT-1,-0.0971620714303193,0.0
naiveB_a_TAAGAGACATAGGATA-1,0.28753489719403885,0.0
naiveB_a_TAAGAGATCGCTTAGA-1,-0.2315799819098466,0.0
naiveB_a_TAAGCGTGTCCAAGTT-1,-0.10832321301179426,0.0
naiveB_a_TAAGTGCGTTCGGGCT-1,0.35035795936139136,1.0
naiveB_a_TACAGTGCACTACAGT-1,0.18498662231677693,0.0
naiveB_a_TACCTTAAGACTTGAA-1,-0.18361367412920895,0.0
naiveB_a_TACGGATGTTAGGGTG-1,,
naiveB_a_TACGGATTCATGCATG-1,0.25471530531459097,1.0
naiveB_a_TACGGATTCGGCGCTA-1,-0.8127034997375567,0.0
naiveB_a_TACGGGCAGCACCGTC-1,-0.1007760192740229,0.0
naiveB_a_TACGGGCTCATGTAGC-1,-0.20967376395481568,0.0
naiveB_a_TACTCGCAGTGGAGAA-1,-0.0729109527165645,0.0
naiveB_a_TACTCGCTCTCTGCTG-1,-0.04685224129304585,0.0
naiveB_a_TACTTACGTTACCGAT-1,0.1787937261355604,1.0
naiveB_a_TACTTGTCAATGACCT-1,0.3216685468325087,1.0
naiveB_a_TAGACCAAGTTGAGAT-1,0.5400046810863507,0.0
naiveB_a_TAGACCAGTTGAACTC-1,0.0569105630473343,1.0
naiveB_a_TAGAGCTTCTCAACTT-1,-0.6679451731200647,0.0
naiveB_a_TAGCCGGTCCGCAGTG-1,0.01963952940048023,0.0
naiveB_a_TAGCCGGTCGGCTTGG-1,0.599802526792337,0.0
naiveB_a_TAGGCATAGCAGCGTA-1,0.1407405099766271,0.0
naiveB_a_TAGGCATCAGACGTAG-1,-0.12315140642349413,0.0
naiveB_a_TAGTGGTAGTGCCATT-1,-0.17379899761838705,0.0
naiveB_a_TAGTTGGCATAGTAAG-1,0.3826759411824531,1.0
naiveB_a_TATCTCAAGCCACCTG-1,,
naiveB_a_TATCTCAAGTGACTCT-1,0.22872504324181206,1.0
naiveB_a_TATCTCAGTAGGCATG-1,-0.3524395619355347,0.0
naiveB_a_TATCTCATCGAACTGT-1,0.028842082153722942,0.0
naiveB_a_TATTACCAGGCCCTCA-1,-0.3192530637521659,0.0
naiveB_a_TATTACCCAGTTTACG-1,-0.650036354463954,0.0
naiveB_a_TATTACCGTTTGGGCC-1,0.3460684159529825,1.0
naiveB_a_TATTACCTCTGCTGTC-1,0.09594212359895998,0.0
naiveB_a_TCAACGAGTCCGAGTC-1,0.12585440789443858,1.0
naiveB_a_TCAATCTCAAACAACA-1,-0.28619836693734657,0.0
naiveB_a_TCACAAGAGCACAGGT-1,0.2132777535258438,0.0
naiveB_a_TCAGATGCATGCATGT-1,0.14352314488897144,1.0
naiveB_a_TCAGCAACACGAAATA-1,-0.2709909813854955,0.0
naiveB_a_TCAGGATAGTGTACTC-1,-0.23449504644553357,0.0
naiveB_a_TCAGGATTCTTAGAGC-1,-0.2603825852992856,0.0
naiveB_a_TCAGGTAAGAGCTTCT-1,-0.2506992700962952,0.0
naiveB_a_TCATTACTCCCAACGG-1,-0.46980077321414626,0.0
naiveB_a_TCATTTGGTCAGGACA-1,-0.2620339354676283,0.0
naiveB_a_TCATTTGTCTGGTATG-1,,
naiveB_a_TCCACACAGCGCCTCA-1,-0.0801248452261066,0.0
naiveB_a_TCCACACAGTAAGTAC-1,0.08597602607722636,1.0
naiveB_a_TCCACACAGTCGTTTG-1,-0.41347857266560106,0.0
naiveB_a_TCCACACCAGATGGGT-1,-0.5985754004341451,0.0
naiveB_a_TCCCGATTCTTATCTG-1,-0.04725791537852917,0.0
naiveB_a_TCGAGGCGTACATGTC-1,-0.04324228435294959,0.0
naiveB_a_TCGCGTTCAGACACTT-1,-0.04639076911888039,0.0
naiveB_a_TCGCGTTTCCTGCTTG-1,-0.24386279874733605,0.0
naiveB_a_TCGCGTTTCGCCTGAG-1,0.04076323851793587,1.0
naiveB_a_TCGGTAAAGCCTCGTG-1,0.7602684678239774,0.0
naiveB_a_TCGGTAACATGTTGAC-1,-0.008882543964836,0.0
naiveB_a_TCGTACCAGACTGTAA-1,,
naiveB_a_TCGTACCAGTACATGA-1,0.19160189865264546,1.0
naiveB_a_TCGTACCGTTAAGACA-1,,
naiveB_a_TCGTAGAAGCCGGTAA-1,0.07061479952137839,1.0
naiveB_a_TCTATTGAGTTGCAGG-1,0.033529190395800275,0.0
naiveB_a_TCTATTGGTCGCGGTT-1,-0.07998053907640841,0.0
naiveB_a_TCTCATAAGACTACAA-1,-0.09307952481755193,0.0
naiveB_a_TCTCATAAGATCACGG-1,0.06197081956901068,1.0
naiveB_a_TCTCATAAGGTGTGGT-1,-0.2032052437159129,0.0
naiveB_a_TCTCTAAAGCACCGTC-1,0.03609017671429543,0.0
naiveB_a_TCTCTAAAGGCTCAGA-1,-0.4466398795791184,0.0
naiveB_a_TCTCTAACAATCGAAA-1,0.15983686918608067,1.0
naiveB_a_TCTCTAAGTAGTGAAT-1,0.3460684159529825,1.0
naiveB_a_TCTCTAATCAGCCTAA-1,0.15668726286887902,1.0
naiveB_a_TCTGAGACAGATCTGT-1,0.3826759411824531,1.0
naiveB_a_TCTGAGAGTCGGATCC-1,-0.19927252606804866,0.0
naiveB_a_TCTGAGAGTTCTGGTA-1,-0.06567377631012994,0.0
naiveB_a_TCTGGAATCCGTTGCT-1,0.0963895486272499,1.0
naiveB_a_TCTGGAATCGCTGATA-1,0.12416125369093706,0.0
naiveB_a_TCTTCGGAGTGTCTCA-1,0.10280378629335787,1.0
naiveB_a_TCTTCGGTCAGCGACC-1,0.0569105630473343,1.0
naiveB_a_TCTTCGGTCCTTGGTC-1,0.12024979550065024,1.0
naiveB_a_TCTTTCCAGGCTAGGT-1,-0.3679010681377851,0.0
naiveB_a_TCTTTCCGTTGTCTTT-1,0.033469653070513285,0.0
naiveB_a_TGAAAGAAGCTAACAA-1,0.1295343484057227,1.0
naiveB_a_TGAAAGACAGTTCATG-1,0.07690136346198646,1.0
naiveB_a_TGAAAGATCGCTGATA-1,0.7197988825394691,1.0
naiveB_a_TGACAACAGACCCACC-1,,
naiveB_a_TGACGGCTCGGTGTCG-1,-0.37745081875225694,0.0
naiveB_a_TGACTAGAGCGCCTTG-1,0.24877312209971897,0.0
naiveB_a_TGACTAGAGGCCGAAT-1,0.0012686051682174366,0.0
naiveB_a_TGACTAGTCGGTTAAC-1,-0.12103423420096604,0.0
naiveB_a_TGACTTTAGAGGACGG-1,-0.20236728678443733,0.0
naiveB_a_TGAGAGGTCCTAGAAC-1,,
naiveB_a_TGAGAGGTCTTGTTTG-1,0.09793426843920051,1.0
naiveB_a_TGAGCCGCAGCGAACA-1,-0.109844103124576,0.0
naiveB_a_TGAGGGAGTTACCAGT-1,-0.007996700045384886,0.0
naiveB_a_TGCACCTAGATATACG-1,-0.7728431742514661,0.0
naiveB_a_TGCACCTCAATTGCTG-1,-0.06443479328848352,0.0
naiveB_a_TGCACCTGTACCGGCT-1,-0.142147864102571,0.0
naiveB_a_TGCACCTGTAGCCTCG-1,,
naiveB_a_TGCACCTGTCAAAGAT-1,0.034663998768226664,1.0
naiveB_a_TGCACCTTCATCGATG-1,0.15011255896635273,0.0
naiveB_a_TGCCAAAAGCTAAGAT-1,0.06821649026089145,0.0
naiveB_a_TGCCAAACAGGTCGTC-1,0.09545214388517428,1.0
naiveB_a_TGCCAAAGTTACGACT-1,0.09703585360102933,0.0
naiveB_a_TGCCAAAGTTGAGGTG-1,1.119156023601687,1.0
naiveB_a_TGCGCAGGTACTTGAC-1,,
naiveB_a_TGCGCAGGTGTGGTTT-1,0.03551295890157778,0.0
naiveB_a_TGCGCAGGTTTGTGTG-1,-0.2162693685583598,0.0
naiveB_a_TGCGCAGTCAGGTAAA-1,-0.17174038251071744,0.0
naiveB_a_TGCGGGTTCTCAAACG-1,0.23012371507516347,1.0
naiveB_a_TGCGTGGTCAGCTTAG-1,-0.05577910140925742,0.0
naiveB_a_TGGCGCAGTACCAGTT-1,,
naiveB_a_TGGCGCATCTGATTCT-1,-0.2786046234693191,0.0
naiveB_a_TGGCTGGCACCGATAT-1,-0.25270884182696957,0.0
naiveB_a_TGGCTGGCACGAGGTA-1,-0.07946003822136116,0.0
naiveB_a_TGGCTGGCATCGGAAG-1,0.15614869925902658,0.0
naiveB_a_TGGGAAGGTAAGGGCT-1,,
naiveB_a_TGGGCGTCAAGTCTGT-1,0.037558107323371864,1.0
naiveB_a_TGGGCGTCACAACTGT-1,-0.28878715434047625,0.0
naiveB_a_TGGTTAGAGGGTGTGT-1,0.06578615798956393,1.0
naiveB_a_TGGTTAGCATTAGGCT-1,0.04052140670835933,1.0
naiveB_a_TGGTTCCAGGGATACC-1,,
naiveB_a_TGGTTCCCACTCTGTC-1,-0.1007760192740229,0.0
naiveB_a_TGGTTCCCATACGCTA-1,0.1022476706478523,0.0
naiveB_a_TGGTTCCGTAAACGCG-1,0.0037516874774033496,0.0
naiveB_a_TGTATTCAGCCATCGC-1,-0.06529996309318711,0.0
naiveB_a_TGTATTCAGGTGTGGT-1,-0.21969811176578352,0.0
naiveB_a_TGTCCCAAGTGGTCCC-1,0.5276298309866505,0.0
naiveB_a_TGTCCCACAGGGAGAG-1,-0.11910441889940321,0.0
naiveB_a_TGTGGTACACGTCAGC-1,-0.3796010776367964,0.0
naiveB_a_TGTGGTATCAATACCG-1,0.06656715066138905,1.0
naiveB_a_TGTGTTTAGTGAACAT-1,-0.10114216785303436,0.0
naiveB_a_TGTGTTTCAAGGCTCC-1,-0.5276221733637462,0.0
naiveB_a_TGTGTTTGTGAGGCTA-1,-0.08581128559685602,0.0
naiveB_a_TGTGTTTTCCGATATG-1,0.4395502022529242,1.0
naiveB_a_TGTGTTTTCTGACCTC-1,0.02885879880626803,1.0
naiveB_a_TGTTCCGCACGGTTTA-1,-0.14206113105739615,0.0
naiveB_a_TTAACTCAGATACACA-1,,
naiveB_a_TTAACTCAGGCTATCT-1,-0.22755690806777418,0.0
naiveB_a_TTAACTCCAATCGAAA-1,-0.17734136859816116,0.0
naiveB_a_TTAGGACAGGTGCTTT-1,0.07185056458427258,1.0
naiveB_a_TTAGGCACAGTCTTCC-1,-0.06099265924553146,0.0
naiveB_a_TTAGGCAGTACCGTAT-1,0.3287991304317258,1.0
naiveB_a_TTAGGCAGTGGTGTAG-1,0.07584904147247212,1.0
naiveB_a_TTAGGCAGTTGTCTTT-1,-0.17576813488014723,0.0
naiveB_a_TTAGTTCCACGACTCG-1,-0.11087616382813849,0.0
naiveB_a_TTAGTTCCATGAGCGA-1,-0.0032195341390540513,0.0
naiveB_a_TTAGTTCGTGGGTCAA-1,0.1292905194155139,1.0
naiveB_a_TTAGTTCGTTTCCACC-1,-0.18468454037475232,0.0
naiveB_a_TTATGCTAGCTAGTCT-1,0.018679897046164615,0.0
naiveB_a_TTATGCTCACACAGAG-1,0.09022326238885085,1.0
naiveB_a_TTCCCAGCAGGTCGTC-1,,
naiveB_a_TTCTACAGTGTAATGA-1,-0.2315799819098466,0.0
naiveB_a_TTCTACATCAGCCTAA-1,0.2631706316301263,1.0
naiveB_a_TTCTCAACACCTCGGA-1,,
naiveB_a_TTCTCAACACGTTGGC-1,0.042170011857866785,1.0
naiveB_a_TTCTCCTAGGAGTTGC-1,,
naiveB_a_TTCTCCTAGTACGATA-1,,
naiveB_a_TTCTTAGCACCCAGTG-1,-0.38653258206963514,0.0
naiveB_a_TTCTTAGCAGATGGCA-1,-0.0012152135171874707,0.0
naiveB_a_TTCTTAGTCAAAGTAG-1,-0.16617800059193474,0.0
naiveB_a_TTGAACGCACGAGGTA-1,0.23554150932587534,0.0
naiveB_a_TTGAACGCAGCCAATT-1,-0.015130969886432925,0.0
naiveB_a_TTGAACGCAGCTCCGA-1,-0.03825316425825297,0.0
naiveB_a_TTGAACGGTATATGAG-1,0.13953683064918926,0.0
naiveB_a_TTGACTTCAAGCCCAC-1,-0.5615291609198356,0.0
naiveB_a_TTGACTTCAAGGACTG-1,-0.12938119344793378,0.0
naiveB_a_TTGACTTTCATTCACT-1,0.0789685204836776,0.0
naiveB_a_TTGCGTCCACTCGACG-1,-0.23295380361508708,0.0
naiveB_a_TTGCGTCCATACGCTA-1,0.13436241567608248,1.0
naiveB_a_TTGCGTCGTATATCCG-1,-0.2595325964987177,0.0
naiveB_a_TTGGAACTCAGTCAGT-1,-0.04324228435294959,0.0
naiveB_a_TTGGCAACAGATCCAT-1,,
naiveB_a_TTGTAGGCACTCAGGC-1,-0.06555557937636755,0.0
naiveB_a_TTTACTGGTTAAGATG-1,0.17077140448722128,1.0
naiveB_a_TTTATGCCATAGAAAC-1,0.056126751181033344,0.0
naiveB_a_TTTATGCTCTCTAAGG-1,-0.36436777525700054,0.0
naiveB_a_TTTCCTCAGCAATCTC-1,-0.03167938026320425,0.0
naiveB_a_TTTCCTCGTTTCCACC-1,-0.07864958764213562,0.0
naiveB_a_TTTGCGCTCGCCCTTA-1,-0.24650709331748225,0.0
naiveB_a_TTTGGTTGTATATGGA-1,-0.13924634384831683,0.0
naiveB_a_TTTGTCAAGATCGGGT-1,-0.20236728678443733,0.0
naiveB_b_AAACCTGAGATAGTCA-1,0.2214226911660402,0.0
naiveB_b_AAACCTGGTAGATTAG-1,-0.0967015884821626,0.0
naiveB_b_AAACCTGTCCAGAGGA-1,0.06080366222607483,0.0
naiveB_b_AAAGATGAGACAGACC-1,-0.5985754004341451,0.0
naiveB_b_AAAGATGGTCTCTCTG-1,-0.2693734938962205,0.0
naiveB_b_AAAGCAACAAGAGTCG-1,0.006129555137364292,0.0
naiveB_b_AAAGTAGAGTGGAGAA-1,0.15163007847206186,0.0
naiveB_b_AAAGTAGCAGGTCGTC-1,-0.11466818530769847,0.0
naiveB_b_AAAGTAGGTAACGTTC-1,-0.2654139882753113,0.0
naiveB_b_AAAGTAGGTAGGCTGA-1,0.05594454443814241,1.0
naiveB_b_AAAGTAGTCGTACCGG-1,,
naiveB_b_AAATGCCCAGATGGCA-1,0.03910154281748613,1.0
naiveB_b_AAATGCCTCACTTACT-1,0.03743480821816639,1.0
naiveB_b_AACACGTAGTGGTCCC-1,-0.29027800866214554,0.0
naiveB_b_AACACGTGTGCAGACA-1,-0.10085395657407507,0.0
naiveB_b_AACACGTTCCAACCAA-1,0.045034107921020944,1.0
naiveB_b_AACCATGGTGGTAACG-1,0.20681786057916515,0.0
naiveB_b_AACCATGTCAAGGCTT-1,0.13567072486905526,1.0
naiveB_b_AACCGCGAGTGTTGAA-1,-0.20804746880762504,0.0
naiveB_b_AACCGCGTCATGCTCC-1,0.3298557592177906,1.0
naiveB_b_AACCGCGTCATTTGGG-1,,
naiveB_b_AACCGCGTCGTAGATC-1,0.22032831824685953,1.0
naiveB_b_AACGTTGCAGGACGTA-1,0.2439611974300544,1.0
naiveB_b_AACGTTGCAGGATCGA-1,0.18811930605911728,1.0
naiveB_b_AACGTTGGTCATGCAT-1,0.20624432300111906,0.0
naiveB_b_AACGTTGTCGCGATCG-1,-0.0016388312210321814,0.0
naiveB_b_AACTCAGAGCTAGCCC-1,,
naiveB_b_AACTCAGGTCAGTGGA-1,0.31885491374907216,1.0
naiveB_b_AACTCAGTCAGTCCCT-1,0.346389190922639,1.0
naiveB_b_AACTCAGTCTCCAGGG-1,0.08032423455844791,0.0
naiveB_b_AACTCAGTCTCCTATA-1,-0.02084613084311511,0.0
naiveB_b_AACTCCCAGGCATGTG-1,-1.0224995020003593,0.0
naiveB_b_AACTCCCGTTGTGGCC-1,-0.21258263222739718,0.0
naiveB_b_AACTCCCTCCTAGTGA-1,,
naiveB_b_AACTCTTGTGAGTGAC-1,0.7134467844740355,1.0
naiveB_b_AACTGGTAGAGCAATT-1,0.010332550373324922,0.0
naiveB_b_AACTGGTAGTAGATGT-1,-0.057179266464346123,0.0
naiveB_b_AACTGGTAGTCACGCC-1,-0.1771609742984215,0.0
naiveB_b_AACTGGTAGTCTCAAC-1,0.0012646524992530814,0.0
naiveB_b_AACTGGTCAATGTAAG-1,0.7575026497045309,1.0
naiveB_b_AACTTTCGTGATGTCT-1,0.04318069297012444,1.0
naiveB_b_AACTTTCTCTAACTCT-1,,
naiveB_b_AAGACCTAGGCATTGG-1,,
naiveB_b_AAGACCTAGTACGCGA-1,0.5537307369400786,1.0
naiveB_b_AAGCCGCAGTTCGCAT-1,-0.1558502047927024,0.0
naiveB_b_AAGCCGCCAAGACACG-1,-0.11710716977995962,0.0
naiveB_b_AAGCCGCCACTATCTT-1,0.08393463598142657,1.0
naiveB_b_AAGCCGCTCTTTCCTC-1,0.0676389383747373,1.0
naiveB_b_AAGGAGCCAGATGGGT-1,0.1022476706478523,0.0
naiveB_b_AAGGAGCTCGGTGTTA-1,0.1717713796267526,0.0
naiveB_b_AAGGCAGAGCACACAG-1,-0.18309112367414543,0.0
naiveB_b_AAGGCAGGTCCTCCAT-1,,
naiveB_b_AAGGCAGTCAGCCTAA-1,-0.02111203929617788,0.0
naiveB_b_AAGGCAGTCATCGGAT-1,-0.10553342056478066,0.0
naiveB_b_AAGGCAGTCCGTAGGC-1,-0.07193311641627974,0.0
naiveB_b_AAGGTTCGTTCACGGC-1,-0.04654377733731776,0.0
naiveB_b_AAGTCTGAGAGTACAT-1,0.28278595464775047,1.0
naiveB_b_AAGTCTGGTCACTGGC-1,0.028507641315163628,1.0
naiveB_b_AAGTCTGGTTATCGGT-1,-0.1803447545485207,0.0
naiveB_b_AAGTCTGTCACCGGGT-1,0.05534578680849878,0.0
naiveB_b_AATCCAGCAGCCACCA-1,-0.03387637345017557,0.0
naiveB_b_AATCCAGGTGGTTTCA-1,0.287739655399902,1.0
naiveB_b_AATCCAGGTGTCTGAT-1,-0.13875648003006458,0.0
naiveB_b_AATCGGTCACCATGTA-1,0.07190215025321312,1.0
naiveB_b_ACACCAACATCCTAGA-1,,
naiveB_b_ACACCCTAGCGTGTCC-1,0.21236087640142043,1.0
naiveB_b_ACACCCTCACAGTCGC-1,0.11374422232440426,1.0
naiveB_b_ACACCCTTCGATAGAA-1,-0.06848075986792855,0.0
naiveB_b_ACACCGGAGGCTCTTA-1,-0.08183136123917442,0.0
naiveB_b_ACACCGGCACCGAAAG-1,0.031500541262269276,1.0
naiveB_b_ACACCGGTCAAACCGT-1,0.17447423919744953,0.0
naiveB_b_ACACCGGTCACTATTC-1,,
naiveB_b_ACACTGAAGAACTGTA-1,0.13776925702949638,1.0
naiveB_b_ACACTGACACCCATGG-1,0.04211711362521736,0.0
naiveB_b_ACACTGATCCCTAATT-1,-0.031592944045335025,0.0
naiveB_b_ACAGCTACACGCCAGT-1,0.2258588427127833,1.0
naiveB_b_ACATACGCAGATGGGT-1,-0.25384971745198587,0.0
naiveB_b_ACATACGTCAAGCCTA-1,0.29360274093553324,1.0
naiveB_b_ACATCAGCACCGAAAG-1,0.03137968256800586,1.0
naiveB_b_ACATCAGGTCGCATAT-1,-0.013885614750688845,0.0
naiveB_b_ACATGGTTCTGCTTGC-1,-0.0404020252041547,0.0
naiveB_b_ACCAGTACAATCGGTT-1,0.2518706027718891,1.0
naiveB_b_ACCCACTAGCACAGGT-1,0.6615696010193954,0.0
naiveB_b_ACCCACTTCAACCATG-1,-0.07799987677636919,0.0
naiveB_b_ACCCACTTCGCGTTTC-1,-0.4758023169970657,0.0
naiveB_b_ACCGTAACACAGTCGC-1,-0.11175121616050579,0.0
naiveB_b_ACCGTAAGTCAAAGAT-1,,
naiveB_b_ACCGTAATCCTACAGA-1,0.4441171708652568,1.0
naiveB_b_ACCTTTACATGCATGT-1,0.06417006000880175,1.0
naiveB_b_ACCTTTATCTCGGACG-1,-0.026893061923697798,0.0
naiveB_b_ACGAGCCAGATGGGTC-1,0.055528302237506856,1.0
naiveB_b_ACGAGCCGTGTTAAGA-1,-0.052516335020321436,0.0
naiveB_b_ACGAGGAAGTTCCACA-1,-0.3384649957296439,0.0
naiveB_b_ACGAGGAGTCCGAGTC-1,0.1333280241168568,0.0
naiveB_b_ACGATACAGATAGCAT-1,-0.008416593802963016,0.0
naiveB_b_ACGATACCATGGGACA-1,-0.1254535694093944,0.0
naiveB_b_ACGATGTCAGTAAGCG-1,0.2375369182919616,0.0
naiveB_b_ACGCAGCAGTCCTCCT-1,,
naiveB_b_ACGCCGAGTCTTCAAG-1,-0.43149404212988174,0.0
naiveB_b_ACGCCGATCGGAAACG-1,0.21446038058391909,1.0
naiveB_b_ACGGAGACAAGTTGTC-1,-0.3651920897897609,0.0
naiveB_b_ACGGCCAGTGACTCAT-1,0.31035811193589924,0.0
naiveB_b_ACGGCCAGTTTGTTTC-1,-0.11653064716236562,0.0
naiveB_b_ACGGGCTTCCCTAATT-1,-0.14346949887287247,0.0
naiveB_b_ACGGGTCAGGCATGTG-1,-0.3325664139838562,0.0
naiveB_b_ACGGGTCAGTGACATA-1,-0.1432979024512897,0.0
naiveB_b_ACGGGTCCAATGGACG-1,0.045312055450946284,0.0
naiveB_b_ACGGGTCGTCAAAGCG-1,0.5598733267840901,1.0
naiveB_b_ACGGGTCGTTGAGGTG-1,0.14100855518755082,1.0
naiveB_b_ACGTCAATCATACGGT-1,0.14440096857805487,1.0
naiveB_b_ACTATCTAGGTTACCT-1,,
naiveB_b_ACTATCTCAATGGATA-1,-0.05399896771732762,0.0
naiveB_b_ACTGAACGTGCACTTA-1,0.2073670321344141,1.0
naiveB_b_ACTGAGTAGGAGTCTG-1,0.09848849051900706,1.0
naiveB_b_ACTGAGTCATTCGACA-1,0.3575871866971587,1.0
naiveB_b_ACTGAGTGTAAGCACG-1,0.18938188124208252,1.0
naiveB_b_ACTGAGTTCCAAAGTC-1,-0.13750950648266877,0.0
naiveB_b_ACTGATGAGCGTAATA-1,0.0548510846960875,0.0
naiveB_b_ACTGATGCAGACAAGC-1,0.43199113811261236,1.0
naiveB_b_ACTGCTCAGGAATTAC-1,-0.09821614004423374,0.0
naiveB_b_ACTGCTCCAGGGCATA-1,0.0962654203134718,1.0
naiveB_b_ACTGCTCGTAGCTAAA-1,-0.11750240464361701,0.0
naiveB_b_ACTGCTCTCGTTTGCC-1,-0.2301153366746833,0.0
naiveB_b_ACTGTCCAGCCACGCT-1,-0.046149926310837044,0.0
naiveB_b_ACTGTCCCAAAGCGGT-1,0.27568793481811016,1.0
naiveB_b_ACTTGTTCACTAGTAC-1,-0.07614759464337671,0.0
naiveB_b_ACTTGTTCAGCGAACA-1,0.18358902795396617,0.0
naiveB_b_ACTTGTTGTCGGCACT-1,0.08273511590675635,1.0
naiveB_b_ACTTGTTTCTGGAGCC-1,-0.5231868465025729,0.0
naiveB_b_ACTTTCACACGGCCAT-1,,
naiveB_b_AGAATAGAGGGAACGG-1,-0.5231868465025729,0.0
naiveB_b_AGAATAGCAAACTGTC-1,0.09484080695292395,1.0
naiveB_b_AGAATAGGTACTCGCG-1,0.09044447780430845,1.0
naiveB_b_AGAATAGGTCCGACGT-1,-0.12867942790579748,0.0
naiveB_b_AGACGTTAGGCCATAG-1,0.18307870593370865,1.0
naiveB_b_AGACGTTCATCGATGT-1,-0.4196294902327927,0.0
naiveB_b_AGACGTTTCTTGTATC-1,-0.16059542311615133,0.0
naiveB_b_AGAGCGAAGGCTACGA-1,-0.02153399669436324,0.0
naiveB_b_AGAGCGAAGTTGCAGG-1,-0.3954176874127731,0.0
naiveB_b_AGAGCGAGTAAGGATT-1,-0.06928552768365033,0.0
naiveB_b_AGAGCGAGTACTTCTT-1,-0.003987263093342368,0.0
naiveB_b_AGAGCTTAGACACGAC-1,0.022964728951860542,0.0
naiveB_b_AGAGCTTCACTTCGAA-1,0.38945057276363987,1.0
naiveB_b_AGAGCTTTCCACGAAT-1,0.39593231433205117,0.0
naiveB_b_AGAGTGGAGAGCTGGT-1,0.2249679699381778,0.0
naiveB_b_AGATCTGCAAGCGAGT-1,0.15061542109745138,0.0
naiveB_b_AGATCTGCAGTCCTTC-1,0.6615696010193954,0.0
naiveB_b_AGATCTGGTGTTCTTT-1,0.06674516295352723,0.0
naiveB_b_AGATTGCAGACGCAAC-1,0.12081701003032357,1.0
naiveB_b_AGCAGCCCATCGATGT-1,-0.5231868465025729,0.0
naiveB_b_AGCAGCCGTAGCACGA-1,-0.032997429695246716,0.0
naiveB_b_AGCAGCCGTCCTGCTT-1,-0.05906928514697265,0.0
naiveB_b_AGCAGCCGTCGTCTTC-1,0.03947293439378731,0.0
naiveB_b_AGCATACAGTCGATAA-1,-0.16778879992398016,0.0
naiveB_b_AGCCTAACAAGTTAAG-1,,
naiveB_b_AGCCTAACAGTCCTTC-1,0.03901518125636182,1.0
naiveB_b_AGCGGTCAGCCAGTAG-1,-0.3954176874127731,0.0
naiveB_b_AGCGGTCAGTGTACTC-1,-0.1027719181560445,0.0
naiveB_b_AGCGGTCCAAACTGTC-1,0.03966819810736805,0.0
naiveB_b_AGCGTATAGGAGTACC-1,-0.09727118543331227,0.0
naiveB_b_AGCGTATAGGGCTTCC-1,-0.3534002603158909,0.0
naiveB_b_AGCGTATAGTTAAGTG-1,0.31492394407032487,1.0
naiveB_b_AGCGTATTCGTTTGCC-1,-0.05159504969572282,0.0
naiveB_b_AGCGTCGAGCCACTAT-1,0.20508780685344274,1.0
naiveB_b_AGCTCCTAGACAATAC-1,-0.1389011342565747,0.0
naiveB_b_AGCTCTCAGACCCACC-1,-0.15792144371210248,0.0
naiveB_b_AGCTTGAAGCACAGGT-1,-0.07196982372522556,0.0
naiveB_b_AGCTTGAAGTTACGGG-1,-0.26824712757326885,0.0
naiveB_b_AGCTTGATCACCCGAG-1,-0.07620911423891837,0.0
naiveB_b_AGGCCACGTAAGTGGC-1,0.2803434793124947,0.0
naiveB_b_AGGCCACGTCTTCAAG-1,-0.19417418083355245,0.0
naiveB_b_AGGCCACGTGGGTCAA-1,0.12336836047932094,0.0
naiveB_b_AGGCCGTAGTGGACGT-1,-0.09773640972072474,0.0
naiveB_b_AGGGAGTGTGACAAAT-1,0.34289968603280946,1.0
naiveB_b_AGGGATGAGAAGGACA-1,0.16906813662263845,0.0
naiveB_b_AGGGATGCACATGGGA-1,0.04386450082021685,1.0
naiveB_b_AGGGTGACACCAGGCT-1,-0.15689840440607822,0.0
naiveB_b_AGGGTGACATTGTGCA-1,-0.045396354526292454,0.0
naiveB_b_AGGTCATGTAGGCTGA-1,0.046239006919956034,1.0
naiveB_b_AGGTCCGAGCTAGTGG-1,0.14971079589957909,0.0
naiveB_b_AGGTCCGGTTAAGAAC-1,,
naiveB_b_AGTAGTCCAGTCTTCC-1,0.18182355052504515,0.0
naiveB_b_AGTCTTTAGGGTTCCC-1,0.12752400789488125,1.0
naiveB_b_AGTCTTTCATTTGCTT-1,-0.07799987677636919,0.0
naiveB_b_AGTCTTTTCTCCGGTT-1,0.1241788685188432,0.0
naiveB_b_AGTGAGGGTCTTGCGG-1,-0.17449212901555,0.0
naiveB_b_AGTGGGAAGGGTGTTG-1,-0.08064749318905015,0.0
naiveB_b_AGTGGGACAGTTCCCT-1,-0.12351658290737096,0.0
naiveB_b_AGTGGGACATACGCCG-1,0.07310712856577425,1.0
naiveB_b_AGTGTCACATGTCTCC-1,-0.43304237680469815,0.0
naiveB_b_ATAACGCAGATCGGGT-1,0.08330916281529145,0.0
naiveB_b_ATAACGCCACATCCAA-1,-0.04295237828801388,0.0
naiveB_b_ATAAGAGAGAAGATTC-1,0.24823038265012926,1.0
naiveB_b_ATAGACCGTATATCCG-1,0.11084980293947307,1.0
naiveB_b_ATAGACCTCCGTCATC-1,-0.04698509347670401,0.0
naiveB_b_ATAGACCTCTAGAGTC-1,0.010305141742010582,0.0
naiveB_b_ATCACGAAGAAGGTTT-1,-0.09307952481755193,0.0
naiveB_b_ATCACGAAGATGCCTT-1,0.1674048208559074,0.0
naiveB_b_ATCACGAGTAGAGCTG-1,-0.01652863773703352,0.0
naiveB_b_ATCACGAGTCGCGTGT-1,0.14196494602213652,1.0
naiveB_b_ATCACGAGTTGGACCC-1,0.07933051509147264,1.0
naiveB_b_ATCACGATCGTTTAGG-1,-0.10945139130885004,0.0
naiveB_b_ATCACGATCTTGTATC-1,-0.33104399037957377,0.0
naiveB_b_ATCATCTAGACTAGAT-1,-0.293611206443769,0.0
naiveB_b_ATCATCTGTCGTCTTC-1,-0.1340434611872567,0.0
naiveB_b_ATCATGGGTCATATGC-1,-0.1887073849991599,0.0
naiveB_b_ATCATGGGTTCCCTTG-1,,
naiveB_b_ATCCACCAGCAGACTG-1,-0.37617170384455434,0.0
naiveB_b_ATCCACCAGGCCGAAT-1,,
naiveB_b_ATCCACCGTCGCTTTC-1,0.014958134992641228,0.0
naiveB_b_ATCCACCTCTATCGCC-1,0.1292905194155139,1.0
naiveB_b_ATCCGAACAGACGCCT-1,-0.006883583524658486,0.0
naiveB_b_ATCGAGTAGCTGTTCA-1,-0.2100066328251162,0.0
naiveB_b_ATCGAGTTCAGCACAT-1,-0.03739850290552863,0.0
naiveB_b_ATCTACTGTACAGACG-1,,
naiveB_b_ATGGGAGCAGTATAAG-1,0.062407274737994824,0.0
naiveB_b_ATGGGAGGTTCCGGCA-1,-0.002563559631713915,0.0
naiveB_b_ATGTGTGAGAGCCTAG-1,-0.23107854561441524,0.0
naiveB_b_ATGTGTGAGCGCCTTG-1,-0.04420919182350473,0.0
naiveB_b_ATGTGTGCATTCTTAC-1,-0.3318744231826566,0.0
naiveB_b_ATGTGTGTCCTGCCAT-1,0.25008507747058223,1.0
naiveB_b_ATGTGTGTCTTGAGAC-1,0.18037506505906417,1.0
naiveB_b_ATTACTCTCGCACTCT-1,-0.2257396502151935,0.0
naiveB_b_ATTATCCAGCTGATAA-1,0.23644868809979613,1.0
naiveB_b_ATTATCCAGGAATGGA-1,0.019492950901492126,0.0
naiveB_b_ATTATCCAGGTGCACA-1,-0.08334201080784506,0.0
naiveB_b_ATTATCCTCTTATCTG-1,-0.059456358043754765,0.0
naiveB_b_ATTCTACAGGCTCATT-1,,
naiveB_b_ATTCTACGTCTCATCC-1,-0.30605987634586973,0.0
naiveB_b_ATTCTACTCGTAGATC-1,0.002887671727652752,0.0
naiveB_b_ATTGGACCAAGCCCAC-1,0.15668726286887902,0.0
naiveB_b_ATTGGACCATGCCACG-1,,
naiveB_b_ATTGGTGAGGCATGTG-1,-0.13522985499976709,0.0
naiveB_b_ATTGGTGTCAGGTAAA-1,0.20267830315924676,0.0
naiveB_b_ATTTCTGTCCCTTGCA-1,,
naiveB_b_CAACCAACAAGCTGAG-1,0.2132777535258438,1.0
naiveB_b_CAACCAACATTGGCGC-1,-0.14346949887287247,0.0
naiveB_b_CAACCAATCTGCGTAA-1,-0.3847012877696721,0.0
naiveB_b_CAACCTCAGTGACTCT-1,,
naiveB_b_CAACCTCCATGCCACG-1,-0.07346297279242997,0.0
naiveB_b_CAACCTCGTCCCTACT-1,-0.21643644671148737,0.0
naiveB_b_CAACTAGAGGGTTTCT-1,0.17284944647226808,1.0
naiveB_b_CAACTAGTCTCGTATT-1,,
naiveB_b_CAAGAAAAGACATAAC-1,-0.008276960046237947,0.0
naiveB_b_CAAGAAATCCGTCATC-1,0.04958302844268848,0.0
naiveB_b_CAAGATCAGCTCCTCT-1,0.03339273719241823,0.0
naiveB_b_CAAGGCCTCAGAAATG-1,0.000813631840899276,0.0
naiveB_b_CAAGGCCTCAGTGCAT-1,,
naiveB_b_CAAGTTGTCGATCCCT-1,0.23151577537670684,1.0
naiveB_b_CACAAACTCGTCCAGG-1,0.10558399441238132,1.0
naiveB_b_CACACAACAAATCCGT-1,-0.0670966731738456,0.0
naiveB_b_CACACAACAACACGCC-1,0.07185533849104798,1.0
naiveB_b_CACACAACAGATCGGA-1,-0.0959836249354936,0.0
naiveB_b_CACACAATCTGTCTCG-1,0.18501588553918583,1.0
naiveB_b_CACACCTCAGGGTTAG-1,0.062386918632555764,0.0
naiveB_b_CACACCTCATTCTCAT-1,-0.2793025136223269,0.0
naiveB_b_CACACCTGTAAATACG-1,1.0024614949757706,1.0
naiveB_b_CACACCTTCTCCCTGA-1,-0.33083281727550146,0.0
naiveB_b_CACACTCGTGAGCGAT-1,0.04275002750879185,0.0
naiveB_b_CACACTCTCAACTCTT-1,-0.11653064716236562,0.0
naiveB_b_CACAGGCCAACTGGCC-1,-0.019274618439673853,0.0
naiveB_b_CACAGGCGTGTTTGGT-1,0.3213139811390232,1.0
naiveB_b_CACAGGCGTTCGGCAC-1,,
naiveB_b_CACAGTACACCAGTTA-1,-0.1389011342565747,0.0
naiveB_b_CACAGTACATAGACTC-1,-0.3220764102630559,0.0
naiveB_b_CACAGTAGTTCCGGCA-1,,
naiveB_b_CACATAGAGTGCTGCC-1,0.11072435742611979,1.0
naiveB_b_CACATTTAGTGATCGG-1,0.3199809560681065,0.0
naiveB_b_CACATTTGTAGGAGTC-1,0.46674345998673017,1.0
naiveB_b_CACATTTGTCATATCG-1,-0.16314552407031135,0.0
naiveB_b_CACATTTGTCGTCTTC-1,,
naiveB_b_CACCACTAGGGCTTGA-1,-0.04096469312115806,0.0
naiveB_b_CACCACTCACCTATCC-1,-0.12790639405759166,0.0
naiveB_b_CACCACTTCGATGAGG-1,-0.17743986023473401,0.0
naiveB_b_CACCACTTCGCAAACT-1,-0.04725791537852917,0.0
naiveB_b_CACCAGGCACATCTTT-1,-0.2319714363151199,0.0
naiveB_b_CACCAGGTCCTGTACC-1,-0.04632713495241081,0.0
naiveB_b_CACCAGGTCGCCTGAG-1,-0.15545278989031747,0.0
naiveB_b_CACCTTGCACAGACAG-1,0.008183941768752201,0.0
naiveB_b_CACCTTGTCTGGGCCA-1,-0.108679755228587,0.0
naiveB_b_CAGAATCCACCAGCAC-1,-0.004025869753427863,0.0
naiveB_b_CAGAATCCACTGAAGG-1,-0.09335589161291102,0.0
naiveB_b_CAGAATCGTCAACATC-1,-0.18996690228254393,0.0
naiveB_b_CAGAATCGTGGAAAGA-1,0.14976823928935842,0.0
naiveB_b_CAGAGAGCACCGAAAG-1,-0.10201194708595579,0.0
naiveB_b_CAGAGAGTCAACCATG-1,0.17433383958980625,0.0
naiveB_b_CAGATCAAGTTAGCGG-1,0.03312672086216902,1.0
naiveB_b_CAGATCAGTCACTGGC-1,0.20008566749912296,1.0
naiveB_b_CAGATCAGTCCCTTGT-1,-0.3631871092926487,0.0
naiveB_b_CAGCAGCAGATGGGTC-1,-0.4036820608821263,0.0
naiveB_b_CAGCAGCCACGAGAGT-1,0.28278595464775047,1.0
naiveB_b_CAGCAGCGTCGCCATG-1,0.16097487920584064,1.0
naiveB_b_CAGCCGAGTTGCCTCT-1,0.2725194769285149,1.0
naiveB_b_CAGCCGATCCGTCATC-1,,
naiveB_b_CAGCGACAGACCTAGG-1,,
naiveB_b_CAGCGACGTTCGGGCT-1,-0.1525039124749813,0.0
naiveB_b_CAGCGACTCCTAAGTG-1,-0.18224680295280427,0.0
naiveB_b_CAGCTAACACAGTCGC-1,,
naiveB_b_CAGCTAAGTGCCTGCA-1,-0.00714356290927091,0.0
naiveB_b_CAGCTAATCAGCCTAA-1,0.06795545476038925,1.0
naiveB_b_CAGCTGGAGAGTGACC-1,0.180557203054948,1.0
naiveB_b_CAGCTGGCAATGCCAT-1,-0.1169872866655867,0.0
naiveB_b_CAGCTGGTCACCATAG-1,0.11992721051024299,1.0
naiveB_b_CAGCTGGTCAGGCGAA-1,-0.2836658186434758,0.0
naiveB_b_CAGGTGCCAAACGCGA-1,-0.22646635210193244,0.0
naiveB_b_CAGGTGCCACCCATTC-1,,
naiveB_b_CAGTAACAGGACACCA-1,1.017270067219461,1.0
naiveB_b_CAGTAACAGTAGGTGC-1,,
naiveB_b_CAGTAACCAGACTCGC-1,-0.026988406693498168,0.0
naiveB_b_CAGTAACCAGGACCCT-1,-0.17570123702659457,0.0
naiveB_b_CAGTAACGTTGATTCG-1,0.24148109144295143,1.0
naiveB_b_CAGTAACTCGAATCCA-1,-0.18503590023909214,0.0
naiveB_b_CAGTCCTGTTCTGTTT-1,-0.14827644699564438,0.0
naiveB_b_CATATTCAGGATCGCA-1,0.18780488184574243,0.0
naiveB_b_CATCAAGTCCCACTTG-1,0.7575026497045309,0.0
naiveB_b_CATCAAGTCGGTTCGG-1,0.6749264486215575,1.0
naiveB_b_CATCAGAAGACCTTTG-1,0.9253255114121578,1.0
naiveB_b_CATCAGATCCTGCAGG-1,-0.1587306827252375,0.0
naiveB_b_CATCCACGTTTCGCTC-1,0.4891151916199405,1.0
naiveB_b_CATCGAAAGGGTTTCT-1,0.030976520433754595,1.0
naiveB_b_CATCGAATCAGGATCT-1,-0.24699073295731128,0.0
naiveB_b_CATCGAATCGTTTATC-1,-0.5985754004341451,0.0
naiveB_b_CATCGGGAGAGTACAT-1,-0.13638699362913673,0.0
naiveB_b_CATCGGGAGTACCGGA-1,-0.11138260004682242,0.0
naiveB_b_CATCGGGAGTGGTCCC-1,0.08251458136657022,1.0
naiveB_b_CATCGGGCAGGGATTG-1,-0.11918077285057094,0.0
naiveB_b_CATGCCTGTAATTGGA-1,-0.16654130079188806,0.0
naiveB_b_CATGGCGCATGTAAGA-1,0.27813855488900646,1.0
naiveB_b_CATGGCGCATTATCTC-1,0.06434765061206685,0.0
naiveB_b_CATGGCGGTCGAAAGC-1,0.5537307369400786,1.0
naiveB_b_CATTATCAGGGCTTGA-1,-0.01924031112481334,0.0
naiveB_b_CATTATCGTCTGATCA-1,,
naiveB_b_CATTATCGTGGTAACG-1,0.024000322059271596,0.0
naiveB_b_CATTCGCCACGGTGTC-1,0.13332681615793668,0.0
naiveB_b_CATTCGCGTGGAAAGA-1,-0.04752038518486576,0.0
naiveB_b_CATTCGCTCCTCCTAG-1,,
naiveB_b_CATTCGCTCTTCTGGC-1,-0.04685224129304585,0.0
naiveB_b_CCAATCCTCTCGCTTG-1,0.39593231433205117,1.0
naiveB_b_CCACCTAAGATGTGGC-1,,
naiveB_b_CCACGGACATCCCACT-1,,
naiveB_b_CCACGGAGTCTGGAGA-1,,
naiveB_b_CCACGGAGTTATGCGT-1,0.1112148628110158,1.0
naiveB_b_CCACGGATCTGCGTAA-1,-0.1007760192740229,0.0
naiveB_b_CCACGGATCTGTTTGT-1,0.0803890434853537,0.0
naiveB_b_CCACGGATCTTCCTTC-1,,
naiveB_b_CCACTACAGTGCGTGA-1,-0.2541555576111834,0.0
naiveB_b_CCACTACGTCCTCCAT-1,-0.3744023931643315,0.0
naiveB_b_CCAGCGAAGGGCTTGA-1,0.30186256967212693,1.0
naiveB_b_CCATGTCAGGCTATCT-1,,
naiveB_b_CCATGTCAGTGCGATG-1,0.37810549223670487,0.0
naiveB_b_CCATTCGCAGACAAGC-1,-0.19579629493502246,0.0
naiveB_b_CCATTCGCATCTACGA-1,-0.33326165381016043,0.0
naiveB_b_CCATTCGGTTGGGACA-1,-0.16579662351838256,0.0
naiveB_b_CCCAATCCACATTTCT-1,,
naiveB_b_CCCAATCGTCCAGTGC-1,,
naiveB_b_CCCAATCGTGCAGACA-1,-0.5612359484751774,0.0
naiveB_b_CCCAGTTGTTAAGTAG-1,,
naiveB_b_CCCAGTTTCAATAAGG-1,0.11999801306010288,0.0
naiveB_b_CCCAGTTTCTCCAGGG-1,-0.04699779406731105,0.0
naiveB_b_CCCATACAGTGTGAAT-1,-0.021505913627577297,0.0
naiveB_b_CCCATACCACGCGAAA-1,0.23565278588988287,0.0
naiveB_b_CCCATACGTAAGGATT-1,0.2380860999805407,1.0
naiveB_b_CCCATACTCACCCTCA-1,0.5142047609459093,0.0
naiveB_b_CCCATACTCCTATTCA-1,-0.34548782321327653,0.0
naiveB_b_CCCTCCTAGGTGCAAC-1,-0.1271371479548514,0.0
naiveB_b_CCCTCCTAGTGTTTGC-1,0.16886952768150823,1.0
naiveB_b_CCCTCCTCACTCAGGC-1,0.010305141742010582,0.0
naiveB_b_CCCTCCTTCCGCGTTT-1,-0.07458721553684482,0.0
naiveB_b_CCGGGATCAGTTTACG-1,0.1280339332239778,1.0
naiveB_b_CCGGGATGTATTAGCC-1,0.38945057276363987,1.0
naiveB_b_CCGGGATTCTGCAAGT-1,-0.08378625655882183,0.0
naiveB_b_CCGTACTGTCTACCTC-1,0.06210298026367949,0.0
naiveB_b_CCGTACTTCCTACAGA-1,-0.32696886696187105,0.0
naiveB_b_CCGTGGACACAACTGT-1,-0.13665833163987326,0.0
naiveB_b_CCGTTCAAGAGACTTA-1,0.008222538480795533,0.0
naiveB_b_CCGTTCATCTACCAGA-1,-0.745021078198098,0.0
naiveB_b_CCTAAAGAGCCGCCTA-1,-0.07564363117327479,0.0
naiveB_b_CCTAAAGAGGCATTGG-1,-0.08334201080784506,0.0
naiveB_b_CCTAAAGCATGCTGGC-1,0.17295709755303898,0.0
naiveB_b_CCTACACAGGAGTCTG-1,-0.012051128194306551,0.0
naiveB_b_CCTACACCAAGCGCTC-1,-0.4542424927604071,0.0
naiveB_b_CCTACACTCTCCGGTT-1,,
naiveB_b_CCTACCACACACTGCG-1,-0.03697282609067487,0.0
naiveB_b_CCTACCAGTCTCTTTA-1,,
naiveB_b_CCTACCAGTGTGGTTT-1,0.1130688848404172,1.0
naiveB_b_CCTACCAGTTCGTTGA-1,-0.2315799819098466,0.0
naiveB_b_CCTAGCTCAGATCGGA-1,-0.2342511952258688,0.0
naiveB_b_CCTAGCTCATTTCAGG-1,-0.21438407900734305,0.0
naiveB_b_CCTAGCTGTACTTCTT-1,-0.05538805127515767,0.0
naiveB_b_CCTATTACACGGCTAC-1,0.38920448152313464,1.0
naiveB_b_CCTATTAGTCAGTGGA-1,0.31666078222048555,0.0
naiveB_b_CCTATTATCAGCTTAG-1,-0.08334201080784506,0.0
naiveB_b_CCTATTATCGTTGCCT-1,-0.23703781282661282,0.0
naiveB_b_CCTCAGTGTACCATCA-1,-0.30605987634586973,0.0
naiveB_b_CCTCAGTGTCCAACTA-1,0.1365894529025794,1.0
naiveB_b_CCTCTGACAGACGCAA-1,0.3049104670642541,1.0
naiveB_b_CCTCTGAGTAAATGTG-1,0.041570296552338425,0.0
naiveB_b_CCTCTGATCAAGGTAA-1,0.17057685189383834,1.0
naiveB_b_CCTCTGATCATGTCTT-1,-0.046149926310837044,0.0
naiveB_b_CCTTACGCAAGCGCTC-1,0.08622934886569984,0.0
naiveB_b_CCTTACGGTGAGTGAC-1,-0.2175926991907662,0.0
naiveB_b_CCTTACGGTTCCCTTG-1,-0.04698509347670401,0.0
naiveB_b_CCTTCCCAGTTTAGGA-1,-0.6642796891731145,0.0
naiveB_b_CCTTCGATCATGCATG-1,,
naiveB_b_CCTTTCTCACCTTGTC-1,,
naiveB_b_CCTTTCTTCCCTCAGT-1,0.0433054342080505,1.0
naiveB_b_CCTTTCTTCTTTAGGG-1,1.0024614949757706,1.0
naiveB_b_CGAATGTAGATCTGCT-1,-0.7423736514277048,0.0
naiveB_b_CGAATGTGTCACTGGC-1,-0.09035053011579673,0.0
naiveB_b_CGACCTTTCCACGAAT-1,0.0569105630473343,1.0
naiveB_b_CGACTTCGTCAACTGT-1,,
naiveB_b_CGAGAAGAGCCAGTTT-1,-0.0021588489758548415,0.0
naiveB_b_CGAGAAGTCAGTGTTG-1,0.29494109017066245,0.0
naiveB_b_CGAGAAGTCCATGCTC-1,-0.08914560809969745,0.0
naiveB_b_CGAGCACAGATTACCC-1,-0.31331322512111326,0.0
naiveB_b_CGAGCACGTAGATTAG-1,,
naiveB_b_CGATGGCGTAATCGTC-1,0.11294430998296527,0.0
naiveB_b_CGATGTAAGATGTGTA-1,-0.009389129415235578,0.0
naiveB_b_CGATGTAAGGACGAAA-1,,
naiveB_b_CGATGTATCAATAAGG-1,0.05754719838203601,1.0
naiveB_b_CGATTGACAACTGCTA-1,0.49244755532346746,1.0
naiveB_b_CGATTGACAAGTAATG-1,0.06571193676930243,0.0
naiveB_b_CGCGGTAAGTAGTGCG-1,-0.09032375779935345,0.0
naiveB_b_CGCGGTACAATGAAAC-1,0.024698335751483214,0.0
naiveB_b_CGCGGTAGTCAATACC-1,0.3672431404649638,1.0
naiveB_b_CGCGTTTAGTCCCACG-1,-0.046149926310837044,0.0
naiveB_b_CGCGTTTCACGTAAGG-1,-0.4373747784077005,0.0
naiveB_b_CGCTATCCAGGCAGTA-1,-0.158880675297866,0.0
naiveB_b_CGCTATCTCAGGTAAA-1,0.02202659952455175,0.0
naiveB_b_CGCTGGAAGCTAGTCT-1,0.16828611163409837,0.0
naiveB_b_CGCTGGATCAATACCG-1,-0.029367575481891995,0.0
naiveB_b_CGCTGGATCGTATCAG-1,-0.1052993950639584,0.0
naiveB_b_CGCTTCATCATGCAAC-1,-0.7481954073590658,0.0
naiveB_b_CGGACGTCAAAGGTGC-1,,
naiveB_b_CGGACGTGTCGCATAT-1,0.09852942208875858,1.0
naiveB_b_CGGACGTGTTCCACGG-1,,
naiveB_b_CGGACGTTCGCGGATC-1,-0.07716258804124629,0.0
naiveB_b_CGGACTGGTACTTCTT-1,0.2132777535258438,0.0
naiveB_b_CGGACTGGTCTCAACA-1,0.24987312599557102,0.0
naiveB_b_CGGAGCTTCAATCACG-1,-0.04803887975106373,0.0
naiveB_b_CGGAGTCAGAGCTGCA-1,0.0017025416237236776,0.0
naiveB_b_CGGAGTCAGCTGCAAG-1,0.4209336350169142,1.0
naiveB_b_CGGAGTCAGGGCTTCC-1,-0.13436944544978616,0.0
naiveB_b_CGGCTAGGTCCAGTTA-1,0.0967670307797745,0.0
naiveB_b_CGGGTCAAGTACATGA-1,0.023606987461207943,0.0
naiveB_b_CGGTTAAAGCCAACAG-1,-0.12529622252315636,0.0
naiveB_b_CGGTTAACAAAGGCGT-1,0.1721328684485243,0.0
naiveB_b_CGGTTAACAGTCACTA-1,0.02090631334173843,0.0
naiveB_b_CGGTTAACATGAACCT-1,0.05094957715234663,0.0
naiveB_b_CGGTTAATCACAACGT-1,,
naiveB_b_CGTAGCGAGGCTAGGT-1,-0.5276221733637462,0.0
naiveB_b_CGTAGCGTCTGCCCTA-1,0.2743975489038851,0.0
naiveB_b_CGTAGGCAGGTGACCA-1,-0.09102040016321998,0.0
naiveB_b_CGTAGGCCAGGGTATG-1,-0.014153755368335935,0.0
naiveB_b_CGTCACTAGCACGCCT-1,,
naiveB_b_CGTCACTTCTTGCCGT-1,0.13806204562209723,1.0
naiveB_b_CGTCAGGCACATTTCT-1,0.1441911724272931,1.0
naiveB_b_CGTCCATCACTTGGAT-1,0.1617591845552028,0.0
naiveB_b_CGTCCATGTAAGTTCC-1,0.24347591520437706,1.0
naiveB_b_CGTCCATGTCATGCAT-1,,
naiveB_b_CGTCCATTCTTGTACT-1,,
naiveB_b_CGTCTACAGATGTCGG-1,0.1524043123184614,1.0
naiveB_b_CGTCTACTCTTGTTTG-1,0.15951141774059585,0.0
naiveB_b_CGTGAGCCAGTATGCT-1,-0.20523136459127045,0.0
naiveB_b_CGTGAGCTCTGCCAGG-1,-0.0859192339278488,0.0
naiveB_b_CGTGTAACAGCATACT-1,-0.1383483075132136,0.0
naiveB_b_CGTGTAAGTGCAGTAG-1,-0.1500075046204501,0.0
naiveB_b_CGTGTCTAGACAATAC-1,0.049611701090351984,0.0
naiveB_b_CGTTAGACACAGGCCT-1,-0.1253892982596731,0.0
naiveB_b_CGTTCTGAGGATGGTC-1,0.002452237204154347,0.0
naiveB_b_CGTTCTGCAAGCTGGA-1,0.2249624766484185,0.0
naiveB_b_CGTTCTGTCCAAACTG-1,0.006373097618099802,0.0
naiveB_b_CGTTGGGCAGGTCGTC-1,-0.08910690579784673,0.0
naiveB_b_CTAACTTAGGATGCGT-1,-0.5276221733637462,0.0
naiveB_b_CTAACTTCAATGGACG-1,-0.0017932633291119018,0.0
naiveB_b_CTAACTTGTCTAGTCA-1,0.15812828193735803,1.0
naiveB_b_CTAACTTGTGAGGGTT-1,-0.5231868465025729,0.0
naiveB_b_CTAACTTGTGGCGAAT-1,-0.37745081875225694,0.0
naiveB_b_CTAATGGAGTAACCCT-1,-0.040683259304596486,0.0
naiveB_b_CTAATGGAGTCGTACT-1,-0.36630943081070094,0.0
naiveB_b_CTAATGGGTTGATTGC-1,,
naiveB_b_CTAATGGTCTAACTGG-1,-0.0028480553704229106,0.0
naiveB_b_CTACATTAGATAGCAT-1,-0.21593165115214286,0.0
naiveB_b_CTACATTAGTTACGGG-1,-0.27886070799922713,0.0
naiveB_b_CTACATTGTTAAAGAC-1,-0.030926770252877628,0.0
naiveB_b_CTACATTGTTTAGCTG-1,0.06955428226194343,0.0
naiveB_b_CTACATTTCACATACG-1,-0.04324228435294959,0.0
naiveB_b_CTACATTTCGCTTAGA-1,,
naiveB_b_CTACGTCCAAGTTGTC-1,-0.001172617028554264,0.0
naiveB_b_CTACGTCCACATTCGA-1,,
naiveB_b_CTACGTCCAGATGGCA-1,-0.0007793117707806477,0.0
naiveB_b_CTACGTCTCGTTGACA-1,0.7575026497045309,0.0
naiveB_b_CTAGAGTAGTATCGAA-1,0.14210665877444717,1.0
naiveB_b_CTAGAGTCATATACGC-1,0.014975039570956604,0.0
naiveB_b_CTAGCCTAGACGACGT-1,-0.14718025968837478,0.0
naiveB_b_CTAGCCTGTATAATGG-1,0.11080719900213767,0.0
naiveB_b_CTAGCCTTCCACGAAT-1,-0.1389011342565747,0.0
naiveB_b_CTAGTGAAGATGCCTT-1,0.12811378749883914,1.0
naiveB_b_CTAGTGATCGTGACAT-1,-0.01791004774076745,0.0
naiveB_b_CTAGTGATCTGCTGTC-1,-0.03991305320051761,0.0
naiveB_b_CTCACACCAATCGAAA-1,-0.48801310959320104,0.0
naiveB_b_CTCACACCATACCATG-1,-0.08035672563733026,0.0
naiveB_b_CTCACACGTCTTGCGG-1,-0.008963582659732168,0.0
naiveB_b_CTCACACTCGCCAGCA-1,0.6824988736627482,1.0
naiveB_b_CTCACACTCTGAGGGA-1,-0.14231455869861007,0.0
naiveB_b_CTCATTACAACTGCTA-1,-0.04698509347670401,0.0
naiveB_b_CTCATTACACGAAATA-1,-0.022561859366990233,0.0
naiveB_b_CTCATTACAGGACGTA-1,-0.2709909813854955,0.0
naiveB_b_CTCATTAGTGCCTGCA-1,,
naiveB_b_CTCATTATCTGAAAGA-1,-0.015130969886432925,0.0
naiveB_b_CTCCTAGCAAAGAATC-1,-0.43149404212988174,0.0
naiveB_b_CTCCTAGCAAGTCTAC-1,-0.046149926310837044,0.0
naiveB_b_CTCCTAGCACCTTGTC-1,0.4535402882370476,1.0
naiveB_b_CTCCTAGCACTCAGGC-1,,
naiveB_b_CTCCTAGTCTCAAACG-1,0.35309134369564393,0.0
naiveB_b_CTCGAAAAGATCCCGC-1,-0.12408014966837153,0.0
naiveB_b_CTCGAAAAGGGTGTGT-1,,
naiveB_b_CTCGAAACACTCGACG-1,0.25544750539086214,0.0
naiveB_b_CTCGAAATCAAAGTAG-1,0.11080719900213767,1.0
naiveB_b_CTCGAGGTCAGGCCCA-1,0.3282644144904014,0.0
naiveB_b_CTCGGAGAGTCTCCTC-1,-0.11680678705916321,0.0
naiveB_b_CTCGGAGAGTTCGATC-1,-0.07799987677636919,0.0
naiveB_b_CTCGGAGGTAAATGTG-1,-0.10204349334301847,0.0
naiveB_b_CTCGGGACAGCATACT-1,-0.09362511541233137,0.0
naiveB_b_CTCGGGATCCGTACAA-1,-0.053954419656242154,0.0
naiveB_b_CTCGTACCAGTCGTGC-1,-0.18361367412920895,0.0
naiveB_b_CTCGTACGTCCGACGT-1,-0.0770160520715038,0.0
naiveB_b_CTCGTACTCTATCCTA-1,0.0568903024295659,1.0
naiveB_b_CTCGTCAAGATGCCAG-1,0.43420901689425695,1.0
naiveB_b_CTCGTCACAGCCAATT-1,-0.35398346395613345,0.0
naiveB_b_CTCGTCAGTAGAGCTG-1,-0.08334201080784506,0.0
naiveB_b_CTCTAATTCTCAACTT-1,0.15951141774059585,0.0
naiveB_b_CTCTAATTCTGTCCGT-1,,
naiveB_b_CTCTACGCAATCCGAT-1,0.10128749152706634,0.0
naiveB_b_CTCTACGTCCGCTGTT-1,-0.07041070618124808,0.0
naiveB_b_CTCTACGTCCTGCTTG-1,-0.2874400443711377,0.0
naiveB_b_CTCTGGTAGGAGCGAG-1,-0.05875088092567717,0.0
naiveB_b_CTGAAACCAAAGAATC-1,0.0569105630473343,1.0
naiveB_b_CTGAAACGTAACGTTC-1,-0.22559886814581195,0.0
naiveB_b_CTGAAACTCCTCGCAT-1,-0.4542424927604071,0.0
naiveB_b_CTGAAGTAGCAGCCTC-1,-0.43501007845847894,0.0
naiveB_b_CTGAAGTAGTGGGCTA-1,-0.15514897227414384,0.0
naiveB_b_CTGATAGCACAGACAG-1,0.20559597953604042,1.0
naiveB_b_CTGATAGCAGCCAATT-1,0.10295082687554782,0.0
naiveB_b_CTGATAGTCCGTAGTA-1,-0.00786178319459753,0.0
naiveB_b_CTGATAGTCGCCGTGA-1,0.27691588256136795,0.0
naiveB_b_CTGATAGTCTTCATGT-1,,
naiveB_b_CTGATCCGTAAGCACG-1,-0.4395102489546665,0.0
naiveB_b_CTGATCCTCAGCTGGC-1,-0.06283811454182398,0.0
naiveB_b_CTGCCTAGTAAACACA-1,-0.0439739294647127,0.0
naiveB_b_CTGCCTATCCGTAGGC-1,-0.15844846315143882,0.0
naiveB_b_CTGCCTATCGGAATCT-1,-0.35398346395613345,0.0
naiveB_b_CTGCGGAGTAAAGTCA-1,-0.10067252335469432,0.0
naiveB_b_CTGCTGTGTGCTGTAT-1,0.2609045797726462,1.0
naiveB_b_CTGCTGTTCACCGTAA-1,,
naiveB_b_CTGGTCTCATGCCTTC-1,,
naiveB_b_CTGGTCTGTACTCAAC-1,-0.18361367412920895,0.0
naiveB_b_CTGGTCTGTGAAGGCT-1,0.47326656717540594,1.0
naiveB_b_CTGGTCTGTGTGGTTT-1,-0.23277287236664182,0.0
naiveB_b_CTGTGCTCAGTCACTA-1,-0.11653064716236562,0.0
naiveB_b_CTGTGCTGTTGGAGGT-1,0.1199407301130282,0.0
naiveB_b_CTGTTTATCCTTTCGG-1,,
naiveB_b_CTTAACTAGGCTCTTA-1,,
naiveB_b_CTTAACTCAAGAGGCT-1,,
naiveB_b_CTTAACTCAGCCACCA-1,-0.14552080873607462,0.0
naiveB_b_CTTAACTTCGTCCGTT-1,-0.10147092240127811,0.0
naiveB_b_CTTACCGAGCGATATA-1,0.25432855906190255,1.0
naiveB_b_CTTACCGCAATTCCTT-1,-0.18197921433886483,0.0
naiveB_b_CTTACCGCACGCTTTC-1,-0.22805385955420615,0.0
naiveB_b_CTTACCGCAGCTTCGG-1,-0.09036042791092766,0.0
naiveB_b_CTTACCGGTTTGCATG-1,-0.24074189882677474,0.0
naiveB_b_CTTACCGTCAGTTAGC-1,-0.21039492731240936,0.0
naiveB_b_CTTAGGAAGAAGGCCT-1,-0.06059855526995808,0.0
naiveB_b_CTTGGCTAGATTACCC-1,-0.18099796280541952,0.0
naiveB_b_CTTGGCTAGCTGTTCA-1,-0.03107951932622801,0.0
naiveB_b_CTTGGCTCATGCGCAC-1,-0.285222380940551,0.0
naiveB_b_GAAACTCCAATCACAC-1,-0.16207852856817825,0.0
naiveB_b_GAAATGACACCTCGTT-1,0.28266586603877875,1.0
naiveB_b_GAACATCGTAAGGGCT-1,0.24592679803828177,0.0
naiveB_b_GAACCTAGTAGAGGAA-1,-0.033053261042747153,0.0
naiveB_b_GAACGGATCATGGTCA-1,0.19982237288473348,1.0
naiveB_b_GAAGCAGAGCGTCTAT-1,-0.1525039124749813,0.0
naiveB_b_GAAGCAGCAAACTGCT-1,0.04194708244461072,1.0
naiveB_b_GAATAAGTCAAACCGT-1,0.22058474635892575,1.0
naiveB_b_GAATAAGTCTCTTATG-1,-0.04218145661112147,0.0
naiveB_b_GACACGCGTCGAAAGC-1,0.21762397696191335,1.0
naiveB_b_GACAGAGGTGACCAAG-1,-0.31210026168240196,0.0
naiveB_b_GACCAATCACTGTGTA-1,0.0039046513471878846,0.0
naiveB_b_GACCAATTCAACACCA-1,-0.016880707366281972,0.0
naiveB_b_GACCTGGCAGCCACCA-1,0.38012267387947885,0.0
naiveB_b_GACCTGGCAGCTGGCT-1,-0.015205307639766316,0.0
naiveB_b_GACCTGGGTGTCCTCT-1,,
naiveB_b_GACCTGGTCCCAAGAT-1,0.16477557124588643,1.0
naiveB_b_GACGCGTCAAAGGTGC-1,-0.12303645178741168,0.0
naiveB_b_GACGCGTTCTTCCTTC-1,-0.06970367850970142,0.0
naiveB_b_GACGGCTCACCAGGCT-1,0.1790161960830945,0.0
naiveB_b_GACGGCTCATACGCTA-1,-0.0001684060793177955,0.0
naiveB_b_GACGGCTTCATAAAGG-1,-0.2704997279271042,0.0
naiveB_b_GACGTGCCACGAAGCA-1,0.09142534282669434,0.0
naiveB_b_GACGTGCTCTTAGAGC-1,-0.2593743797751747,0.0
naiveB_b_GACGTTAAGACGCAAC-1,-0.3156172720613725,0.0
naiveB_b_GACGTTACACAACGCC-1,,
naiveB_b_GACGTTAGTCTAGTGT-1,0.035535571703696436,0.0
naiveB_b_GACTAACCATGCCTAA-1,,
naiveB_b_GACTAACGTACAGACG-1,-0.2588087720769994,0.0
naiveB_b_GACTAACGTCGAACAG-1,-0.054075803573731665,0.0
naiveB_b_GACTAACGTTCGGGCT-1,-0.15954149599901477,0.0
naiveB_b_GACTAACGTTGCCTCT-1,0.4208212887709315,0.0
naiveB_b_GACTACAGTCAATACC-1,0.15743455387840147,1.0
naiveB_b_GACTGCGAGAAGCCCA-1,0.10134605535536015,1.0
naiveB_b_GACTGCGAGCACGCCT-1,,
naiveB_b_GACTGCGCAAGTACCT-1,-0.0940965957191716,0.0
naiveB_b_GACTGCGGTAGTGAAT-1,-0.17108764976925206,0.0
naiveB_b_GAGCAGACAAGTTGTC-1,0.08086872472105192,1.0
naiveB_b_GAGCAGATCACCATAG-1,-0.16059271284286855,0.0
naiveB_b_GAGGTGAAGCAATATG-1,0.0569105630473343,1.0
naiveB_b_GAGGTGAAGGACGAAA-1,,
naiveB_b_GAGGTGACACAGACAG-1,0.0973142521912971,1.0
naiveB_b_GAGTCCGAGATAGCAT-1,-0.02112267350287042,0.0
naiveB_b_GAGTCCGCACAAGTAA-1,0.22939388944284295,1.0
naiveB_b_GAGTCCGCAGCCTGTG-1,-0.06875303899496982,0.0
naiveB_b_GATCAGTAGCTCTCGG-1,0.7575026497045309,1.0
naiveB_b_GATCAGTAGTTGTCGT-1,0.037916242554257226,1.0
naiveB_b_GATCAGTCAATGAAAC-1,-0.04725791537852917,0.0
naiveB_b_GATCAGTGTCTCTCGT-1,0.12787501110174024,0.0
naiveB_b_GATCAGTGTTGTGGCC-1,0.4419116959150773,0.0
naiveB_b_GATCGATAGCTAACTC-1,-0.38294222200868583,0.0
naiveB_b_GATCGATCACTGCCAG-1,0.0002573134596390303,0.0
naiveB_b_GATCGCGTCGTCCGTT-1,-0.14803491272845354,0.0
naiveB_b_GATCGCGTCTCTAGGA-1,0.2572554750732388,1.0
naiveB_b_GATCGCGTCTTACCGC-1,-0.22900820550501746,0.0
naiveB_b_GATCGTAGTTACTGAC-1,,
naiveB_b_GATCTAGAGGATCGCA-1,,
naiveB_b_GATCTAGGTATATCCG-1,0.3199434116884628,1.0
naiveB_b_GATCTAGGTTCACCTC-1,-0.21418014798880625,0.0
naiveB_b_GATGAAAAGGTTCCTA-1,-0.39534809983891195,0.0
naiveB_b_GATGAAACATACTCTT-1,-0.12160084877659198,0.0
naiveB_b_GATGAAAGTCCGACGT-1,-0.22561793982609016,0.0
naiveB_b_GATGAAATCCCATTTA-1,-0.1757546896369925,0.0
naiveB_b_GATGAAATCGAACGGA-1,-0.13749480969515285,0.0
naiveB_b_GATGAGGAGCGTTTAC-1,-0.002773782511935654,0.0
naiveB_b_GATGAGGCAATAGAGT-1,0.7390957131147772,0.0
naiveB_b_GATTCAGAGCCCAACC-1,-0.11796768815556105,0.0
naiveB_b_GATTCAGAGGATATAC-1,0.38346552499307823,0.0
naiveB_b_GATTCAGTCCTAAGTG-1,-0.5155377231118548,0.0
naiveB_b_GCAAACTAGAAGGACA-1,-0.3608759229678291,0.0
naiveB_b_GCACATAAGTGAAGTT-1,,
naiveB_b_GCACTCTGTAAGGGCT-1,,
naiveB_b_GCACTCTGTAGCGTCC-1,0.0035483153939760703,0.0
naiveB_b_GCACTCTGTGAACCTT-1,0.37965697226646644,1.0
naiveB_b_GCACTCTTCACATACG-1,-0.5231868465025729,0.0
naiveB_b_GCAGCCAGTGTTAAGA-1,-0.2166403332904643,0.0
naiveB_b_GCAGTTATCGAATGCT-1,0.2912354492194042,1.0
naiveB_b_GCATACAAGCCTTGAT-1,0.17054503158222772,1.0
naiveB_b_GCATACACATCTCGCT-1,,
naiveB_b_GCATACATCGACCAGC-1,0.1410829613016562,1.0
naiveB_b_GCATACATCGCGCCAA-1,0.38056759984416944,1.0
naiveB_b_GCATGATAGGCCATAG-1,-0.002038611204202366,0.0
naiveB_b_GCATGATGTAAATACG-1,0.7575026497045309,1.0
naiveB_b_GCATGCGAGCAACGGT-1,-0.02204514045287446,0.0
naiveB_b_GCATGCGTCGGAGCAA-1,-0.046155585780677334,0.0
naiveB_b_GCATGTAGTCTAACGT-1,0.01654247747654017,0.0
naiveB_b_GCATGTATCCCAAGAT-1,-0.18293461130685926,0.0
naiveB_b_GCCAAATAGCAAATCA-1,-0.01565648036013399,0.0
naiveB_b_GCCAAATCACAAGACG-1,-0.20555945280970164,0.0
naiveB_b_GCCAAATGTGGACGAT-1,-0.7559169696577404,0.0
naiveB_b_GCCTCTACATCCAACA-1,0.15629515176210307,0.0
naiveB_b_GCCTCTAGTCCAAGTT-1,-0.1356941394603746,0.0
naiveB_b_GCGACCAAGGACATTA-1,-0.22366714964162182,0.0
naiveB_b_GCGACCACAATCAGAA-1,-0.2286696600005844,0.0
naiveB_b_GCGACCAGTCATGCAT-1,-0.18924462079016302,0.0
naiveB_b_GCGACCAGTGGACGAT-1,-0.17414442064211394,0.0
naiveB_b_GCGCAACAGGGTATCG-1,-0.3762345915541144,0.0
naiveB_b_GCGCAGTCATGCCACG-1,-0.3341308177123145,0.0
naiveB_b_GCGCAGTTCCCTTGTG-1,-0.09193816279259544,0.0
naiveB_b_GCGCCAACATAACCTG-1,0.03193235473138453,1.0
naiveB_b_GCGCCAAGTGCAGACA-1,-0.23644863204589225,0.0
naiveB_b_GCGCGATCATTGAGCT-1,0.3632449314614527,0.0
naiveB_b_GCGCGATTCAACGGGA-1,0.05238586006448514,0.0
naiveB_b_GCGGGTTTCGTGGACC-1,0.04652644012432095,0.0
naiveB_b_GCTCCTATCCCGACTT-1,-0.118500512372002,0.0
naiveB_b_GCTCTGTAGCTTATCG-1,0.05534578680849878,1.0
naiveB_b_GCTCTGTCAGGCGATA-1,-0.06379319031204556,0.0
naiveB_b_GCTGCAGCAATCGGTT-1,-0.3696685852974193,0.0
naiveB_b_GCTGCAGGTGCAGACA-1,0.39458200616841116,0.0
naiveB_b_GCTGCGAAGACAGGCT-1,0.02749151501793774,0.0
naiveB_b_GCTGCGAAGCGCTCCA-1,-0.01433353959762044,0.0
naiveB_b_GCTGCGACACGGTTTA-1,0.46217904702539936,1.0
naiveB_b_GCTGCGAGTCCCTACT-1,-0.13658928468661885,0.0
naiveB_b_GCTGCTTAGATCACGG-1,-0.027422890995782007,0.0
naiveB_b_GCTGCTTAGGTGCTTT-1,-0.0628209969164297,0.0
naiveB_b_GCTGCTTTCGTAGGAG-1,0.16307943808400113,1.0
naiveB_b_GCTGGGTAGGAATTAC-1,-0.4003762657688368,0.0
naiveB_b_GCTGGGTCAGTCTTCC-1,-0.02235566177440042,0.0
naiveB_b_GCTTCCAAGGCATTGG-1,0.8136854166138602,0.0
naiveB_b_GCTTCCAAGTGACATA-1,0.5291121091967399,0.0
naiveB_b_GCTTCCAGTAGATTAG-1,-0.018215879923726846,0.0
naiveB_b_GCTTCCATCCCAAGTA-1,-0.09302859084437898,0.0
naiveB_b_GCTTGAATCAAGAAGT-1,0.022935217784419093,0.0
naiveB_b_GCTTGAATCTGTACGA-1,,
naiveB_b_GGAAAGCCAGACGCCT-1,-0.2005159956090908,0.0
naiveB_b_GGAAAGCGTCGCTTTC-1,0.18358902795396617,0.0
naiveB_b_GGAACTTAGCAGATCG-1,0.5508972529759615,0.0
naiveB_b_GGAATAAAGCAGCGTA-1,-0.12827693439371954,0.0
naiveB_b_GGACAAGTCCAAGTAC-1,0.10270511002385735,0.0
naiveB_b_GGACAAGTCTCCTATA-1,0.5291121091967399,0.0
naiveB_b_GGACAGAAGGCGACAT-1,-0.4800353381385295,0.0
naiveB_b_GGACAGACAATGGATA-1,0.2694777763787088,0.0
naiveB_b_GGACATTTCCGCAAGC-1,-0.20982078123280506,0.0
naiveB_b_GGACGTCAGAAACCGC-1,-0.047156047432183275,0.0
naiveB_b_GGACGTCCAATCCAAC-1,-0.07808691964139414,0.0
naiveB_b_GGACGTCCATCGGGTC-1,0.3443117634686679,1.0
naiveB_b_GGACGTCGTGAGGGAG-1,-0.015036589632339644,0.0
naiveB_b_GGACGTCTCACTCTTA-1,-0.11864575576808412,0.0
naiveB_b_GGAGCAAAGTCTTGCA-1,0.008721358444726898,0.0
naiveB_b_GGAGCAACACATTTCT-1,0.07296845654546173,0.0
naiveB_b_GGAGCAAGTAACGACG-1,0.055072125970703004,0.0
naiveB_b_GGATGTTGTACATCCA-1,-0.14330516909489766,0.0
naiveB_b_GGATTACGTCTACCTC-1,-0.08687824300242519,0.0
naiveB_b_GGATTACTCCATTCTA-1,-1.0224995020003593,0.0
naiveB_b_GGCAATTAGTATCTCG-1,0.24418186601069455,1.0
naiveB_b_GGCAATTCACTTAACG-1,1.0024614949757706,0.0
naiveB_b_GGCCGATCACCAGGCT-1,-0.0643913036279055,0.0
naiveB_b_GGCCGATCATCCGGGT-1,0.08049080223644846,1.0
naiveB_b_GGCGACTTCAACCATG-1,-0.1989827122507822,0.0
naiveB_b_GGCGTGTAGACGCAAC-1,-0.24209117385809434,0.0
naiveB_b_GGCGTGTAGCCCAATT-1,-0.08467258482435003,0.0
naiveB_b_GGCGTGTGTTGTTTGG-1,-0.1712494005512427,0.0
naiveB_b_GGCGTGTTCTTACCGC-1,0.46827574599676475,1.0
naiveB_b_GGCTCGACACGGATAG-1,0.26161962556363544,1.0
naiveB_b_GGCTCGACATCGGTTA-1,0.05143916570793921,0.0
naiveB_b_GGCTCGAGTCATCCCT-1,0.02090631334173843,0.0
naiveB_b_GGCTCGAGTCTGCCAG-1,-0.08048422647923825,0.0
naiveB_b_GGCTGGTAGAACAACT-1,0.0925032826323855,0.0
naiveB_b_GGCTGGTAGTAATCCC-1,0.09904803018219294,0.0
naiveB_b_GGCTGGTCACGAGGTA-1,,
naiveB_b_GGCTGGTCATACGCCG-1,-0.2995652466544434,0.0
naiveB_b_GGCTGGTTCACTCCTG-1,-0.04725791537852917,0.0
naiveB_b_GGGAATGAGGGTTTCT-1,0.23241201045581925,0.0
naiveB_b_GGGAATGTCAACGGCC-1,-0.09993366445735359,0.0
naiveB_b_GGGAGATGTCACTGGC-1,-0.1501299827158485,0.0
naiveB_b_GGGATGAAGATATGCA-1,0.2678831415447643,1.0
naiveB_b_GGGATGAAGCGCTTAT-1,0.4267265373421221,1.0
naiveB_b_GGGATGACAGTGAGTG-1,0.1022476706478523,1.0
naiveB_b_GGGATGAGTCTCTTTA-1,,
naiveB_b_GGGATGATCTCCAACC-1,-0.07865690035615538,0.0
naiveB_b_GGGCACTCATCGGGTC-1,,
naiveB_b_GGGCACTGTCGGCTCA-1,-0.1389011342565747,0.0
naiveB_b_GGGCACTGTGTGTGCC-1,-0.2873036334202251,0.0
naiveB_b_GGGCACTTCCAATGGT-1,-0.4542424927604071,0.0
naiveB_b_GGGCATCCACGGTGTC-1,-0.14665144433711017,0.0
naiveB_b_GGGCATCCATGCATGT-1,0.3072707661266862,0.0
naiveB_b_GGGTCTGAGGATATAC-1,0.1075486574006581,1.0
naiveB_b_GGGTCTGAGTCGATAA-1,-0.10512628771308755,0.0
naiveB_b_GGGTCTGTCGGCTACG-1,-0.2506992700962952,0.0
naiveB_b_GGGTTGCCACCCTATC-1,-0.10938294752952223,0.0
naiveB_b_GGGTTGCGTAGGGACT-1,0.2584920348995159,1.0
naiveB_b_GGTATTGGTAAGGGAA-1,0.5052958751884882,0.0
naiveB_b_GGTATTGGTGCGGTAA-1,-0.25329383869058575,0.0
naiveB_b_GGTGAAGAGCCAGTTT-1,0.034788836849302396,0.0
naiveB_b_GGTGAAGTCCATGCTC-1,,
naiveB_b_GGTGCGTCAAGTAGTA-1,-0.04248649659210862,0.0
naiveB_b_GGTGCGTGTACAGACG-1,-0.1477186422118987,0.0
naiveB_b_GGTGTTAGTGAGTATA-1,0.33098185633534494,1.0
naiveB_b_GTAACGTCATGCCTTC-1,0.20914132152694764,1.0
naiveB_b_GTAACGTGTGCCTGGT-1,0.033744065745662265,1.0
naiveB_b_GTAACTGGTGACTACT-1,0.4395502022529242,0.0
naiveB_b_GTAACTGGTGATAAGT-1,,
naiveB_b_GTAACTGTCAAGGTAA-1,0.17830012759301864,1.0
naiveB_b_GTAACTGTCATCTGCC-1,-0.30605987634586973,0.0
naiveB_b_GTACGTACATCACGTA-1,0.25012490508722585,1.0
naiveB_b_GTACTCCGTGTTGAGG-1,0.32902137624542405,0.0
naiveB_b_GTACTCCGTTAAAGTG-1,0.1344229974696309,1.0
naiveB_b_GTACTTTCACAGCCCA-1,-0.016795485606567566,0.0
naiveB_b_GTAGGCCAGCAGGTCA-1,-0.11968950225769602,0.0
naiveB_b_GTAGGCCTCGGTGTTA-1,0.12754096750652782,1.0
naiveB_b_GTAGTCACAAGTCTAC-1,0.34497711348678056,0.0
naiveB_b_GTATCTTAGGAGCGAG-1,0.15358582245604122,1.0
naiveB_b_GTATCTTAGGTGATAT-1,0.1292905194155139,1.0
naiveB_b_GTATCTTCAGACGCAA-1,0.03901518125636182,0.0
naiveB_b_GTCACAAGTCTACCTC-1,0.2618834522393796,1.0
naiveB_b_GTCACAAGTTCCGTCT-1,-0.04222480391095518,0.0
naiveB_b_GTCACGGCACAGCGTC-1,-0.4015874425181348,0.0
naiveB_b_GTCATTTGTATGAATG-1,-0.3323537519530289,0.0
naiveB_b_GTCATTTTCCTGTACC-1,-0.0408897738424486,0.0
naiveB_b_GTCCTCACAGACGCAA-1,-0.37329666342041085,0.0
naiveB_b_GTCCTCAGTAAATGTG-1,,
naiveB_b_GTCCTCATCCGCGCAA-1,-0.16778879992398016,0.0
naiveB_b_GTCGGGTGTTAAAGAC-1,-0.5103864843565463,0.0
naiveB_b_GTCGGGTTCACCGGGT-1,0.15066905429123567,1.0
naiveB_b_GTCGTAACAGGATCGA-1,0.045515221333376696,0.0
naiveB_b_GTCGTAAGTACCGGCT-1,,
naiveB_b_GTCGTAAGTGTGAATA-1,-0.1744094188758133,0.0
naiveB_b_GTCGTAAGTTGGAGGT-1,1.4933223961159874,1.0
naiveB_b_GTCTCGTAGCAACGGT-1,-0.14802804272430428,0.0
naiveB_b_GTCTCGTCATGTCTCC-1,,
naiveB_b_GTCTCGTGTCATGCAT-1,0.06661866488678456,1.0
naiveB_b_GTCTCGTTCCCTCTTT-1,,
naiveB_b_GTCTTCGGTGCGCTTG-1,,
naiveB_b_GTCTTCGTCCAAGTAC-1,-0.010158324267150076,0.0
naiveB_b_GTGAAGGCACTGTTAG-1,0.24097803088227832,1.0
naiveB_b_GTGCAGCCACGGTAGA-1,-0.0634972092714868,0.0
naiveB_b_GTGCAGCCATGCCCGA-1,-0.33104399037957377,0.0
naiveB_b_GTGCAGCGTCGGATCC-1,-0.2751206968242339,0.0
naiveB_b_GTGCGGTCAGCTCGCA-1,-0.14021706903684036,0.0
naiveB_b_GTGCTTCCAAAGTCAA-1,-0.10008559022737398,0.0
naiveB_b_GTGCTTCTCCTCCTAG-1,,
naiveB_b_GTGCTTCTCTCTTGAT-1,0.3154115746627561,0.0
naiveB_b_GTGGGTCAGCAGCCTC-1,-0.04725791537852917,0.0
naiveB_b_GTGGGTCCAAATTGCC-1,-0.029552077093093265,0.0
naiveB_b_GTGGGTCCATACTCTT-1,0.5332669641046821,1.0
naiveB_b_GTGGGTCGTAGGCTGA-1,-0.4053618383976089,0.0
naiveB_b_GTGTTAGCACCAGGTC-1,0.13429292975398954,1.0
naiveB_b_GTTAAGCCAAATTGCC-1,0.18741752087046987,0.0
naiveB_b_GTTAAGCGTGCGCTTG-1,-0.2400030767662242,0.0
naiveB_b_GTTACAGTCCGCGCAA-1,0.01578799609949474,0.0
naiveB_b_GTTACAGTCCTCGCAT-1,0.2132777535258438,0.0
naiveB_b_GTTACAGTCTATCCTA-1,,
naiveB_b_GTTCATTAGAACAATC-1,-0.23703781282661282,0.0
naiveB_b_GTTCATTAGCCCAACC-1,-0.23610957488935772,0.0
naiveB_b_GTTCATTGTCATGCAT-1,-0.1883198050919634,0.0
naiveB_b_GTTCGGGCATCTACGA-1,-0.27137657162508955,0.0
naiveB_b_GTTCGGGGTTTACTCT-1,,
naiveB_b_GTTCGGGTCGTGGACC-1,,
naiveB_b_GTTCTCGAGAAGATTC-1,-0.18405537781157516,0.0
naiveB_b_GTTCTCGAGGTGCTAG-1,0.04380922897741743,1.0
naiveB_b_GTTCTCGCAGTAGAGC-1,-0.046149926310837044,0.0
naiveB_b_GTTTCTAAGTTGAGTA-1,0.28278595464775047,0.0
naiveB_b_GTTTCTACAACGATGG-1,0.12384083622823022,1.0
naiveB_b_GTTTCTACACACCGAC-1,0.1292905194155139,1.0
naiveB_b_GTTTCTACATACTACG-1,-0.25564998549133505,0.0
naiveB_b_TAAACCGGTGAAATCA-1,,
naiveB_b_TAAGAGAAGAGCTGGT-1,0.1080976887026604,0.0
naiveB_b_TAAGAGAGTCAACATC-1,0.38263971658469675,1.0
naiveB_b_TAAGCGTAGAGAGCTC-1,-0.0799425060368204,0.0
naiveB_b_TAAGCGTAGTGATCGG-1,0.30916848323257334,1.0
naiveB_b_TAAGCGTCATTACGAC-1,-0.006893989919165969,0.0
naiveB_b_TAAGCGTGTCAGCTAT-1,0.9085563120363862,1.0
naiveB_b_TAAGTGCCAAAGCAAT-1,-0.19629796126911095,0.0
naiveB_b_TACACGAGTCAACTGT-1,-0.011446112956101028,0.0
naiveB_b_TACAGTGTCTCGGACG-1,-0.028725118999499255,0.0
naiveB_b_TACCTATAGTCTCGGC-1,0.025591863604174463,0.0
naiveB_b_TACCTATCATCTATGG-1,-0.1818377143809885,0.0
naiveB_b_TACCTATCATTCTCAT-1,,
naiveB_b_TACCTATCATTGGGCC-1,0.03896644429725836,0.0
naiveB_b_TACCTATGTCAGAAGC-1,0.14943224083326792,1.0
naiveB_b_TACCTATGTCTTGTCC-1,-0.0905357649766399,0.0
naiveB_b_TACCTATGTGATAAAC-1,0.15951141774059585,1.0
naiveB_b_TACCTATTCCTAAGTG-1,0.05626539306651982,0.0
naiveB_b_TACCTATTCGTACGGC-1,,
naiveB_b_TACGGATCAAGCGCTC-1,-0.14814415781608198,0.0
naiveB_b_TACGGATGTCCCTACT-1,0.15668726286887902,0.0
naiveB_b_TACGGGCCAGTATCTG-1,0.07252322945711408,0.0
naiveB_b_TACGGGCTCTGATACG-1,0.5287509576757233,0.0
naiveB_b_TACGGTAAGCCAACAG-1,-0.21324046441254044,0.0
naiveB_b_TACGGTACACCGAAAG-1,,
naiveB_b_TACGGTACAGACAAAT-1,0.3369981619548059,0.0
naiveB_b_TACGGTAGTAGAAGGA-1,-0.1782512220868984,0.0
naiveB_b_TACGGTAGTTCTGAAC-1,0.15313283507419567,1.0
naiveB_b_TACTCATCAATAAGCA-1,-0.19361884278825445,0.0
naiveB_b_TACTCATTCATAACCG-1,-0.024242098730110462,0.0
naiveB_b_TACTCGCTCATTTGGG-1,-0.21702418251452785,0.0
naiveB_b_TACTTACTCTAACGGT-1,,
naiveB_b_TACTTGTCAGGTCCAC-1,0.32454768404836487,1.0
naiveB_b_TAGACCAAGCGTGAAC-1,-0.005757562693733615,0.0
naiveB_b_TAGACCAGTTTGACTG-1,,
naiveB_b_TAGAGCTAGGCGTACA-1,-0.10250985834088944,0.0
naiveB_b_TAGCCGGCAGTCGTGC-1,-0.22094406878263306,0.0
naiveB_b_TAGGCATCACTTCTGC-1,0.11787894294086369,1.0
naiveB_b_TAGTGGTCACTGTTAG-1,0.16318726344424087,1.0
naiveB_b_TAGTGGTGTTAAAGTG-1,0.14885256917284626,1.0
naiveB_b_TAGTGGTTCCTCAACC-1,-0.14911215937979488,0.0
naiveB_b_TAGTTGGCAGCTCGAC-1,,
naiveB_b_TATCAGGAGTAATCCC-1,0.1292905194155139,1.0
naiveB_b_TATCAGGGTAAACGCG-1,-0.26335059962862956,0.0
naiveB_b_TATCAGGGTTACCAGT-1,0.03961714616929354,1.0
naiveB_b_TATCAGGGTTCACCTC-1,,
naiveB_b_TATCAGGTCTATCCTA-1,0.09484080695292395,1.0
naiveB_b_TATCTCAAGGCTAGAC-1,0.1309433963844121,1.0
naiveB_b_TATGCCCGTAGATTAG-1,0.4095736453866805,1.0
naiveB_b_TATGCCCGTCTAGCGC-1,0.23299687516971465,0.0
naiveB_b_TATGCCCGTGCGCTTG-1,0.04795485206893186,1.0
naiveB_b_TATTACCAGTATCTCG-1,0.3916957773731516,0.0
naiveB_b_TATTACCCAATCGAAA-1,-1.0224995020003593,0.0
naiveB_b_TCAACGAAGTGCGATG-1,0.1696401248448972,1.0
naiveB_b_TCAACGACAAAGAATC-1,0.5568813021813805,1.0
naiveB_b_TCAACGACACTTCTGC-1,-0.04698509347670401,0.0
naiveB_b_TCAACGATCAAAGTAG-1,0.15823035543772782,1.0
naiveB_b_TCACAAGAGTTCGCGC-1,0.29313586611700615,1.0
naiveB_b_TCACAAGGTTAGATGA-1,0.12475224244249998,1.0
naiveB_b_TCAGATGCATCACAAC-1,-0.04698509347670401,0.0
naiveB_b_TCAGATGGTGCTCTTC-1,-0.18361367412920895,0.0
naiveB_b_TCAGATGTCATACGGT-1,-0.138100433899581,0.0
naiveB_b_TCAGCAAGTCACACGC-1,-0.12552028726599612,0.0
naiveB_b_TCAGCAATCACGGTTA-1,-0.3073331087711659,0.0
naiveB_b_TCAGCTCTCATGCTCC-1,,
naiveB_b_TCAGCTCTCGGCATCG-1,-0.5985754004341451,0.0
naiveB_b_TCAGCTCTCTTTAGGG-1,-0.16343453610325462,0.0
naiveB_b_TCAGGATCACGCGAAA-1,-0.20358543523864556,0.0
naiveB_b_TCAGGATGTGACCAAG-1,,
naiveB_b_TCAGGATTCCGAAGAG-1,,
naiveB_b_TCAGGATTCGGCGCTA-1,0.03233398726775988,1.0
naiveB_b_TCAGGTAAGCAGCGTA-1,-0.04466001642505399,0.0
naiveB_b_TCAGGTACAAACTGTC-1,0.167065592398912,0.0
naiveB_b_TCATTACAGATCCCAT-1,-0.054169631457936226,0.0
naiveB_b_TCATTACTCATCTGCC-1,0.21554087724666876,1.0
naiveB_b_TCATTTGTCTGACCTC-1,-0.22749194943841664,0.0
naiveB_b_TCCACACTCTCTGTCG-1,,
naiveB_b_TCCACACTCTTGCCGT-1,,
naiveB_b_TCCCGATGTAATAGCA-1,-0.1895897662269563,0.0
naiveB_b_TCCCGATGTACCATCA-1,-0.04929635568297667,0.0
naiveB_b_TCGAGGCCAATCGGTT-1,-0.04833353424895389,0.0
naiveB_b_TCGAGGCCACAAGTAA-1,-0.015130969886432925,0.0
naiveB_b_TCGAGGCGTCTCACCT-1,0.04357393462186476,0.0
naiveB_b_TCGCGAGGTAAGGGCT-1,0.3126589386990871,1.0
naiveB_b_TCGCGAGGTCCGAGTC-1,-0.03210401885482147,0.0
naiveB_b_TCGCGAGGTGCTGTAT-1,-0.21670696020474867,0.0
naiveB_b_TCGCGAGTCGGCGCTA-1,-0.02488783425014629,0.0
naiveB_b_TCGCGTTAGCTGAACG-1,-0.03380792932674889,0.0
naiveB_b_TCGCGTTTCAAACGGG-1,-0.04267989637855642,0.0
naiveB_b_TCGCGTTTCACTATTC-1,0.0937650185731069,1.0
naiveB_b_TCGCGTTTCGCAAGCC-1,-0.2631457906143894,0.0
naiveB_b_TCGCGTTTCTGCTGCT-1,-0.05701585943913803,0.0
naiveB_b_TCGGGACCACGAAACG-1,-0.295147230772481,0.0
naiveB_b_TCGGGACCACGTCAGC-1,-0.07620911423891837,0.0
naiveB_b_TCGGTAAGTGTTAAGA-1,0.157905071616407,1.0
naiveB_b_TCGGTAAGTTACGCGC-1,0.24106530889387923,1.0
naiveB_b_TCGTACCCATCCGTGG-1,-0.20697105370298996,0.0
naiveB_b_TCGTACCGTACTTGAC-1,,
naiveB_b_TCGTACCGTCTTGTCC-1,-0.23145233778254493,0.0
naiveB_b_TCGTACCTCATTTGGG-1,-0.21089519155881786,0.0
naiveB_b_TCGTAGAGTCATATGC-1,,
naiveB_b_TCGTAGAGTCTCTTAT-1,-0.042214210995239934,0.0
naiveB_b_TCTATTGAGGGCTTGA-1,0.04509793349991729,0.0
naiveB_b_TCTATTGGTCGGCATC-1,0.11451925721451457,1.0
naiveB_b_TCTCATAAGCGTAGTG-1,0.16944812187086455,1.0
naiveB_b_TCTCATACACCATCCT-1,-0.11653064716236562,0.0
naiveB_b_TCTCATACAGGGTTAG-1,-0.13941894864418788,0.0
naiveB_b_TCTCATACAGTCAGAG-1,0.1272049705092316,1.0
naiveB_b_TCTCTAAAGCTATGCT-1,-0.12565366747662327,0.0
naiveB_b_TCTCTAACAACACCCG-1,0.15320287986468265,0.0
naiveB_b_TCTCTAATCTGGTATG-1,,
naiveB_b_TCTGAGAAGCCATCGC-1,0.40212273425088363,0.0
naiveB_b_TCTGAGAAGCTGGAAC-1,0.14583635189111094,1.0
naiveB_b_TCTGAGACAATAAGCA-1,0.15951141774059585,0.0
naiveB_b_TCTGAGAGTTCGTCTC-1,,
naiveB_b_TCTGAGATCCGTTGCT-1,-0.2861639708518871,0.0
naiveB_b_TCTGGAAGTGTCTGAT-1,-0.016808206774856733,0.0
naiveB_b_TCTGGAAGTTGATTGC-1,0.03255955397284015,0.0
naiveB_b_TCTGGAATCTACTATC-1,-0.1935823567297178,0.0
naiveB_b_TCTGGAATCTGTCAAG-1,-0.04317439457442757,0.0
naiveB_b_TCTTCGGCAAGACACG-1,-0.07865690035615538,0.0
naiveB_b_TCTTCGGGTGTGCCTG-1,0.3485776454254399,0.0
naiveB_b_TCTTTCCCATGATCCA-1,-0.20384889647523338,0.0
naiveB_b_TCTTTCCGTTCAACCA-1,0.43555913538172525,1.0
naiveB_b_TGACAACCATGACGGA-1,0.03357467823749495,0.0
naiveB_b_TGACAACGTGGCAAAC-1,0.13037694856169743,1.0
naiveB_b_TGACAACGTTCGCGAC-1,-0.10212308317159337,0.0
naiveB_b_TGACTAGAGCTGTTCA-1,0.12655166093524528,0.0
naiveB_b_TGACTAGCATCACGTA-1,0.7958296002191583,1.0
naiveB_b_TGACTAGGTGTTTGTG-1,,
naiveB_b_TGACTAGTCATGCTCC-1,,
naiveB_b_TGACTAGTCTACTATC-1,,
naiveB_b_TGACTAGTCTCATTCA-1,-0.2873036334202251,0.0
naiveB_b_TGACTTTTCAAGATCC-1,0.2249679699381778,1.0
naiveB_b_TGACTTTTCGGTCTAA-1,0.032581305930976634,0.0
naiveB_b_TGAGAGGAGGCTAGGT-1,0.18803635725412846,1.0
naiveB_b_TGAGAGGAGGGCTTGA-1,0.09328968939624249,1.0
naiveB_b_TGAGCATAGAATGTGT-1,0.09484080695292395,1.0
naiveB_b_TGAGCATCAAGAGGCT-1,0.0749419599150419,0.0
naiveB_b_TGAGCATGTCCTCCAT-1,-0.4020188084419736,0.0
naiveB_b_TGAGCCGCACACGCTG-1,-0.09623964087236786,0.0
naiveB_b_TGAGCCGTCACTCCTG-1,0.058755362136692635,1.0
naiveB_b_TGAGGGACATAGACTC-1,,
naiveB_b_TGATTTCTCCCAGGTG-1,-0.06555557937636755,0.0
naiveB_b_TGCACCTAGCCATCGC-1,,
naiveB_b_TGCACCTAGTAATCCC-1,0.13567072486905526,0.0
naiveB_b_TGCACCTAGTGATCGG-1,0.284330054732605,0.0
naiveB_b_TGCACCTAGTTTCCTT-1,0.014821724041728646,0.0
naiveB_b_TGCACCTGTCTGATTG-1,0.09101807857153829,0.0
naiveB_b_TGCCAAAGTCAGAAGC-1,-0.18375988834779597,0.0
naiveB_b_TGCCCATGTCTCCCTA-1,-0.034856219607857675,0.0
naiveB_b_TGCCCATTCATCTGTT-1,0.21295203842742638,0.0
naiveB_b_TGCCCATTCCGCAAGC-1,-0.14052429968214636,0.0
naiveB_b_TGCCCATTCCGTCAAA-1,-0.1381479359196324,0.0
naiveB_b_TGCCCTATCGCATGGC-1,,
naiveB_b_TGCGCAGAGCAGCGTA-1,-0.04937738626513616,0.0
naiveB_b_TGCGCAGAGTTAGCGG-1,0.06545280646737199,0.0
naiveB_b_TGCGCAGGTTGAGTTC-1,0.20775938947221112,0.0
naiveB_b_TGCGCAGTCAGCAACT-1,-0.017100645958011685,0.0
naiveB_b_TGCGGGTCAGTGGGAT-1,-0.23911341901313993,0.0
naiveB_b_TGCGGGTGTCAGCTAT-1,0.12332083723950031,1.0
naiveB_b_TGCGGGTTCCAAGCCG-1,-0.18710914519120828,0.0
naiveB_b_TGCGTGGGTTAAAGTG-1,-0.13149689463733266,0.0
naiveB_b_TGCTACCAGCAGATCG-1,-0.3401353355820127,0.0
naiveB_b_TGCTACCTCACTTATC-1,0.38346552499307823,1.0
naiveB_b_TGCTACCTCTAACGGT-1,0.24378948800307165,1.0
naiveB_b_TGCTGCTCACCTATCC-1,-0.048819844123598286,0.0
naiveB_b_TGCTGCTCAGGAACGT-1,0.17339829197232817,1.0
naiveB_b_TGCTGCTGTGTGAAAT-1,0.12067460238896906,1.0
naiveB_b_TGCTGCTTCGCCCTTA-1,,
naiveB_b_TGGCCAGAGCTGAAAT-1,-0.10170983772011596,0.0
naiveB_b_TGGCCAGCAATGGTCT-1,-0.047156047432183275,0.0
naiveB_b_TGGCCAGCACCGTTGG-1,-0.18168118482504314,0.0
naiveB_b_TGGCCAGGTGTGCCTG-1,0.1274756144608142,1.0
naiveB_b_TGGCCAGTCACCCTCA-1,0.08051467392586019,0.0
naiveB_b_TGGCGCAGTTCCGGCA-1,-0.011786613179653627,0.0
naiveB_b_TGGCTGGCAAAGGTGC-1,0.20464864639367397,1.0
naiveB_b_TGGCTGGCAGAAGCAC-1,0.03354412440984797,0.0
naiveB_b_TGGCTGGCATATGAGA-1,-0.2457241151825162,0.0
naiveB_b_TGGGAAGAGTGCAAGC-1,0.1287236917624133,1.0
naiveB_b_TGGGCGTAGTCACGCC-1,-0.148873792221075,0.0
naiveB_b_TGGGCGTCATCTGGTA-1,0.2443428653921887,1.0
naiveB_b_TGGGCGTTCACAACGT-1,-0.21343322481638838,0.0
naiveB_b_TGGTTAGAGAAGCCCA-1,0.14997363862040106,0.0
naiveB_b_TGGTTAGAGAGCAATT-1,-0.0083410225638969,0.0
naiveB_b_TGGTTAGCATCTCGCT-1,,
naiveB_b_TGGTTAGGTCAGAAGC-1,-0.09827690127206122,0.0
naiveB_b_TGGTTCCAGGGTTTCT-1,-0.09361045874890264,0.0
naiveB_b_TGGTTCCAGTGTTTGC-1,-0.06778385862714682,0.0
naiveB_b_TGTATTCAGATCGATA-1,,
naiveB_b_TGTATTCAGCATGGCA-1,0.15951141774059585,0.0
naiveB_b_TGTATTCGTCGAGATG-1,0.0032391492434935,0.0
naiveB_b_TGTCCCAAGTGATCGG-1,-0.319596552920757,0.0
naiveB_b_TGTCCCATCCATGAAC-1,-0.007346145253741471,0.0
naiveB_b_TGTGGTAAGTTTCCTT-1,,
naiveB_b_TGTGGTACATATACCG-1,-0.08713151151794427,0.0
naiveB_b_TGTGGTAGTCGATTGT-1,0.3896989196625647,0.0
naiveB_b_TGTGGTAGTTCACCTC-1,1.0024614949757706,1.0
naiveB_b_TGTGTTTGTGATAAGT-1,0.23235767594565976,0.0
naiveB_b_TGTGTTTGTGATGTGG-1,0.38346552499307823,1.0
naiveB_b_TGTGTTTTCCGCATCT-1,-0.2015850238345562,0.0
naiveB_b_TGTGTTTTCTTGCAAG-1,,
naiveB_b_TTAACTCAGCTCAACT-1,-0.12241810935799785,0.0
naiveB_b_TTAACTCCACCAGTTA-1,,
naiveB_b_TTAACTCGTTTAGGAA-1,0.030170196165252048,0.0
naiveB_b_TTAACTCTCCGCAGTG-1,0.24090706290977998,1.0
naiveB_b_TTAGGACAGACAATAC-1,0.18834976056954247,0.0
naiveB_b_TTAGGCACATGGTCAT-1,0.019512030448922836,0.0
naiveB_b_TTAGTTCCAACACCTA-1,0.9085563120363862,0.0
naiveB_b_TTAGTTCTCCCGACTT-1,,
naiveB_b_TTAGTTCTCCTAAGTG-1,-0.13528421776293525,0.0
naiveB_b_TTATGCTCAAGGTTCT-1,-0.09104539983253938,0.0
naiveB_b_TTCCCAGAGGATGCGT-1,,
naiveB_b_TTCCCAGAGTACCGGA-1,,
naiveB_b_TTCGAAGCAAGCCCAC-1,0.7109190344216865,1.0
naiveB_b_TTCGAAGCAGGTCGTC-1,0.11240633531294647,1.0
naiveB_b_TTCGAAGGTCCAGTTA-1,-0.023164872956521126,0.0
naiveB_b_TTCGAAGGTTCCATGA-1,-0.27950156962449035,0.0
naiveB_b_TTCGGTCCATTACGAC-1,-0.01970273661729272,0.0
naiveB_b_TTCGGTCGTTACAGAA-1,0.16828611163409837,1.0
naiveB_b_TTCTACACAATGGAAT-1,,
naiveB_b_TTCTCAAAGTGGTAAT-1,-0.1289519113090453,0.0
naiveB_b_TTCTCAAGTCGCATCG-1,0.07690136346198646,0.0
naiveB_b_TTCTCAATCCAGAGGA-1,-1.0224995020003593,0.0
naiveB_b_TTCTCCTCAGCTGTTA-1,-0.1389011342565747,0.0
naiveB_b_TTCTCCTTCACGCATA-1,-0.015130969886432925,0.0
naiveB_b_TTCTTAGAGGCCGAAT-1,-0.18361367412920895,0.0
naiveB_b_TTCTTAGTCACCACCT-1,0.04812722144725536,1.0
naiveB_b_TTGAACGAGTGAACAT-1,,
naiveB_b_TTGCCGTAGGACAGCT-1,-0.07865690035615538,0.0
naiveB_b_TTGCCGTAGGTGGGTT-1,-0.3091773216375653,0.0
naiveB_b_TTGCCGTCATACGCTA-1,0.0569105630473343,0.0
naiveB_b_TTGCCGTGTTGCCTCT-1,,
naiveB_b_TTGCGTCTCTTTAGTC-1,-0.0909598800077865,0.0
naiveB_b_TTGGAACCACGGTAAG-1,0.019374521210278065,0.0
naiveB_b_TTGGCAAAGACGCAAC-1,0.14897885254487916,1.0
naiveB_b_TTGGCAAAGATCTGAA-1,0.1242762115974278,0.0
naiveB_b_TTGGCAACAAAGTGCG-1,,
naiveB_b_TTGGCAATCACTTCAT-1,-0.1389011342565747,0.0
naiveB_b_TTGGCAATCTCGTATT-1,-0.13716626037861618,0.0
naiveB_b_TTGTAGGGTCAGAGGT-1,-0.285222380940551,0.0
naiveB_b_TTGTAGGGTCCGTGAC-1,0.036553060739735965,0.0
naiveB_b_TTGTAGGTCGCATGAT-1,0.14597372673708656,0.0
naiveB_b_TTTACTGGTCCGACGT-1,0.40394879948268936,1.0
naiveB_b_TTTACTGTCTCGTATT-1,-0.5231868465025729,0.0
naiveB_b_TTTATGCCAAGTTCTG-1,-0.10752227726980064,0.0
naiveB_b_TTTATGCCATCCCATC-1,-0.3954176874127731,0.0
naiveB_b_TTTATGCGTGGTAACG-1,-0.022596576023115204,0.0
naiveB_b_TTTCCTCGTAGGCTGA-1,0.28373313388678806,1.0
naiveB_b_TTTCCTCTCTCGGACG-1,0.6615696010193954,1.0
naiveB_b_TTTCCTCTCTGCGTAA-1,-0.29152977351858733,0.0
naiveB_b_TTTGCGCCAGATGGGT-1,-0.2838121422617131,0.0
naiveB_b_TTTGCGCGTAGTGAAT-1,0.7575026497045309,0.0
naiveB_b_TTTGCGCGTTGTCGCG-1,0.10161627655936606,1.0
memoryB_a_AAAGCAATCCTTCAAT-1,-0.26192059837406473,0.0
memoryB_a_ATTATCCAGACAGGCT-1,-0.5231868465025729,0.0
memoryB_a_CAACCTCCAAGGACTG-1,-0.14346949887287247,0.0
memoryB_a_CCAGCGAAGCCGGTAA-1,0.2844175527673877,1.0
memoryB_a_CGAGCCACAAATACAG-1,,
memoryB_a_CGCTATCGTACCGCTG-1,-0.1389011342565747,0.0
memoryB_a_CGTTCTGTCTGGTTCC-1,0.766836068948,1.0
memoryB_a_CTAATGGAGTTCGCGC-1,-0.10867797865594354,0.0
memoryB_a_CTAGAGTGTAATCACC-1,,
memoryB_a_CTCGGAGAGATATGGT-1,-0.023743347256839742,0.0
memoryB_a_GACGTTATCCACGTGG-1,,
memoryB_a_GAGGTGACACATCCAA-1,0.5332669641046821,1.0
memoryB_a_GATTCAGCATCGTCGG-1,0.6277066204492657,1.0
memoryB_a_GCAGCCATCCAAAGTC-1,0.8831743927573387,1.0
memoryB_a_GCGCAGTTCTTGCATT-1,0.3375975249505092,1.0
memoryB_a_GGGACCTCACTTCTGC-1,0.31666078222048555,1.0
memoryB_a_GTATCTTCATTATCTC-1,,
memoryB_a_GTATTCTTCGTTGCCT-1,-0.003263747782367654,0.0
memoryB_a_TCACGAAAGTGGAGAA-1,0.5796704191398409,1.0
memoryB_a_TCGGGACCATTTGCTT-1,-0.1818377143809885,0.0
memoryB_a_TCTATTGTCTGTGCAA-1,-0.05972569929593398,0.0
memoryB_a_TGGCCAGTCCTGTACC-1,,
memoryB_a_TTGACTTAGTGTCTCA-1,0.4776887056659144,1.0
memoryB_a_TTTGCGCTCTCTAAGG-1,0.5537307369400786,1.0
memoryB_b_AACTCAGAGCGATTCT-1,0.15358958636260892,1.0
memoryB_b_AAGACCTCAACGATGG-1,0.9253255114121578,1.0
memoryB_b_ACGATACAGGGTTCCC-1,0.3264560417315633,1.0
memoryB_b_ACGCCGACAGCATACT-1,,
memoryB_b_AGAGTGGTCCACGTGG-1,,
memoryB_b_CACACTCAGGACATTA-1,,
memoryB_b_CACAGTATCCAGAGGA-1,1.4933223961159874,1.0
memoryB_b_CACCAGGTCGCGGATC-1,0.5748789871288111,1.0
memoryB_b_CATGGCGTCCGTCAAA-1,0.12543427354639242,1.0
memoryB_b_CCATGTCTCTGAGTGT-1,,
memoryB_b_CCCATACAGGAGTCTG-1,-0.1389011342565747,0.0
memoryB_b_CTAAGACAGACAAAGG-1,1.4933223961159874,1.0
memoryB_b_CTAGTGAAGTTTGCGT-1,0.9253255114121578,1.0
memoryB_b_GACAGAGCAAAGCAAT-1,-0.5242167638867873,0.0
memoryB_b_GCATGATCACCCATTC-1,-0.06094959235455249,0.0
memoryB_b_GCATGTACATCATCCC-1,0.9907928814894079,1.0
memoryB_b_GTAGGCCAGCCTCGTG-1,0.8780554445736953,1.0
memoryB_b_GTTACAGAGGGTCTCC-1,0.49341676930942996,1.0
memoryB_b_TCACGAATCGGCATCG-1,-0.013957365144318695,0.0
memoryB_b_TCAGCAATCCGCAGTG-1,0.5332669641046821,1.0
memoryB_b_TCAGCTCAGCGTGTCC-1,0.5193481360682427,1.0
memoryB_b_TCATTTGAGTCACGCC-1,-0.6679451731200647,0.0
memoryB_b_TCATTTGTCAGTTGAC-1,0.6615696010193954,1.0
memoryB_b_TCGAGGCGTTACGGAG-1,1.0235265665280329,1.0
memoryB_b_TGGCGCAAGCAGATCG-1,-0.33104399037957377,0.0
