,PCA,PCA
,Mixscape,Mixscape
,p_hat,p_label
barcodes,,
naiveB_a_AAACCTGCACGGTAGA-1,0.0,0.0
naiveB_a_AAACCTGCAGATGGGT-1,0.8303246013799682,1.0
naiveB_a_AAAGATGCATTTCAGG-1,0.0,0.0
naiveB_a_AAAGCAAAGCCAACAG-1,0.0,0.0
naiveB_a_AAAGCAAAGTGCCATT-1,0.9286335152559322,1.0
naiveB_a_AAATGCCAGCAATCTC-1,0.0,0.0
naiveB_a_AAATGCCAGCTAGTGG-1,0.0,0.0
naiveB_a_AAATGCCAGGTCATCT-1,0.0,0.0
naiveB_a_AACACGTCAATGGACG-1,0.0,0.0
naiveB_a_AACACGTTCAGCTCTC-1,0.8971403540570037,1.0
naiveB_a_AACACGTTCGGATGGA-1,0.0,0.0
naiveB_a_AACACGTTCTCTGAGA-1,0.0,0.0
naiveB_a_AACCATGCAATCGGTT-1,0.928243225693831,1.0
naiveB_a_AACCATGGTACCGTTA-1,0.0,0.0
naiveB_a_AACCATGTCAGTGTTG-1,0.8573263395469367,1.0
naiveB_a_AACCGCGAGTGTCTCA-1,0.8724236007676242,1.0
naiveB_a_AACCGCGCACGGACAA-1,0.7610995621268688,1.0
naiveB_a_AACCGCGGTGGCGAAT-1,0.0,0.0
naiveB_a_AACGTTGTCAAAGACA-1,0.0,0.0
naiveB_a_AACGTTGTCATCGCTC-1,0.49769750335607177,1.0
naiveB_a_AACTCAGAGGACGAAA-1,0.0,0.0
naiveB_a_AACTCCCAGTGGGTTG-1,0.9280956578466272,1.0
naiveB_a_AACTCCCCACATCTTT-1,0.9252168649407903,1.0
naiveB_a_AACTCCCTCTCCAACC-1,0.7561591714697693,1.0
naiveB_a_AACTCTTAGGAATCGC-1,0.0,0.0
naiveB_a_AACTCTTTCTCGATGA-1,0.9251540382651825,1.0
naiveB_a_AACTGGTCAAATACAG-1,0.8587735358066554,1.0
naiveB_a_AACTTTCAGGGTTTCT-1,0.8153683457768459,1.0
naiveB_a_AAGACCTCATGCAATC-1,0.0,0.0
naiveB_a_AAGACCTGTTTCGCTC-1,0.0,0.0
naiveB_a_AAGGTTCAGTAACCCT-1,0.849477035344378,1.0
naiveB_a_AAGGTTCAGTAGGCCA-1,0.0,0.0
naiveB_a_AAGGTTCCAATCACAC-1,0.7911984553862801,1.0
naiveB_a_AAGTCTGAGGACAGAA-1,0.0,0.0
naiveB_a_AATCCAGTCCCAGGTG-1,0.9255120516584173,1.0
naiveB_a_AATCCAGTCGCCTGTT-1,0.0,0.0
naiveB_a_AATCCAGTCGGACAAG-1,0.8636027695681824,1.0
naiveB_a_AATCGGTGTCAAAGCG-1,0.0,0.0
naiveB_a_AATCGGTGTCTCGTTC-1,0.0,0.0
naiveB_a_AATCGGTGTTGATTGC-1,0.0,0.0
naiveB_a_ACACCAAAGAGTCGGT-1,0.0,0.0
naiveB_a_ACACCCTAGGATGTAT-1,0.0,0.0
naiveB_a_ACACCGGAGCGTGAGT-1,0.10260112683342748,1.0
naiveB_a_ACACCGGCATTGAGCT-1,0.0,0.0
naiveB_a_ACACCGGGTACCCAAT-1,0.0,0.0
naiveB_a_ACACCGGTCAAACGGG-1,0.0,0.0
naiveB_a_ACACCGGTCTACCTGC-1,0.0,0.0
naiveB_a_ACACTGAAGACTAGAT-1,0.0,0.0
naiveB_a_ACACTGACAAAGCAAT-1,0.0,0.0
naiveB_a_ACACTGACAACGATCT-1,0.0,0.0
naiveB_a_ACACTGACAGGGCATA-1,0.0,0.0
naiveB_a_ACACTGAGTACTTAGC-1,0.7716837913493909,1.0
naiveB_a_ACAGCCGAGACAGAGA-1,0.9090964452333776,1.0
naiveB_a_ACAGCCGCAATGCCAT-1,0.9218514129515841,1.0
naiveB_a_ACAGCTAAGATGGCGT-1,0.0,0.0
naiveB_a_ACAGCTAAGTGTACTC-1,0.0,0.0
naiveB_a_ACAGCTACATACTACG-1,0.9160097062947279,1.0
naiveB_a_ACAGCTATCGCGTTTC-1,0.9262040275279605,1.0
naiveB_a_ACATACGAGATGGGTC-1,0.817562657731285,1.0
naiveB_a_ACATACGCAACCGCCA-1,0.0,0.0
naiveB_a_ACATACGCAGTACACT-1,0.9064341967911458,1.0
naiveB_a_ACATCAGGTGGCCCTA-1,0.842715710732142,1.0
naiveB_a_ACATCAGGTTAGTGGG-1,0.0,0.0
naiveB_a_ACATCAGTCCAAAGTC-1,0.0,0.0
naiveB_a_ACATCAGTCGGCCGAT-1,0.0,0.0
naiveB_a_ACATGGTCAGGTCTCG-1,0.0,0.0
naiveB_a_ACCCACTAGGCAATTA-1,0.0,0.0
naiveB_a_ACCCACTAGTCCCACG-1,0.65255437763246,1.0
naiveB_a_ACCGTAAAGGGTATCG-1,0.0,0.0
naiveB_a_ACCTTTACAACTTGAC-1,0.0,0.0
naiveB_a_ACGAGCCAGGAGTTGC-1,0.0,0.0
naiveB_a_ACGAGCCAGTAACCCT-1,0.9301298904807855,1.0
naiveB_a_ACGAGCCGTGAGCGAT-1,0.9158833414891709,1.0
naiveB_a_ACGAGGACATTCCTGC-1,0.8563740369470252,1.0
naiveB_a_ACGAGGAGTCCCGACA-1,0.0,0.0
naiveB_a_ACGAGGAGTGAGGGTT-1,0.0,0.0
naiveB_a_ACGAGGATCATATCGG-1,0.0006549457684359095,1.0
naiveB_a_ACGATACAGACTTGAA-1,0.931687449102897,1.0
naiveB_a_ACGATACAGCTCCTCT-1,0.0,0.0
naiveB_a_ACGATGTAGGGTGTTG-1,0.0,0.0
naiveB_a_ACGATGTCAATGGATA-1,0.0,0.0
naiveB_a_ACGCAGCAGCAACGGT-1,0.8399919275856,1.0
naiveB_a_ACGCAGCAGGAGTCTG-1,0.0,0.0
naiveB_a_ACGCAGCTCGGCGGTT-1,0.0,0.0
naiveB_a_ACGCCAGAGAAACCTA-1,0.0,0.0
naiveB_a_ACGCCAGAGTGCAAGC-1,0.9053958595132158,1.0
naiveB_a_ACGGAGAAGCTCCTCT-1,0.931391288258893,1.0
naiveB_a_ACGGAGAAGTGGGTTG-1,0.0,0.0
naiveB_a_ACGGAGACATCTCGCT-1,0.0,0.0
naiveB_a_ACGGCCACAGCTATTG-1,0.0,0.0
naiveB_a_ACGGCCATCGCGTAGC-1,0.0,0.0
naiveB_a_ACGGCCATCTGTTTGT-1,0.6218222942252267,1.0
naiveB_a_ACGGGCTCACAAGCCC-1,0.0,0.0
naiveB_a_ACGGGTCCAGGTGCCT-1,0.0,0.0
naiveB_a_ACGGGTCCATTCCTCG-1,0.0,0.0
naiveB_a_ACGTCAAAGGCTAGAC-1,0.0,0.0
naiveB_a_ACGTCAACAGTGGGAT-1,0.0,0.0
naiveB_a_ACTGAACAGCAACGGT-1,0.8607870364717508,1.0
naiveB_a_ACTGAACCACTCGACG-1,0.9152788692704361,1.0
naiveB_a_ACTGAGTAGGCTACGA-1,0.0,0.0
naiveB_a_ACTGAGTCAACTGCTA-1,0.0,0.0
naiveB_a_ACTGTCCGTCATACTG-1,0.0,0.0
naiveB_a_ACTGTCCGTGACGCCT-1,0.0,0.0
naiveB_a_ACTGTCCTCAAGGTAA-1,0.0,0.0
naiveB_a_ACTTACTCACCAGGCT-1,0.0,0.0
naiveB_a_ACTTACTGTAGCGATG-1,0.0,0.0
naiveB_a_ACTTACTTCCTGCAGG-1,0.0,0.0
naiveB_a_ACTTTCATCACTTCAT-1,0.0,0.0
naiveB_a_AGAATAGCAGGACGTA-1,0.9107400657559096,1.0
naiveB_a_AGAATAGGTACTCTCC-1,0.0,0.0
naiveB_a_AGAATAGGTGTGAATA-1,0.0,0.0
naiveB_a_AGAATAGGTTGTGGCC-1,0.0,0.0
naiveB_a_AGAATAGTCACTTCAT-1,0.0,0.0
naiveB_a_AGAATAGTCTGCCCTA-1,0.8147461450689275,1.0
naiveB_a_AGACGTTTCAGCGACC-1,0.0,0.0
naiveB_a_AGAGCGAAGGATGTAT-1,0.0,0.0
naiveB_a_AGAGCGACAGTGAGTG-1,0.9317063145660375,1.0
naiveB_a_AGAGCTTAGTGTGGCA-1,2.2707218970150847e-05,1.0
naiveB_a_AGAGTGGAGAGGACGG-1,0.902804395295792,1.0
naiveB_a_AGAGTGGAGCCAGTAG-1,0.0,0.0
naiveB_a_AGAGTGGCATACAGCT-1,0.0,0.0
naiveB_a_AGAGTGGTCAACGCTA-1,0.0,0.0
naiveB_a_AGATCTGAGAGTCGGT-1,0.9155964407923585,1.0
naiveB_a_AGATCTGAGCTAAACA-1,0.7220002518719455,1.0
naiveB_a_AGATCTGAGGCACATG-1,0.0,0.0
naiveB_a_AGATCTGCAAACTGCT-1,0.0,0.0
naiveB_a_AGATCTGGTCTAGAGG-1,0.0,0.0
naiveB_a_AGCATACCAGGAATCG-1,0.0,0.0
naiveB_a_AGCCTAACATTCACTT-1,0.9016703011018552,1.0
naiveB_a_AGCCTAAGTTGAACTC-1,0.0,0.0
naiveB_a_AGCCTAATCCGTAGGC-1,0.0,0.0
naiveB_a_AGCGGTCAGGTGCTTT-1,0.0,0.0
naiveB_a_AGCGGTCTCAGAGACG-1,0.0,0.0
naiveB_a_AGCGGTCTCTCCAACC-1,0.6341236141876897,1.0
naiveB_a_AGCGTATAGACCCACC-1,0.0,0.0
naiveB_a_AGCGTATTCAACCATG-1,0.9300432469243235,1.0
naiveB_a_AGCGTCGAGCTGAACG-1,0.0,0.0
naiveB_a_AGCGTCGCACCACGTG-1,0.0,0.0
naiveB_a_AGCTCCTAGTGCCAGA-1,0.0,0.0
naiveB_a_AGCTCCTGTGATGTCT-1,0.9066281722120879,1.0
naiveB_a_AGCTCCTTCGCGTTTC-1,0.0,0.0
naiveB_a_AGCTTGAAGAAGGCCT-1,0.0,0.0
naiveB_a_AGCTTGAAGAGGTAGA-1,0.0,0.0
naiveB_a_AGCTTGAAGTCCGGTC-1,0.9196062786973649,1.0
naiveB_a_AGCTTGAGTTGTACAC-1,0.8079623983242578,1.0
naiveB_a_AGGCCACCAAAGAATC-1,0.0,0.0
naiveB_a_AGGCCACTCATGTGGT-1,0.9311362582534031,1.0
naiveB_a_AGGCCACTCCGTTGCT-1,0.9074170560777052,1.0
naiveB_a_AGGCCGTAGTTGTAGA-1,0.0,0.0
naiveB_a_AGGGAGTAGACCTTTG-1,0.9115203105084371,1.0
naiveB_a_AGGGAGTCATATGGTC-1,0.0,0.0
naiveB_a_AGGGATGAGACGCAAC-1,0.0,0.0
naiveB_a_AGGGATGGTTGCGTTA-1,0.0,0.0
naiveB_a_AGGGTGACATCACGTA-1,0.9013018191688801,1.0
naiveB_a_AGGTCATTCCTGCTTG-1,0.8449293371714905,1.0
naiveB_a_AGGTCCGCAGGACCCT-1,0.0,0.0
naiveB_a_AGGTCCGGTCCGTCAG-1,0.0,0.0
naiveB_a_AGGTCCGGTTCGCTAA-1,0.8983153185810927,1.0
naiveB_a_AGTCTTTGTGGTTTCA-1,0.0,0.0
naiveB_a_AGTCTTTTCCTTGCCA-1,0.8730126850836111,1.0
naiveB_a_AGTGGGACACTATCTT-1,0.0,0.0
naiveB_a_AGTGGGACATATACGC-1,0.0,0.0
naiveB_a_AGTGGGAGTAAGAGGA-1,0.8707777783614671,1.0
naiveB_a_AGTGGGATCAGTACGT-1,0.8974322473644855,1.0
naiveB_a_AGTGTCAAGCTAGCCC-1,0.0,0.0
naiveB_a_AGTGTCATCACGCGGT-1,0.8608083511420676,1.0
naiveB_a_ATAACGCCAAAGGCGT-1,0.9310410507600867,1.0
naiveB_a_ATAACGCTCCTATTCA-1,0.0,0.0
naiveB_a_ATAAGAGCAACTGGCC-1,0.0,0.0
naiveB_a_ATAAGAGGTAGCCTCG-1,0.6495169320328605,1.0
naiveB_a_ATAAGAGGTTATGCGT-1,0.0,0.0
naiveB_a_ATAGACCCAGGAACGT-1,0.8828754090421459,1.0
naiveB_a_ATAGACCGTTGCGTTA-1,0.0,0.0
naiveB_a_ATCACGATCCTGCCAT-1,0.0,0.0
naiveB_a_ATCATGGAGTATTGGA-1,0.0,0.0
naiveB_a_ATCATGGAGTCTCCTC-1,0.9305661208720682,1.0
naiveB_a_ATCATGGGTTTGCATG-1,0.7012449478066536,1.0
naiveB_a_ATCCACCGTTCCACTC-1,0.0,0.0
naiveB_a_ATCCGAAGTTAAGATG-1,0.0,0.0
naiveB_a_ATCTACTTCCTCCTAG-1,0.0,0.0
naiveB_a_ATCTGCCGTGGTTTCA-1,0.0,0.0
naiveB_a_ATGAGGGAGTACGTTC-1,0.0,0.0
naiveB_a_ATGCGATGTTCCCGAG-1,0.8886680391315441,1.0
naiveB_a_ATTACTCAGATCTGCT-1,0.0,0.0
naiveB_a_ATTATCCAGCTAGCCC-1,0.0,0.0
naiveB_a_ATTATCCAGGTCATCT-1,0.5800298149274774,1.0
naiveB_a_ATTCTACAGTTCGATC-1,0.9085100781180031,1.0
naiveB_a_ATTCTACGTCAGGACA-1,0.0,0.0
naiveB_a_ATTCTACGTGCAGTAG-1,0.0,0.0
naiveB_a_ATTGGACAGTGGTAAT-1,0.0,0.0
naiveB_a_ATTGGACTCACATGCA-1,0.0,0.0
naiveB_a_ATTGGACTCCTATGTT-1,0.0,0.0
naiveB_a_CAACCAAAGACTAGAT-1,0.0,0.0
naiveB_a_CAACCAACAAATTGCC-1,0.0,0.0
naiveB_a_CAAGAAAAGATGTAAC-1,0.0,0.0
naiveB_a_CAAGAAACAGATGGGT-1,0.0,0.0
naiveB_a_CAAGATCAGTGGAGAA-1,0.8889438309829157,1.0
naiveB_a_CAAGGCCCAGTCCTTC-1,0.8966651522978952,1.0
naiveB_a_CAAGGCCCATCCCACT-1,0.8167716764743999,1.0
naiveB_a_CAAGGCCGTAGTGAAT-1,0.0,0.0
naiveB_a_CAAGGCCGTCTGATCA-1,0.0,0.0
naiveB_a_CAAGTTGCACTGCCAG-1,0.8616625341539805,1.0
naiveB_a_CACAAACAGACGACGT-1,0.0,0.0
naiveB_a_CACAAACGTAGCGTCC-1,0.8557923643863228,1.0
naiveB_a_CACAAACGTGGCAAAC-1,0.9059868717309595,1.0
naiveB_a_CACACAAAGGAACTGC-1,0.0,0.0
naiveB_a_CACACAACATATACGC-1,0.8962363618011114,1.0
naiveB_a_CACACTCCACCTCGTT-1,0.0,0.0
naiveB_a_CACACTCGTAACGCGA-1,0.0,0.0
naiveB_a_CACACTCTCGGAGGTA-1,0.0,0.0
naiveB_a_CACACTCTCGTATCAG-1,0.0,0.0
naiveB_a_CACAGGCAGATCGGGT-1,0.0,0.0
naiveB_a_CACAGTAAGGAATCGC-1,0.0,0.0
naiveB_a_CACAGTAAGGACACCA-1,0.0,0.0
naiveB_a_CACAGTACACATAACC-1,0.0,0.0
naiveB_a_CACAGTAGTTGCCTCT-1,0.9284359616376876,1.0
naiveB_a_CACATAGGTTCCGGCA-1,0.0,0.0
naiveB_a_CACATAGTCGCGATCG-1,0.0,0.0
naiveB_a_CACATTTAGCGTAGTG-1,0.9188946998762347,1.0
naiveB_a_CACATTTCACATTTCT-1,0.4154473908294511,1.0
naiveB_a_CACCACTCACACGCTG-1,0.0,0.0
naiveB_a_CACCACTCATTCTTAC-1,0.9207092561338027,1.0
naiveB_a_CACCACTGTTCATGGT-1,0.8185518102637065,1.0
naiveB_a_CACCAGGGTTAAGTAG-1,0.9313648882774969,1.0
naiveB_a_CACCTTGGTGCTGTAT-1,0.9201991019274934,1.0
naiveB_a_CACCTTGTCTCCGGTT-1,0.0,0.0
naiveB_a_CACTCCAAGAAGGTGA-1,0.9314799151178528,1.0
naiveB_a_CACTCCATCACTCCTG-1,0.0,0.0
naiveB_a_CAGAATCTCTATCGCC-1,0.0,0.0
naiveB_a_CAGATCATCCGTTGCT-1,0.8730826116605295,1.0
naiveB_a_CAGCAGCAGAATGTTG-1,0.0,0.0
naiveB_a_CAGCAGCAGAGGTAGA-1,0.0,0.0
naiveB_a_CAGCAGCCATTCACTT-1,0.9165139315423562,1.0
naiveB_a_CAGCCGAGTAGTACCT-1,0.9314748977911765,1.0
naiveB_a_CAGCGACCACCGGAAA-1,0.0,0.0
naiveB_a_CAGCGACCAGATCTGT-1,0.8753734788896131,1.0
naiveB_a_CAGCGACCAGCCTTTC-1,0.8949786544125836,1.0
naiveB_a_CAGCGACGTACGCTGC-1,0.0,0.0
naiveB_a_CAGCGACGTTATCCGA-1,0.9316666956568925,1.0
naiveB_a_CAGCTAAAGACGCACA-1,0.921438998668067,1.0
naiveB_a_CAGCTAATCATCTGCC-1,0.0,0.0
naiveB_a_CAGCTGGAGGAGTTGC-1,0.0,0.0
naiveB_a_CAGCTGGGTGGCAAAC-1,0.0,0.0
naiveB_a_CAGCTGGTCGCGTAGC-1,0.0,0.0
naiveB_a_CAGGTGCAGGGTCGAT-1,0.9226219555620928,1.0
naiveB_a_CAGGTGCAGTGAAGTT-1,0.8939039233719935,1.0
naiveB_a_CAGGTGCCAGTAACGG-1,0.0,0.0
naiveB_a_CAGTAACGTACCATCA-1,0.0,0.0
naiveB_a_CAGTAACTCTGCAAGT-1,0.0,0.0
naiveB_a_CAGTCCTTCCAAACTG-1,0.0,0.0
naiveB_a_CAGTCCTTCCTAGAAC-1,0.8895856031310716,1.0
naiveB_a_CATATGGGTTGAGGTG-1,0.0,0.0
naiveB_a_CATATTCTCGGTTAAC-1,0.8573190205495113,1.0
naiveB_a_CATCAAGCAAGTTAAG-1,0.9210685760352223,1.0
naiveB_a_CATCAAGTCCCACTTG-1,0.0,0.0
naiveB_a_CATCCACAGCAGGCTA-1,0.8454606500195849,1.0
naiveB_a_CATCCACGTAGGGTAC-1,0.9274344061352766,1.0
naiveB_a_CATCGGGAGTCGAGTG-1,0.0,0.0
naiveB_a_CATCGGGTCAAGATCC-1,0.0,0.0
naiveB_a_CATGACACACATCCGG-1,0.0,0.0
naiveB_a_CATGACAGTGCAGACA-1,0.0,0.0
naiveB_a_CATGACATCCCTCTTT-1,0.0,0.0
naiveB_a_CATGCCTCACGAAGCA-1,0.0,0.0
naiveB_a_CATGCCTTCGCCCTTA-1,0.0,0.0
naiveB_a_CATGGCGGTGAGTATA-1,0.0,0.0
naiveB_a_CATTCGCCAATAGCGG-1,0.8629815368420533,1.0
naiveB_a_CATTCGCGTCTCACCT-1,0.0,0.0
naiveB_a_CATTCGCTCACTTATC-1,0.0,0.0
naiveB_a_CCAATCCAGGCTCATT-1,0.8958223576908363,1.0
naiveB_a_CCAATCCCAAGCCCAC-1,0.906342527772743,1.0
naiveB_a_CCAATCCCATTGCGGC-1,0.5578293921537925,1.0
naiveB_a_CCAATCCGTCCGTTAA-1,0.0,0.0
naiveB_a_CCAATCCTCGCATGAT-1,0.0,0.0
naiveB_a_CCACCTAAGGAGTCTG-1,0.0,0.0
naiveB_a_CCACCTAAGTGTCCCG-1,0.0,0.0
naiveB_a_CCACGGAAGTTCGCGC-1,0.0,0.0
naiveB_a_CCACTACCAGCGATCC-1,0.0,0.0
naiveB_a_CCACTACGTACAAGTA-1,0.0,0.0
naiveB_a_CCACTACGTCAAACTC-1,0.0,0.0
naiveB_a_CCAGCGAAGTGGGCTA-1,0.0,0.0
naiveB_a_CCAGCGAGTACCGGCT-1,0.0,0.0
naiveB_a_CCATGTCAGACGCACA-1,0.0,0.0
naiveB_a_CCATTCGCACGGCTAC-1,0.0,0.0
naiveB_a_CCCAATCCATAACCTG-1,0.931610438296993,1.0
naiveB_a_CCCAATCCATTGCGGC-1,0.9273517452154711,1.0
naiveB_a_CCCAATCTCTCCCTGA-1,0.0,0.0
naiveB_a_CCCAATCTCTCGCATC-1,0.0,0.0
naiveB_a_CCCAATCTCTCGTATT-1,0.7901490304676895,1.0
naiveB_a_CCCAGTTCAGATCTGT-1,0.0,0.0
naiveB_a_CCCAGTTCATTCCTGC-1,0.9284175275481834,1.0
naiveB_a_CCCATACAGGGAACGG-1,0.9100018273200896,1.0
naiveB_a_CCCATACCACTGTTAG-1,0.0,0.0
naiveB_a_CCCATACCAGCCAATT-1,0.9302588268197637,1.0
naiveB_a_CCCATACGTCGCCATG-1,0.0,0.0
naiveB_a_CCCTCCTGTCCATCCT-1,0.0,0.0
naiveB_a_CCGGGATAGCTCCCAG-1,0.8821522614171721,1.0
naiveB_a_CCGGGATCATCAGTAC-1,0.9088086765441531,1.0
naiveB_a_CCGGGATCATCTATGG-1,0.7157319658651493,1.0
naiveB_a_CCGGTAGTCCCTGACT-1,0.0,0.0
naiveB_a_CCGTACTCAAGTCTAC-1,0.0,0.0
naiveB_a_CCGTACTGTGAAATCA-1,0.913899417181241,1.0
naiveB_a_CCGTACTTCTTATCTG-1,0.9306003108120817,1.0
naiveB_a_CCGTGGATCGGTGTCG-1,0.931070530610321,1.0
naiveB_a_CCTAAAGAGGGAGTAA-1,0.860523054934111,1.0
naiveB_a_CCTAAAGCATTCACTT-1,0.0,0.0
naiveB_a_CCTACCATCGGCCGAT-1,0.0,0.0
naiveB_a_CCTAGCTAGGCTCAGA-1,0.9069072478839577,1.0
naiveB_a_CCTAGCTTCAGCAACT-1,0.0,0.0
naiveB_a_CCTCAGTAGATGTGTA-1,0.0,0.0
naiveB_a_CCTCAGTGTCATCGGC-1,0.8388084680467027,1.0
naiveB_a_CCTTACGTCTGCTGCT-1,0.0,0.0
naiveB_a_CCTTCCCCATGACATC-1,0.9031276877936225,1.0
naiveB_a_CCTTCGAAGTTAGCGG-1,0.9299028330614593,1.0
naiveB_a_CCTTTCTTCTGACCTC-1,0.0,0.0
naiveB_a_CGAACATCACATGACT-1,0.0,0.0
naiveB_a_CGAACATGTCTGCGGT-1,0.9190725853807591,1.0
naiveB_a_CGAATGTCACCAGGTC-1,0.8855837149798701,1.0
naiveB_a_CGACCTTGTAGGGACT-1,0.902516454068073,1.0
naiveB_a_CGAGAAGAGCCAGTTT-1,0.8111180083254123,1.0
naiveB_a_CGAGAAGAGTTTCCTT-1,0.0,0.0
naiveB_a_CGAGAAGGTGAGGCTA-1,0.21134056003334148,1.0
naiveB_a_CGAGCACAGAGAACAG-1,0.0,0.0
naiveB_a_CGAGCACCATCCCATC-1,0.03742240501119688,1.0
naiveB_a_CGATCGGGTCAACTGT-1,0.9317061848382182,1.0
naiveB_a_CGATCGGTCGCTAGCG-1,0.0,0.0
naiveB_a_CGATGGCAGCTAGTCT-1,0.0,0.0
naiveB_a_CGATGGCCAGTTCATG-1,0.0,0.0
naiveB_a_CGATGGCGTACAGCAG-1,0.0,0.0
naiveB_a_CGATTGAAGATGGGTC-1,0.7642580822088286,1.0
naiveB_a_CGATTGAGTAGGACAC-1,0.0,0.0
naiveB_a_CGCCAAGTCCATGAGT-1,0.0,0.0
naiveB_a_CGCGGTACACAAGACG-1,0.9295466490921633,1.0
naiveB_a_CGCGGTATCGGTTCGG-1,0.8880286549163416,1.0
naiveB_a_CGCGGTATCGTTTATC-1,0.8114876344608636,1.0
naiveB_a_CGCGTTTAGACGACGT-1,0.0013922999652963652,1.0
naiveB_a_CGCGTTTAGCTAACAA-1,0.9128552222385897,1.0
naiveB_a_CGCTATCCAAGCCGTC-1,0.9272456654892479,1.0
naiveB_a_CGCTATCCATATACGC-1,0.0,0.0
naiveB_a_CGCTATCTCAGTACGT-1,0.887656629130248,1.0
naiveB_a_CGCTTCACATGCCTTC-1,0.8960619699368961,1.0
naiveB_a_CGCTTCATCTCGCTTG-1,0.9136731357658769,1.0
naiveB_a_CGGACACTCGGATGGA-1,0.0,0.0
naiveB_a_CGGACACTCTACTTAC-1,0.0,0.0
naiveB_a_CGGACGTAGGCCGAAT-1,0.879698303179827,1.0
naiveB_a_CGGACGTGTAGCGATG-1,0.0,0.0
naiveB_a_CGGACGTGTGAAATCA-1,0.0,0.0
naiveB_a_CGGACGTGTTACGTCA-1,0.0,0.0
naiveB_a_CGGACGTTCTACTTAC-1,0.916635093906064,1.0
naiveB_a_CGGACTGAGTGACATA-1,0.928050369688829,1.0
naiveB_a_CGGAGCTCAAACTGTC-1,0.5362347818959544,1.0
naiveB_a_CGGAGCTGTAGAGTGC-1,0.621534445326632,1.0
naiveB_a_CGGAGCTGTCCTGCTT-1,0.0,0.0
naiveB_a_CGGAGTCCAAGCCTAT-1,0.8139481978238241,1.0
naiveB_a_CGGCTAGCATTATCTC-1,0.0,0.0
naiveB_a_CGGCTAGGTTATGTGC-1,0.16367116636851914,1.0
naiveB_a_CGGCTAGTCCATTCTA-1,0.0,0.0
naiveB_a_CGGCTAGTCCTCGCAT-1,0.0,0.0
naiveB_a_CGGGTCAAGCTACCTA-1,0.9248919750210801,1.0
naiveB_a_CGGGTCACAGACAGGT-1,0.9317393094782308,1.0
naiveB_a_CGGGTCAGTCATGCCG-1,0.0,0.0
naiveB_a_CGGTTAACATTGCGGC-1,0.0,0.0
naiveB_a_CGTAGCGCATTGTGCA-1,0.599010695246082,1.0
naiveB_a_CGTAGCGTCGAATGGG-1,0.0,0.0
naiveB_a_CGTAGGCAGGTGCACA-1,0.0,0.0
naiveB_a_CGTCACTCAGATCGGA-1,0.9225512338351918,1.0
naiveB_a_CGTCAGGAGTACGCCC-1,0.9274147407201142,1.0
naiveB_a_CGTCAGGCACCTCGTT-1,0.8805148847926165,1.0
naiveB_a_CGTCAGGCACTTCGAA-1,0.9197799141633226,1.0
naiveB_a_CGTCAGGGTTCATGGT-1,0.8524952338693427,1.0
naiveB_a_CGTCCATGTGAGCGAT-1,0.0,0.0
naiveB_a_CGTCCATGTGTAATGA-1,0.0,0.0
naiveB_a_CGTCTACGTCACCCAG-1,0.9235378413538591,1.0
naiveB_a_CGTGAGCAGAACAATC-1,0.8983490873827381,1.0
naiveB_a_CGTGAGCAGGTGCAAC-1,0.0,0.0
naiveB_a_CGTGAGCGTCATGCAT-1,0.0,0.0
naiveB_a_CGTGAGCGTGTGCCTG-1,0.5258183666257257,1.0
naiveB_a_CGTGTAATCGGTCTAA-1,0.0,0.0
naiveB_a_CGTTCTGCAGACGCTC-1,0.659625637446866,1.0
naiveB_a_CGTTGGGCAGCATACT-1,0.8958541184510849,1.0
naiveB_a_CGTTGGGCAGTCTTCC-1,0.0,0.0
naiveB_a_CGTTGGGGTCACACGC-1,0.9317305586311049,1.0
naiveB_a_CGTTGGGTCAGCATGT-1,0.0,0.0
naiveB_a_CGTTGGGTCCTATTCA-1,0.0,0.0
naiveB_a_CTAACTTGTCGCGGTT-1,0.0,0.0
naiveB_a_CTAACTTTCACTTACT-1,0.0,0.0
naiveB_a_CTAACTTTCTCAAGTG-1,0.0,0.0
naiveB_a_CTAATGGTCATATCGG-1,0.9317016250270099,1.0
naiveB_a_CTACACCAGCTAACAA-1,0.0,0.0
naiveB_a_CTACACCCACGCATCG-1,0.0,0.0
naiveB_a_CTACACCTCGTCACGG-1,0.0,0.0
naiveB_a_CTACATTAGCTAAGAT-1,0.0,0.0
naiveB_a_CTACATTAGTGGGATC-1,0.0,0.0
naiveB_a_CTACATTAGTTTCCTT-1,0.8759597863496567,1.0
naiveB_a_CTACATTCATGTCCTC-1,0.9101931898443257,1.0
naiveB_a_CTACGTCCATTCTCAT-1,0.0,0.0
naiveB_a_CTAGAGTCAGATGAGC-1,0.9029350676850794,1.0
naiveB_a_CTAGCCTAGCCAACAG-1,0.9093895968570176,1.0
naiveB_a_CTAGCCTGTGTGTGCC-1,0.6771636764123594,1.0
naiveB_a_CTAGTGAAGCCGGTAA-1,0.0,0.0
naiveB_a_CTAGTGATCAAACAAG-1,0.5018145214024516,1.0
naiveB_a_CTCACACAGACTAGGC-1,0.3646423181750279,1.0
naiveB_a_CTCACACCAAGCCCAC-1,0.0,0.0
naiveB_a_CTCACACTCTTCGGTC-1,0.0,0.0
naiveB_a_CTCCTAGTCAGAGACG-1,0.0,0.0
naiveB_a_CTCGAAAAGACCTAGG-1,0.0,0.0
naiveB_a_CTCGAAAGTAGGACAC-1,0.907076676447444,1.0
naiveB_a_CTCGAAATCCGCGGTA-1,0.0,0.0
naiveB_a_CTCGAAATCCTAGGGC-1,0.9001340006933879,1.0
naiveB_a_CTCGGAGAGCTAACTC-1,0.9225494944767902,1.0
naiveB_a_CTCGGAGTCTTACCGC-1,0.0,0.0
naiveB_a_CTCGGAGTCTTGCCGT-1,0.8850704924198362,1.0
naiveB_a_CTCGGGAAGCGTCAAG-1,0.9272119721982237,1.0
naiveB_a_CTCGGGAGTTAGATGA-1,0.0,0.0
naiveB_a_CTCGTACTCCTTCAAT-1,0.9309601985530971,1.0
naiveB_a_CTCGTCATCGCTGATA-1,0.0,0.0
naiveB_a_CTCTAATAGATGAGAG-1,0.0,0.0
naiveB_a_CTCTACGGTACAGTTC-1,0.7376974243534865,1.0
naiveB_a_CTCTGGTAGAGGTACC-1,0.8918143131349016,1.0
naiveB_a_CTGAAACCACAGTCGC-1,0.13350453523153838,1.0
naiveB_a_CTGAAGTCAAGCGCTC-1,0.8728530132499287,1.0
naiveB_a_CTGAAGTCACATGACT-1,0.0,0.0
naiveB_a_CTGAAGTTCTAACTTC-1,0.0,0.0
naiveB_a_CTGATAGAGACTGGGT-1,0.884865677076083,1.0
naiveB_a_CTGATAGAGCGATGAC-1,0.0,0.0
naiveB_a_CTGATAGCACACCGCA-1,0.2317745917000006,1.0
naiveB_a_CTGATCCAGAAACGCC-1,0.0,0.0
naiveB_a_CTGATCCCATCTGGTA-1,0.921761967972319,1.0
naiveB_a_CTGATCCCATGCCTTC-1,0.0,0.0
naiveB_a_CTGATCCTCGGAATCT-1,0.8804067333785088,1.0
naiveB_a_CTGCGGAAGAGCCCAA-1,0.8898049169605518,1.0
naiveB_a_CTGCGGAGTCAAAGCG-1,0.0,0.0
naiveB_a_CTGCGGAGTTAGAACA-1,0.9297934076237968,1.0
naiveB_a_CTGGTCTCAACTTGAC-1,0.9296513676450618,1.0
naiveB_a_CTGTGCTTCGGCTACG-1,0.0,0.0
naiveB_a_CTTAACTCAGGTCCAC-1,0.0,0.0
naiveB_a_CTTAACTTCGGGAGTA-1,0.0,0.0
naiveB_a_CTTACCGCATGGGACA-1,0.0,0.0
naiveB_a_CTTCTCTTCACTCCTG-1,0.8654370901910471,1.0
naiveB_a_CTTGGCTTCCAAGTAC-1,0.0,0.0
naiveB_a_GAAACTCGTAGGAGTC-1,0.1842108637334816,1.0
naiveB_a_GAAATGATCAAACCAC-1,0.786846443266066,1.0
naiveB_a_GAAATGATCACCTCGT-1,0.0,0.0
naiveB_a_GAACCTACACATTCGA-1,0.0,0.0
naiveB_a_GAACCTAGTTATGCGT-1,0.8914053770971918,1.0
naiveB_a_GAACGGACAACGCACC-1,0.0,0.0
naiveB_a_GAACGGACAGCCACCA-1,0.9249607153924385,1.0
naiveB_a_GAACGGATCAGAGACG-1,0.0,0.0
naiveB_a_GAACGGATCCGAAGAG-1,0.5214727356960244,1.0
naiveB_a_GAAGCAGTCTGCGACG-1,0.010723959576449968,1.0
naiveB_a_GAATAAGAGATACACA-1,0.0,0.0
naiveB_a_GACACGCGTAAATGTG-1,0.0,0.0
naiveB_a_GACAGAGGTCTAGAGG-1,0.0,0.0
naiveB_a_GACAGAGGTGTGAAAT-1,0.0,0.0
naiveB_a_GACCAATCACACATGT-1,0.0,0.0
naiveB_a_GACCAATGTCGGCACT-1,0.9308415247436257,1.0
naiveB_a_GACGCGTGTTTGTGTG-1,0.9303247520035036,1.0
naiveB_a_GACGCGTTCGCCTGTT-1,0.0,0.0
naiveB_a_GACGGCTAGAATTCCC-1,0.0,0.0
naiveB_a_GACGTGCAGGGTGTGT-1,0.0,0.0
naiveB_a_GACGTGCGTAACGTTC-1,0.0,0.0
naiveB_a_GACGTGCGTATCTGCA-1,0.0,0.0
naiveB_a_GACGTTAAGGACCACA-1,0.0,0.0
naiveB_a_GACGTTACAGAGTGTG-1,0.0,0.0
naiveB_a_GACGTTAGTCGAACAG-1,0.0,0.0
naiveB_a_GACTAACAGCTGATAA-1,0.8815919234789311,1.0
naiveB_a_GACTAACAGCTTCGCG-1,0.9285191413524727,1.0
naiveB_a_GACTACAAGAGCTATA-1,0.0,0.0
naiveB_a_GACTACAGTTGATTCG-1,0.9207992713617847,1.0
naiveB_a_GACTACATCCAATGGT-1,0.8424339739863655,1.0
naiveB_a_GACTGCGGTATTACCG-1,0.0,0.0
naiveB_a_GAGGTGATCGAGAACG-1,0.0,0.0
naiveB_a_GATCAGTCAATAGAGT-1,0.0,0.0
naiveB_a_GATCAGTGTAAGGGAA-1,0.7311177869854337,1.0
naiveB_a_GATCAGTGTCTTCAAG-1,0.8453249140702446,1.0
naiveB_a_GATCGCGCAACGCACC-1,0.0,0.0
naiveB_a_GATCGCGCACAGCGTC-1,0.0,0.0
naiveB_a_GATCGCGTCGCTTGTC-1,0.8929593144773691,1.0
naiveB_a_GATCGTAAGATATGGT-1,0.0,0.0
naiveB_a_GATGAAATCACCAGGC-1,0.9303292494804579,1.0
naiveB_a_GATGAGGGTTTGACAC-1,0.0,0.0
naiveB_a_GATGCTAAGTACGTTC-1,0.0,0.0
naiveB_a_GATGCTAAGTCATCCA-1,0.0,0.0
naiveB_a_GATGCTAGTGTATGGG-1,0.0,0.0
naiveB_a_GATTCAGAGGCTCAGA-1,0.9030239470881803,1.0
naiveB_a_GCAAACTAGTCGTACT-1,0.0,0.0
naiveB_a_GCAATCAAGATGTCGG-1,0.0,0.0
naiveB_a_GCAATCAGTGCAACGA-1,0.0,0.0
naiveB_a_GCACTCTCAAGGACTG-1,0.0,0.0
naiveB_a_GCACTCTCAGCAGTTT-1,0.0,0.0
naiveB_a_GCAGCCAAGAAGATTC-1,0.0,0.0
naiveB_a_GCAGCCAGTTGTGGCC-1,0.8682696802362865,1.0
naiveB_a_GCAGTTAAGGATGGAA-1,0.0,0.0
naiveB_a_GCAGTTAAGGCTAGGT-1,0.8298273484021499,1.0
naiveB_a_GCAGTTAGTCATACTG-1,0.8973602527662372,1.0
naiveB_a_GCATACAGTCAAGCGA-1,0.26391894668256666,1.0
naiveB_a_GCATGATAGCTGTTCA-1,0.0,0.0
naiveB_a_GCATGATCAGATGGCA-1,0.0,0.0
naiveB_a_GCATGTACAATCGAAA-1,0.0,0.0
naiveB_a_GCATGTAGTGTATGGG-1,0.0,0.0
naiveB_a_GCATGTATCTTACCGC-1,0.9256503830872489,1.0
naiveB_a_GCCAAATTCGTTTGCC-1,0.0,0.0
naiveB_a_GCCTCTACATGTTCCC-1,0.8935770232184942,1.0
naiveB_a_GCCTCTAGTTTAGCTG-1,0.0,0.0
naiveB_a_GCCTCTATCAGCCTAA-1,0.0,0.0
naiveB_a_GCGACCAGTGGACGAT-1,0.9234435693560957,1.0
naiveB_a_GCGACCAGTTTGTGTG-1,0.8952303457096866,1.0
naiveB_a_GCGAGAAAGGCATTGG-1,0.0,0.0
naiveB_a_GCGAGAACAGGTCGTC-1,0.9232578112007864,1.0
naiveB_a_GCGCAGTTCATGCTCC-1,0.868553024522322,1.0
naiveB_a_GCGCCAAAGACTGGGT-1,0.0,0.0
naiveB_a_GCGCCAAGTCTCAACA-1,0.8026392928492333,1.0
naiveB_a_GCGCGATAGAGGTTGC-1,0.9153373893268847,1.0
naiveB_a_GCGCGATAGCCAGGAT-1,0.9317280087719026,1.0
naiveB_a_GCGCGATGTCAACATC-1,0.0,0.0
naiveB_a_GCGGGTTGTATGAAAC-1,0.17324809729465981,1.0
naiveB_a_GCGGGTTGTCACCCAG-1,0.9151558495307691,1.0
naiveB_a_GCGGGTTGTGTGACCC-1,0.0,0.0
naiveB_a_GCGGGTTTCGAGGTAG-1,0.0,0.0
naiveB_a_GCTCCTAGTTGTTTGG-1,0.0,0.0
naiveB_a_GCTCTGTCAGACAGGT-1,0.6599240482705131,1.0
naiveB_a_GCTGCAGAGCTTATCG-1,0.0,0.0
naiveB_a_GCTGCAGAGTTGTCGT-1,0.37430249805807136,1.0
naiveB_a_GCTGCGATCTACTTAC-1,0.9307252673686941,1.0
naiveB_a_GCTGCTTAGGGCTTCC-1,0.0,0.0
naiveB_a_GCTGGGTTCCAGGGCT-1,0.0,0.0
naiveB_a_GCTTGAAAGCTGATAA-1,0.8776625955934957,1.0
naiveB_a_GCTTGAATCGGTGTTA-1,0.0,0.0
naiveB_a_GGAAAGCCAGTGAGTG-1,0.0,0.0
naiveB_a_GGAACTTTCCGAGCCA-1,0.0,0.0
naiveB_a_GGACAAGCAAGGCTCC-1,0.9307720466959499,1.0
naiveB_a_GGACAAGTCTAACTGG-1,0.0,0.0
naiveB_a_GGACAGAAGGAGCGTT-1,0.0,0.0
naiveB_a_GGACAGACAGTCACTA-1,0.8676094120861977,1.0
naiveB_a_GGACAGAGTAGCGTCC-1,0.0,0.0
naiveB_a_GGACAGATCGTCACGG-1,0.0,0.0
naiveB_a_GGACAGATCTAACTTC-1,0.0,0.0
naiveB_a_GGACATTCACAGACAG-1,0.0,0.0
naiveB_a_GGACATTCACATTAGC-1,0.0,0.0
naiveB_a_GGACGTCAGTAGTGCG-1,0.0,0.0
naiveB_a_GGACGTCTCAAACAAG-1,0.0,0.0
naiveB_a_GGAGCAAGTACTTAGC-1,0.0,0.0
naiveB_a_GGAGCAAGTAGTACCT-1,0.0,0.0
naiveB_a_GGATGTTCAATCGGTT-1,0.0,0.0
naiveB_a_GGCAATTAGCATCATC-1,0.0,0.0
naiveB_a_GGCCGATGTACACCGC-1,0.0,0.0
naiveB_a_GGCGACTAGTTGCAGG-1,0.8849315561655025,1.0
naiveB_a_GGCGACTCAACGCACC-1,0.0,0.0
naiveB_a_GGCGTGTAGCGCCTTG-1,0.0,0.0
naiveB_a_GGCGTGTCAGGAATCG-1,0.0,0.0
naiveB_a_GGCTCGACAAGTCATC-1,0.9036108618725117,1.0
naiveB_a_GGCTCGACAGGTCTCG-1,0.0,0.0
naiveB_a_GGCTCGATCATACGGT-1,0.0,0.0
naiveB_a_GGCTGGTAGAGTGACC-1,0.9241175324212971,1.0
naiveB_a_GGCTGGTGTACAGTTC-1,0.0,0.0
naiveB_a_GGGAATGTCAGTACGT-1,0.0,0.0
naiveB_a_GGGAATGTCTATCCCG-1,0.0,0.0
naiveB_a_GGGAATGTCTCGTATT-1,0.0,0.0
naiveB_a_GGGACCTGTGTTGAGG-1,0.9316662824012951,1.0
naiveB_a_GGGACCTGTTGAGGTG-1,0.0,0.0
naiveB_a_GGGAGATGTAGCGTGA-1,0.0,0.0
naiveB_a_GGGATGAAGGACAGAA-1,0.5274059157822042,1.0
naiveB_a_GGGATGAAGGGATGGG-1,0.0,0.0
naiveB_a_GGGATGACAGGACGTA-1,0.0,0.0
naiveB_a_GGGATGATCAATAAGG-1,0.0,0.0
naiveB_a_GGGCACTCACGACGAA-1,0.0,0.0
naiveB_a_GGGCACTTCTTGTTTG-1,0.0,0.0
naiveB_a_GGGCATCAGGCACATG-1,0.0,0.0
naiveB_a_GGGTCTGCAGTGGGAT-1,0.7547307958725451,1.0
naiveB_a_GGGTCTGGTACAAGTA-1,0.0,0.0
naiveB_a_GGGTCTGGTGACGCCT-1,0.9309711928185982,1.0
naiveB_a_GGGTCTGGTGTGGTTT-1,0.0,0.0
naiveB_a_GGGTTGCGTCCGTTAA-1,0.0,0.0
naiveB_a_GGTATTGTCTCCGGTT-1,0.0,0.0
naiveB_a_GGTATTGTCTTCAACT-1,0.09964009976971708,1.0
naiveB_a_GGTGAAGCACCTCGTT-1,0.8850615674801475,1.0
naiveB_a_GGTGAAGTCCATGAAC-1,0.0,0.0
naiveB_a_GGTGCGTGTTCAGGCC-1,0.0,0.0
naiveB_a_GGTGCGTTCCGGCACA-1,0.0,0.0
naiveB_a_GGTGCGTTCGAATGGG-1,0.8045262726860154,1.0
naiveB_a_GGTGTTAGTCGGGTCT-1,0.0,0.0
naiveB_a_GGTGTTAGTGGCTCCA-1,0.9317225376996867,1.0
naiveB_a_GGTGTTAGTTGAGTTC-1,0.0,0.0
naiveB_a_GTAACGTCAAGGCTCC-1,0.0,0.0
naiveB_a_GTAACGTGTCACTTCC-1,0.0,0.0
naiveB_a_GTAACTGCAATGAAAC-1,0.0,0.0
naiveB_a_GTACGTATCGCCGTGA-1,0.0,0.0
naiveB_a_GTACTCCAGCTGAAAT-1,0.8254619890185619,1.0
naiveB_a_GTACTCCCAAGCCGCT-1,0.0,0.0
naiveB_a_GTACTCCCACAGGAGT-1,0.0,0.0
naiveB_a_GTACTCCTCCTGCTTG-1,0.0,0.0
naiveB_a_GTAGGCCAGCAGGTCA-1,0.9248268500077457,1.0
naiveB_a_GTAGGCCTCTCGCATC-1,0.0,0.0
naiveB_a_GTAGGCCTCTGTCTAT-1,0.7753545543319095,1.0
naiveB_a_GTAGTCACATGTAGTC-1,0.9301337228580224,1.0
naiveB_a_GTAGTCAGTAGCGCAA-1,0.16974444414775844,1.0
naiveB_a_GTATCTTGTTCACCTC-1,0.9154797920479821,1.0
naiveB_a_GTCAAGTCATAGGATA-1,0.0,0.0
naiveB_a_GTCAAGTTCCGTAGTA-1,0.0,0.0
naiveB_a_GTCACAATCTATCCCG-1,0.0,0.0
naiveB_a_GTCACGGTCGTGACAT-1,0.8939946421169883,1.0
naiveB_a_GTCATTTTCGCTTAGA-1,0.0,0.0
naiveB_a_GTCCTCAAGCATGGCA-1,0.0,0.0
naiveB_a_GTCGGGTTCCGCTGTT-1,0.028702677685895874,1.0
naiveB_a_GTCGGGTTCCTTGACC-1,0.0,0.0
naiveB_a_GTCGTAATCTTCATGT-1,0.0,0.0
naiveB_a_GTCTCGTAGGATGCGT-1,0.0,0.0
naiveB_a_GTCTCGTCACGAAGCA-1,0.0,0.0
naiveB_a_GTCTCGTTCACCCGAG-1,0.8188644824153019,1.0
naiveB_a_GTCTCGTTCCACTCCA-1,0.003013617798192904,1.0
naiveB_a_GTCTTCGAGGATGGAA-1,0.0,0.0
naiveB_a_GTCTTCGTCTGTACGA-1,0.43008370292297426,1.0
naiveB_a_GTGCAGCTCATGCAAC-1,0.9208811931714579,1.0
naiveB_a_GTGCATAGTCAGCTAT-1,0.0,0.0
naiveB_a_GTGCATATCGTCGTTC-1,0.9303117625329886,1.0
naiveB_a_GTGCGGTAGCGTAGTG-1,0.9220137240144319,1.0
naiveB_a_GTGCGGTTCAACACAC-1,0.0,0.0
naiveB_a_GTGCGGTTCATCTGTT-1,0.0,0.0
naiveB_a_GTGCTTCAGCGAGAAA-1,0.9314098211010875,1.0
naiveB_a_GTGCTTCTCGCGATCG-1,0.0,0.0
naiveB_a_GTGCTTCTCTTGCCGT-1,0.0,0.0
naiveB_a_GTGGGTCGTCTTCTCG-1,0.0,0.0
naiveB_a_GTGGGTCGTTCCATGA-1,0.0,0.0
naiveB_a_GTGTGCGGTAAACACA-1,0.0,0.0
naiveB_a_GTGTTAGAGAAACGAG-1,0.9314033294373866,1.0
naiveB_a_GTGTTAGGTGTTGAGG-1,0.0,0.0
naiveB_a_GTGTTAGTCATGCTCC-1,0.9246739590653283,1.0
naiveB_a_GTTAAGCAGATGTGTA-1,0.0,0.0
naiveB_a_GTTACAGTCAACACCA-1,0.0,0.0
naiveB_a_GTTACAGTCGGCCGAT-1,0.8779386108551737,1.0
naiveB_a_GTTCATTAGCACAGGT-1,0.9317442895102125,1.0
naiveB_a_GTTCATTGTCTCTTAT-1,0.0,0.0
naiveB_a_GTTCGGGGTGCACGAA-1,0.9212853844488589,1.0
naiveB_a_GTTCTCGAGCCGGTAA-1,0.017980834999351925,1.0
naiveB_a_GTTCTCGAGCCGTCGT-1,0.0,0.0
naiveB_a_GTTCTCGTCCAGTAGT-1,0.0,0.0
naiveB_a_GTTTCTAGTACCCAAT-1,0.0,0.0
naiveB_a_TAAACCGTCATACGGT-1,0.0,0.0
naiveB_a_TAAGAGACATAGGATA-1,0.0,0.0
naiveB_a_TAAGAGATCGCTTAGA-1,0.0,0.0
naiveB_a_TAAGCGTGTCCAAGTT-1,0.0,0.0
naiveB_a_TAAGTGCGTTCGGGCT-1,0.8782139671095903,1.0
naiveB_a_TACAGTGCACTACAGT-1,0.0,0.0
naiveB_a_TACCTTAAGACTTGAA-1,0.0,0.0
naiveB_a_TACGGATGTTAGGGTG-1,0.15833575030118147,1.0
naiveB_a_TACGGATTCATGCATG-1,0.8968489022889387,1.0
naiveB_a_TACGGATTCGGCGCTA-1,0.3576805139577336,1.0
naiveB_a_TACGGGCAGCACCGTC-1,0.8533297584081667,1.0
naiveB_a_TACGGGCTCATGTAGC-1,0.0,0.0
naiveB_a_TACTCGCAGTGGAGAA-1,0.0,0.0
naiveB_a_TACTCGCTCTCTGCTG-1,0.9224122568336683,1.0
naiveB_a_TACTTACGTTACCGAT-1,0.13654506059855825,1.0
naiveB_a_TACTTGTCAATGACCT-1,0.34513357344104095,1.0
naiveB_a_TAGACCAAGTTGAGAT-1,0.0,0.0
naiveB_a_TAGACCAGTTGAACTC-1,0.33970767737655577,1.0
naiveB_a_TAGAGCTTCTCAACTT-1,0.0,0.0
naiveB_a_TAGCCGGTCCGCAGTG-1,0.0,0.0
naiveB_a_TAGCCGGTCGGCTTGG-1,0.0,0.0
naiveB_a_TAGGCATAGCAGCGTA-1,0.0,0.0
naiveB_a_TAGGCATCAGACGTAG-1,0.9306727963332502,1.0
naiveB_a_TAGTGGTAGTGCCATT-1,0.9208202569646303,1.0
naiveB_a_TAGTTGGCATAGTAAG-1,0.9290825464840846,1.0
naiveB_a_TATCTCAAGCCACCTG-1,0.0,0.0
naiveB_a_TATCTCAAGTGACTCT-1,0.9117967138869374,1.0
naiveB_a_TATCTCAGTAGGCATG-1,0.0,0.0
naiveB_a_TATCTCATCGAACTGT-1,0.0,0.0
naiveB_a_TATTACCAGGCCCTCA-1,0.06344913353740222,1.0
naiveB_a_TATTACCCAGTTTACG-1,0.8925578159402094,1.0
naiveB_a_TATTACCGTTTGGGCC-1,0.8245604694606106,1.0
naiveB_a_TATTACCTCTGCTGTC-1,0.0,0.0
naiveB_a_TCAACGAGTCCGAGTC-1,0.9308720817751911,1.0
naiveB_a_TCAATCTCAAACAACA-1,0.9215359883127405,1.0
naiveB_a_TCACAAGAGCACAGGT-1,0.0,0.0
naiveB_a_TCAGATGCATGCATGT-1,0.9306279661670668,1.0
naiveB_a_TCAGCAACACGAAATA-1,0.8284701157509204,1.0
naiveB_a_TCAGGATAGTGTACTC-1,0.0,0.0
naiveB_a_TCAGGATTCTTAGAGC-1,0.6534138622413509,1.0
naiveB_a_TCAGGTAAGAGCTTCT-1,0.9316597361114827,1.0
naiveB_a_TCATTACTCCCAACGG-1,0.0,0.0
naiveB_a_TCATTTGGTCAGGACA-1,0.0,0.0
naiveB_a_TCATTTGTCTGGTATG-1,0.0,0.0
naiveB_a_TCCACACAGCGCCTCA-1,0.0,0.0
naiveB_a_TCCACACAGTAAGTAC-1,0.36664398282714894,1.0
naiveB_a_TCCACACAGTCGTTTG-1,0.9314706252489048,1.0
naiveB_a_TCCACACCAGATGGGT-1,0.0,0.0
naiveB_a_TCCCGATTCTTATCTG-1,0.0,0.0
naiveB_a_TCGAGGCGTACATGTC-1,0.7862806472437588,1.0
naiveB_a_TCGCGTTCAGACACTT-1,0.0,0.0
naiveB_a_TCGCGTTTCCTGCTTG-1,0.0,0.0
naiveB_a_TCGCGTTTCGCCTGAG-1,0.9173577972081858,1.0
naiveB_a_TCGGTAAAGCCTCGTG-1,0.0,0.0
naiveB_a_TCGGTAACATGTTGAC-1,0.0,0.0
naiveB_a_TCGTACCAGACTGTAA-1,0.0,0.0
naiveB_a_TCGTACCAGTACATGA-1,0.9282230762680976,1.0
naiveB_a_TCGTACCGTTAAGACA-1,0.0,0.0
naiveB_a_TCGTAGAAGCCGGTAA-1,0.9315316469866542,1.0
naiveB_a_TCTATTGAGTTGCAGG-1,0.0,0.0
naiveB_a_TCTATTGGTCGCGGTT-1,0.0,0.0
naiveB_a_TCTCATAAGACTACAA-1,0.9280012009686819,1.0
naiveB_a_TCTCATAAGATCACGG-1,0.9015051200852362,1.0
naiveB_a_TCTCATAAGGTGTGGT-1,0.0,0.0
naiveB_a_TCTCTAAAGCACCGTC-1,0.0,0.0
naiveB_a_TCTCTAAAGGCTCAGA-1,0.0,0.0
naiveB_a_TCTCTAACAATCGAAA-1,0.9315825593953766,1.0
naiveB_a_TCTCTAAGTAGTGAAT-1,0.9313746283236911,1.0
naiveB_a_TCTCTAATCAGCCTAA-1,0.9297510830105656,1.0
naiveB_a_TCTGAGACAGATCTGT-1,0.0,0.0
naiveB_a_TCTGAGAGTCGGATCC-1,0.9243951259093036,1.0
naiveB_a_TCTGAGAGTTCTGGTA-1,0.8174168839865469,1.0
naiveB_a_TCTGGAATCCGTTGCT-1,0.0,0.0
naiveB_a_TCTGGAATCGCTGATA-1,0.0,0.0
naiveB_a_TCTTCGGAGTGTCTCA-1,0.8934593427855512,1.0
naiveB_a_TCTTCGGTCAGCGACC-1,0.9303781510749445,1.0
naiveB_a_TCTTCGGTCCTTGGTC-1,0.9195755897870208,1.0
naiveB_a_TCTTTCCAGGCTAGGT-1,0.0,0.0
naiveB_a_TCTTTCCGTTGTCTTT-1,0.0,0.0
naiveB_a_TGAAAGAAGCTAACAA-1,0.9098694709598341,1.0
naiveB_a_TGAAAGACAGTTCATG-1,0.0,0.0
naiveB_a_TGAAAGATCGCTGATA-1,0.0,0.0
naiveB_a_TGACAACAGACCCACC-1,0.8107289229910533,1.0
naiveB_a_TGACGGCTCGGTGTCG-1,0.0,0.0
naiveB_a_TGACTAGAGCGCCTTG-1,0.0,0.0
naiveB_a_TGACTAGAGGCCGAAT-1,0.8657870196541285,1.0
naiveB_a_TGACTAGTCGGTTAAC-1,0.0,0.0
naiveB_a_TGACTTTAGAGGACGG-1,0.0,0.0
naiveB_a_TGAGAGGTCCTAGAAC-1,0.9229647822045801,1.0
naiveB_a_TGAGAGGTCTTGTTTG-1,0.5943476299610312,1.0
naiveB_a_TGAGCCGCAGCGAACA-1,0.9188952116404696,1.0
naiveB_a_TGAGGGAGTTACCAGT-1,0.0,0.0
naiveB_a_TGCACCTAGATATACG-1,0.0,0.0
naiveB_a_TGCACCTCAATTGCTG-1,1.5285591217927884e-06,1.0
naiveB_a_TGCACCTGTACCGGCT-1,0.926636057159397,1.0
naiveB_a_TGCACCTGTAGCCTCG-1,0.8962800713172329,1.0
naiveB_a_TGCACCTGTCAAAGAT-1,0.5081362806023548,1.0
naiveB_a_TGCACCTTCATCGATG-1,0.0,0.0
naiveB_a_TGCCAAAAGCTAAGAT-1,0.0,0.0
naiveB_a_TGCCAAACAGGTCGTC-1,0.8993215311841388,1.0
naiveB_a_TGCCAAAGTTACGACT-1,0.0,0.0
naiveB_a_TGCCAAAGTTGAGGTG-1,0.8418734802778292,1.0
naiveB_a_TGCGCAGGTACTTGAC-1,0.0,0.0
naiveB_a_TGCGCAGGTGTGGTTT-1,0.0,0.0
naiveB_a_TGCGCAGGTTTGTGTG-1,0.9297362086992507,1.0
naiveB_a_TGCGCAGTCAGGTAAA-1,0.0001494988468817946,1.0
naiveB_a_TGCGGGTTCTCAAACG-1,0.7334564276832898,1.0
naiveB_a_TGCGTGGTCAGCTTAG-1,0.0,0.0
naiveB_a_TGGCGCAGTACCAGTT-1,0.645518222145177,1.0
naiveB_a_TGGCGCATCTGATTCT-1,0.0,0.0
naiveB_a_TGGCTGGCACCGATAT-1,0.03975064926571496,1.0
naiveB_a_TGGCTGGCACGAGGTA-1,0.8132642456748308,1.0
naiveB_a_TGGCTGGCATCGGAAG-1,0.0,0.0
naiveB_a_TGGGAAGGTAAGGGCT-1,0.0,0.0
naiveB_a_TGGGCGTCAAGTCTGT-1,0.9018071761894925,1.0
naiveB_a_TGGGCGTCACAACTGT-1,0.9185274725567667,1.0
naiveB_a_TGGTTAGAGGGTGTGT-1,0.7577272253781946,1.0
naiveB_a_TGGTTAGCATTAGGCT-1,0.9163407001202888,1.0
naiveB_a_TGGTTCCAGGGATACC-1,0.16560892481422487,1.0
naiveB_a_TGGTTCCCACTCTGTC-1,0.0,0.0
naiveB_a_TGGTTCCCATACGCTA-1,0.0,0.0
naiveB_a_TGGTTCCGTAAACGCG-1,0.9092098865127474,1.0
naiveB_a_TGTATTCAGCCATCGC-1,0.8236783320015856,1.0
naiveB_a_TGTATTCAGGTGTGGT-1,0.0,0.0
naiveB_a_TGTCCCAAGTGGTCCC-1,0.0,0.0
naiveB_a_TGTCCCACAGGGAGAG-1,0.9148947139290986,1.0
naiveB_a_TGTGGTACACGTCAGC-1,0.0,0.0
naiveB_a_TGTGGTATCAATACCG-1,0.8847827717552312,1.0
naiveB_a_TGTGTTTAGTGAACAT-1,0.0,0.0
naiveB_a_TGTGTTTCAAGGCTCC-1,0.0,0.0
naiveB_a_TGTGTTTGTGAGGCTA-1,0.0,0.0
naiveB_a_TGTGTTTTCCGATATG-1,0.9291761376410586,1.0
naiveB_a_TGTGTTTTCTGACCTC-1,0.0,0.0
naiveB_a_TGTTCCGCACGGTTTA-1,0.0,0.0
naiveB_a_TTAACTCAGATACACA-1,0.0,0.0
naiveB_a_TTAACTCAGGCTATCT-1,0.0,0.0
naiveB_a_TTAACTCCAATCGAAA-1,0.9075871160737045,1.0
naiveB_a_TTAGGACAGGTGCTTT-1,0.9315623718123481,1.0
naiveB_a_TTAGGCACAGTCTTCC-1,0.0,0.0
naiveB_a_TTAGGCAGTACCGTAT-1,0.799104538746317,1.0
naiveB_a_TTAGGCAGTGGTGTAG-1,0.0,0.0
naiveB_a_TTAGGCAGTTGTCTTT-1,0.9198995902987321,1.0
naiveB_a_TTAGTTCCACGACTCG-1,0.0,0.0
naiveB_a_TTAGTTCCATGAGCGA-1,0.0,0.0
naiveB_a_TTAGTTCGTGGGTCAA-1,0.8981752635890831,1.0
naiveB_a_TTAGTTCGTTTCCACC-1,0.0,0.0
naiveB_a_TTATGCTAGCTAGTCT-1,0.0,0.0
naiveB_a_TTATGCTCACACAGAG-1,0.9159829407088298,1.0
naiveB_a_TTCCCAGCAGGTCGTC-1,0.3299621568530404,1.0
naiveB_a_TTCTACAGTGTAATGA-1,0.0,0.0
naiveB_a_TTCTACATCAGCCTAA-1,0.9073093752743033,1.0
naiveB_a_TTCTCAACACCTCGGA-1,0.0,0.0
naiveB_a_TTCTCAACACGTTGGC-1,0.0,0.0
naiveB_a_TTCTCCTAGGAGTTGC-1,0.0,0.0
naiveB_a_TTCTCCTAGTACGATA-1,0.0,0.0
naiveB_a_TTCTTAGCACCCAGTG-1,0.0,0.0
naiveB_a_TTCTTAGCAGATGGCA-1,0.0,0.0
naiveB_a_TTCTTAGTCAAAGTAG-1,0.9317057418210153,1.0
naiveB_a_TTGAACGCACGAGGTA-1,0.0,0.0
naiveB_a_TTGAACGCAGCCAATT-1,0.0,0.0
naiveB_a_TTGAACGCAGCTCCGA-1,0.6505800190960792,1.0
naiveB_a_TTGAACGGTATATGAG-1,0.0,0.0
naiveB_a_TTGACTTCAAGCCCAC-1,0.0,0.0
naiveB_a_TTGACTTCAAGGACTG-1,0.0,0.0
naiveB_a_TTGACTTTCATTCACT-1,0.0,0.0
naiveB_a_TTGCGTCCACTCGACG-1,0.931613452309943,1.0
naiveB_a_TTGCGTCCATACGCTA-1,0.9042362167259339,1.0
naiveB_a_TTGCGTCGTATATCCG-1,0.0,0.0
naiveB_a_TTGGAACTCAGTCAGT-1,0.0,0.0
naiveB_a_TTGGCAACAGATCCAT-1,0.8409364606500362,1.0
naiveB_a_TTGTAGGCACTCAGGC-1,0.0,0.0
naiveB_a_TTTACTGGTTAAGATG-1,0.8920039056608446,1.0
naiveB_a_TTTATGCCATAGAAAC-1,0.0,0.0
naiveB_a_TTTATGCTCTCTAAGG-1,0.0,0.0
naiveB_a_TTTCCTCAGCAATCTC-1,0.0,0.0
naiveB_a_TTTCCTCGTTTCCACC-1,0.0,0.0
naiveB_a_TTTGCGCTCGCCCTTA-1,0.0,0.0
naiveB_a_TTTGGTTGTATATGGA-1,0.0,0.0
naiveB_a_TTTGTCAAGATCGGGT-1,0.0,0.0
naiveB_b_AAACCTGAGATAGTCA-1,0.0,0.0
naiveB_b_AAACCTGGTAGATTAG-1,0.0,0.0
naiveB_b_AAACCTGTCCAGAGGA-1,0.0,0.0
naiveB_b_AAAGATGAGACAGACC-1,0.8535910941095578,1.0
naiveB_b_AAAGATGGTCTCTCTG-1,0.842789177326301,1.0
naiveB_b_AAAGCAACAAGAGTCG-1,0.8941780358338544,1.0
naiveB_b_AAAGTAGAGTGGAGAA-1,0.0,0.0
naiveB_b_AAAGTAGCAGGTCGTC-1,0.0,0.0
naiveB_b_AAAGTAGGTAACGTTC-1,0.0,0.0
naiveB_b_AAAGTAGGTAGGCTGA-1,0.9308662217504255,1.0
naiveB_b_AAAGTAGTCGTACCGG-1,0.8843111495619654,1.0
naiveB_b_AAATGCCCAGATGGCA-1,0.9316656641788094,1.0
naiveB_b_AAATGCCTCACTTACT-1,0.0,0.0
naiveB_b_AACACGTAGTGGTCCC-1,0.0,0.0
naiveB_b_AACACGTGTGCAGACA-1,0.0,0.0
naiveB_b_AACACGTTCCAACCAA-1,0.9236371328391284,1.0
naiveB_b_AACCATGGTGGTAACG-1,0.0,0.0
naiveB_b_AACCATGTCAAGGCTT-1,0.6980626126302913,1.0
naiveB_b_AACCGCGAGTGTTGAA-1,0.2975163353903046,1.0
naiveB_b_AACCGCGTCATGCTCC-1,0.010980587235112627,1.0
naiveB_b_AACCGCGTCATTTGGG-1,0.0,0.0
naiveB_b_AACCGCGTCGTAGATC-1,0.9309730315844422,1.0
naiveB_b_AACGTTGCAGGACGTA-1,0.8916442555468188,1.0
naiveB_b_AACGTTGCAGGATCGA-1,0.9108690524697229,1.0
naiveB_b_AACGTTGGTCATGCAT-1,0.0,0.0
naiveB_b_AACGTTGTCGCGATCG-1,0.37046643966011267,1.0
naiveB_b_AACTCAGAGCTAGCCC-1,0.0,0.0
naiveB_b_AACTCAGGTCAGTGGA-1,0.8609141382123348,1.0
naiveB_b_AACTCAGTCAGTCCCT-1,0.9304160546470008,1.0
naiveB_b_AACTCAGTCTCCAGGG-1,0.0,0.0
naiveB_b_AACTCAGTCTCCTATA-1,0.9108577823747765,1.0
naiveB_b_AACTCCCAGGCATGTG-1,0.0,0.0
naiveB_b_AACTCCCGTTGTGGCC-1,0.0,0.0
naiveB_b_AACTCCCTCCTAGTGA-1,0.0,0.0
naiveB_b_AACTCTTGTGAGTGAC-1,0.9316208299915509,1.0
naiveB_b_AACTGGTAGAGCAATT-1,0.9074579991917366,1.0
naiveB_b_AACTGGTAGTAGATGT-1,0.0,0.0
naiveB_b_AACTGGTAGTCACGCC-1,0.0,0.0
naiveB_b_AACTGGTAGTCTCAAC-1,0.0,0.0
naiveB_b_AACTGGTCAATGTAAG-1,0.0,0.0
naiveB_b_AACTTTCGTGATGTCT-1,0.9314917530041831,1.0
naiveB_b_AACTTTCTCTAACTCT-1,0.8947219122434876,1.0
naiveB_b_AAGACCTAGGCATTGG-1,0.0,0.0
naiveB_b_AAGACCTAGTACGCGA-1,0.8014515588864497,1.0
naiveB_b_AAGCCGCAGTTCGCAT-1,0.9317453997053188,1.0
naiveB_b_AAGCCGCCAAGACACG-1,0.0,0.0
naiveB_b_AAGCCGCCACTATCTT-1,0.8058426334942342,1.0
naiveB_b_AAGCCGCTCTTTCCTC-1,0.9270416951689369,1.0
naiveB_b_AAGGAGCCAGATGGGT-1,0.0,0.0
naiveB_b_AAGGAGCTCGGTGTTA-1,0.0,0.0
naiveB_b_AAGGCAGAGCACACAG-1,0.0,0.0
naiveB_b_AAGGCAGGTCCTCCAT-1,0.0,0.0
naiveB_b_AAGGCAGTCAGCCTAA-1,0.9300410718033791,1.0
naiveB_b_AAGGCAGTCATCGGAT-1,0.0,0.0
naiveB_b_AAGGCAGTCCGTAGGC-1,0.0,0.0
naiveB_b_AAGGTTCGTTCACGGC-1,0.8890472238329009,1.0
naiveB_b_AAGTCTGAGAGTACAT-1,0.917951392518735,1.0
naiveB_b_AAGTCTGGTCACTGGC-1,0.0,0.0
naiveB_b_AAGTCTGGTTATCGGT-1,0.914977694301943,1.0
naiveB_b_AAGTCTGTCACCGGGT-1,0.0,0.0
naiveB_b_AATCCAGCAGCCACCA-1,0.0,0.0
naiveB_b_AATCCAGGTGGTTTCA-1,0.8814849459141773,1.0
naiveB_b_AATCCAGGTGTCTGAT-1,0.9293533180116317,1.0
naiveB_b_AATCGGTCACCATGTA-1,0.9300002539659775,1.0
naiveB_b_ACACCAACATCCTAGA-1,0.16337687300496867,1.0
naiveB_b_ACACCCTAGCGTGTCC-1,0.37495362808435834,1.0
naiveB_b_ACACCCTCACAGTCGC-1,0.9074172067558757,1.0
naiveB_b_ACACCCTTCGATAGAA-1,0.0,0.0
naiveB_b_ACACCGGAGGCTCTTA-1,0.0,0.0
naiveB_b_ACACCGGCACCGAAAG-1,0.1341523396711567,1.0
naiveB_b_ACACCGGTCAAACCGT-1,0.0,0.0
naiveB_b_ACACCGGTCACTATTC-1,0.9313443010092989,1.0
naiveB_b_ACACTGAAGAACTGTA-1,0.0,0.0
naiveB_b_ACACTGACACCCATGG-1,0.0,0.0
naiveB_b_ACACTGATCCCTAATT-1,0.0,0.0
naiveB_b_ACAGCTACACGCCAGT-1,0.9208483598774027,1.0
naiveB_b_ACATACGCAGATGGGT-1,0.8744260187959422,1.0
naiveB_b_ACATACGTCAAGCCTA-1,0.8800411747670179,1.0
naiveB_b_ACATCAGCACCGAAAG-1,0.8914408026955483,1.0
naiveB_b_ACATCAGGTCGCATAT-1,0.8932927020155363,1.0
naiveB_b_ACATGGTTCTGCTTGC-1,0.0,0.0
naiveB_b_ACCAGTACAATCGGTT-1,0.9215164440856999,1.0
naiveB_b_ACCCACTAGCACAGGT-1,0.0,0.0
naiveB_b_ACCCACTTCAACCATG-1,0.930185495195699,1.0
naiveB_b_ACCCACTTCGCGTTTC-1,0.0,0.0
naiveB_b_ACCGTAACACAGTCGC-1,0.0,0.0
naiveB_b_ACCGTAAGTCAAAGAT-1,0.0,0.0
naiveB_b_ACCGTAATCCTACAGA-1,0.9080621655021581,1.0
naiveB_b_ACCTTTACATGCATGT-1,0.93175010935868,1.0
naiveB_b_ACCTTTATCTCGGACG-1,0.8609375069814279,1.0
naiveB_b_ACGAGCCAGATGGGTC-1,0.9243225628524773,1.0
naiveB_b_ACGAGCCGTGTTAAGA-1,0.7744749668616685,1.0
naiveB_b_ACGAGGAAGTTCCACA-1,0.0,0.0
naiveB_b_ACGAGGAGTCCGAGTC-1,0.0,0.0
naiveB_b_ACGATACAGATAGCAT-1,0.0,0.0
naiveB_b_ACGATACCATGGGACA-1,0.649723882715688,1.0
naiveB_b_ACGATGTCAGTAAGCG-1,0.0,0.0
naiveB_b_ACGCAGCAGTCCTCCT-1,0.0,0.0
naiveB_b_ACGCCGAGTCTTCAAG-1,0.0,0.0
naiveB_b_ACGCCGATCGGAAACG-1,0.8850258219856686,1.0
naiveB_b_ACGGAGACAAGTTGTC-1,0.9274468199644239,1.0
naiveB_b_ACGGCCAGTGACTCAT-1,0.0,0.0
naiveB_b_ACGGCCAGTTTGTTTC-1,0.0,0.0
naiveB_b_ACGGGCTTCCCTAATT-1,0.0,0.0
naiveB_b_ACGGGTCAGGCATGTG-1,0.0,0.0
naiveB_b_ACGGGTCAGTGACATA-1,0.0,0.0
naiveB_b_ACGGGTCCAATGGACG-1,0.0,0.0
naiveB_b_ACGGGTCGTCAAAGCG-1,0.7445509730545425,1.0
naiveB_b_ACGGGTCGTTGAGGTG-1,0.9169924845094265,1.0
naiveB_b_ACGTCAATCATACGGT-1,0.9132184499946265,1.0
naiveB_b_ACTATCTAGGTTACCT-1,0.0,0.0
naiveB_b_ACTATCTCAATGGATA-1,0.930293438214802,1.0
naiveB_b_ACTGAACGTGCACTTA-1,0.5476279925860036,1.0
naiveB_b_ACTGAGTAGGAGTCTG-1,0.9236840410565825,1.0
naiveB_b_ACTGAGTCATTCGACA-1,0.9263529001140379,1.0
naiveB_b_ACTGAGTGTAAGCACG-1,0.9248424916698695,1.0
naiveB_b_ACTGAGTTCCAAAGTC-1,0.0,0.0
naiveB_b_ACTGATGAGCGTAATA-1,0.0,0.0
naiveB_b_ACTGATGCAGACAAGC-1,0.9302974145090578,1.0
naiveB_b_ACTGCTCAGGAATTAC-1,0.0,0.0
naiveB_b_ACTGCTCCAGGGCATA-1,0.9134498405432114,1.0
naiveB_b_ACTGCTCGTAGCTAAA-1,0.0,0.0
naiveB_b_ACTGCTCTCGTTTGCC-1,0.0,0.0
naiveB_b_ACTGTCCAGCCACGCT-1,0.0,0.0
naiveB_b_ACTGTCCCAAAGCGGT-1,0.9300476002707617,1.0
naiveB_b_ACTTGTTCACTAGTAC-1,0.9292405122693806,1.0
naiveB_b_ACTTGTTCAGCGAACA-1,0.0,0.0
naiveB_b_ACTTGTTGTCGGCACT-1,0.476771251510755,1.0
naiveB_b_ACTTGTTTCTGGAGCC-1,0.0,0.0
naiveB_b_ACTTTCACACGGCCAT-1,0.7360123387717472,1.0
naiveB_b_AGAATAGAGGGAACGG-1,0.0,0.0
naiveB_b_AGAATAGCAAACTGTC-1,0.20491495985993205,1.0
naiveB_b_AGAATAGGTACTCGCG-1,0.8554227371165696,1.0
naiveB_b_AGAATAGGTCCGACGT-1,0.0,0.0
naiveB_b_AGACGTTAGGCCATAG-1,0.8624651554045522,1.0
naiveB_b_AGACGTTCATCGATGT-1,0.8679332723032369,1.0
naiveB_b_AGACGTTTCTTGTATC-1,0.9255957731533571,1.0
naiveB_b_AGAGCGAAGGCTACGA-1,0.0,0.0
naiveB_b_AGAGCGAAGTTGCAGG-1,0.9075964714709844,1.0
naiveB_b_AGAGCGAGTAAGGATT-1,0.0,0.0
naiveB_b_AGAGCGAGTACTTCTT-1,0.9300443913203624,1.0
naiveB_b_AGAGCTTAGACACGAC-1,0.0,0.0
naiveB_b_AGAGCTTCACTTCGAA-1,0.9166710305399037,1.0
naiveB_b_AGAGCTTTCCACGAAT-1,0.0,0.0
naiveB_b_AGAGTGGAGAGCTGGT-1,0.0,0.0
naiveB_b_AGATCTGCAAGCGAGT-1,0.0,0.0
naiveB_b_AGATCTGCAGTCCTTC-1,0.0,0.0
naiveB_b_AGATCTGGTGTTCTTT-1,0.0,0.0
naiveB_b_AGATTGCAGACGCAAC-1,0.0,0.0
naiveB_b_AGCAGCCCATCGATGT-1,0.9187861413538082,1.0
naiveB_b_AGCAGCCGTAGCACGA-1,0.917969649209642,1.0
naiveB_b_AGCAGCCGTCCTGCTT-1,0.0,0.0
naiveB_b_AGCAGCCGTCGTCTTC-1,0.0,0.0
naiveB_b_AGCATACAGTCGATAA-1,0.0,0.0
naiveB_b_AGCCTAACAAGTTAAG-1,0.0,0.0
naiveB_b_AGCCTAACAGTCCTTC-1,0.0,0.0
naiveB_b_AGCGGTCAGCCAGTAG-1,0.0,0.0
naiveB_b_AGCGGTCAGTGTACTC-1,0.6249119401432696,1.0
naiveB_b_AGCGGTCCAAACTGTC-1,0.0,0.0
naiveB_b_AGCGTATAGGAGTACC-1,0.0,0.0
naiveB_b_AGCGTATAGGGCTTCC-1,0.0,0.0
naiveB_b_AGCGTATAGTTAAGTG-1,0.9218796099583619,1.0
naiveB_b_AGCGTATTCGTTTGCC-1,0.9130634881499627,1.0
naiveB_b_AGCGTCGAGCCACTAT-1,0.0,0.0
naiveB_b_AGCTCCTAGACAATAC-1,0.0,0.0
naiveB_b_AGCTCTCAGACCCACC-1,0.0,0.0
naiveB_b_AGCTTGAAGCACAGGT-1,0.9186310448631321,1.0
naiveB_b_AGCTTGAAGTTACGGG-1,0.0,0.0
naiveB_b_AGCTTGATCACCCGAG-1,0.0,0.0
naiveB_b_AGGCCACGTAAGTGGC-1,0.0,0.0
naiveB_b_AGGCCACGTCTTCAAG-1,0.0,0.0
naiveB_b_AGGCCACGTGGGTCAA-1,0.0,0.0
naiveB_b_AGGCCGTAGTGGACGT-1,0.0,0.0
naiveB_b_AGGGAGTGTGACAAAT-1,0.8440133869877684,1.0
naiveB_b_AGGGATGAGAAGGACA-1,0.0,0.0
naiveB_b_AGGGATGCACATGGGA-1,0.758930985265394,1.0
naiveB_b_AGGGTGACACCAGGCT-1,0.0,0.0
naiveB_b_AGGGTGACATTGTGCA-1,0.0,0.0
naiveB_b_AGGTCATGTAGGCTGA-1,0.5929048723177083,1.0
naiveB_b_AGGTCCGAGCTAGTGG-1,0.0,0.0
naiveB_b_AGGTCCGGTTAAGAAC-1,0.8990797844258234,1.0
naiveB_b_AGTAGTCCAGTCTTCC-1,0.0,0.0
naiveB_b_AGTCTTTAGGGTTCCC-1,0.9044610216836343,1.0
naiveB_b_AGTCTTTCATTTGCTT-1,0.8937304631383727,1.0
naiveB_b_AGTCTTTTCTCCGGTT-1,0.0,0.0
naiveB_b_AGTGAGGGTCTTGCGG-1,0.8600631654972629,1.0
naiveB_b_AGTGGGAAGGGTGTTG-1,0.9294353233025229,1.0
naiveB_b_AGTGGGACAGTTCCCT-1,0.0,0.0
naiveB_b_AGTGGGACATACGCCG-1,0.6960237703640165,1.0
naiveB_b_AGTGTCACATGTCTCC-1,0.0,0.0
naiveB_b_ATAACGCAGATCGGGT-1,0.0,0.0
naiveB_b_ATAACGCCACATCCAA-1,0.9294818999725091,1.0
naiveB_b_ATAAGAGAGAAGATTC-1,0.8045972655587785,1.0
naiveB_b_ATAGACCGTATATCCG-1,0.907268758372013,1.0
naiveB_b_ATAGACCTCCGTCATC-1,0.9313247468733732,1.0
naiveB_b_ATAGACCTCTAGAGTC-1,0.0,0.0
naiveB_b_ATCACGAAGAAGGTTT-1,0.0,0.0
naiveB_b_ATCACGAAGATGCCTT-1,0.0,0.0
naiveB_b_ATCACGAGTAGAGCTG-1,0.8721580243656173,1.0
naiveB_b_ATCACGAGTCGCGTGT-1,0.908529591637738,1.0
naiveB_b_ATCACGAGTTGGACCC-1,0.9317260661968275,1.0
naiveB_b_ATCACGATCGTTTAGG-1,0.3527507682973456,1.0
naiveB_b_ATCACGATCTTGTATC-1,0.5765334453753269,1.0
naiveB_b_ATCATCTAGACTAGAT-1,0.0,0.0
naiveB_b_ATCATCTGTCGTCTTC-1,0.9313589282392292,1.0
naiveB_b_ATCATGGGTCATATGC-1,0.9315719114254677,1.0
naiveB_b_ATCATGGGTTCCCTTG-1,0.0,0.0
naiveB_b_ATCCACCAGCAGACTG-1,0.0,0.0
naiveB_b_ATCCACCAGGCCGAAT-1,0.0,0.0
naiveB_b_ATCCACCGTCGCTTTC-1,0.9160852749545998,1.0
naiveB_b_ATCCACCTCTATCGCC-1,0.9215609473146475,1.0
naiveB_b_ATCCGAACAGACGCCT-1,0.0,0.0
naiveB_b_ATCGAGTAGCTGTTCA-1,0.0,0.0
naiveB_b_ATCGAGTTCAGCACAT-1,0.0,0.0
naiveB_b_ATCTACTGTACAGACG-1,0.0,0.0
naiveB_b_ATGGGAGCAGTATAAG-1,0.0,0.0
naiveB_b_ATGGGAGGTTCCGGCA-1,0.9314739129065286,1.0
naiveB_b_ATGTGTGAGAGCCTAG-1,0.92779598831815,1.0
naiveB_b_ATGTGTGAGCGCCTTG-1,0.0,0.0
naiveB_b_ATGTGTGCATTCTTAC-1,0.0,0.0
naiveB_b_ATGTGTGTCCTGCCAT-1,0.9039205849362908,1.0
naiveB_b_ATGTGTGTCTTGAGAC-1,0.9073970463209727,1.0
naiveB_b_ATTACTCTCGCACTCT-1,0.0,0.0
naiveB_b_ATTATCCAGCTGATAA-1,0.9310808085604031,1.0
naiveB_b_ATTATCCAGGAATGGA-1,0.0,0.0
naiveB_b_ATTATCCAGGTGCACA-1,0.0,0.0
naiveB_b_ATTATCCTCTTATCTG-1,0.9229822489805355,1.0
naiveB_b_ATTCTACAGGCTCATT-1,0.9174850492468488,1.0
naiveB_b_ATTCTACGTCTCATCC-1,0.0,0.0
naiveB_b_ATTCTACTCGTAGATC-1,0.0,0.0
naiveB_b_ATTGGACCAAGCCCAC-1,0.0,0.0
naiveB_b_ATTGGACCATGCCACG-1,0.0,0.0
naiveB_b_ATTGGTGAGGCATGTG-1,0.0,0.0
naiveB_b_ATTGGTGTCAGGTAAA-1,0.0,0.0
naiveB_b_ATTTCTGTCCCTTGCA-1,0.0,0.0
naiveB_b_CAACCAACAAGCTGAG-1,0.9050285980029322,1.0
naiveB_b_CAACCAACATTGGCGC-1,0.0,0.0
naiveB_b_CAACCAATCTGCGTAA-1,0.0,0.0
naiveB_b_CAACCTCAGTGACTCT-1,0.9272549403989502,1.0
naiveB_b_CAACCTCCATGCCACG-1,0.0,0.0
naiveB_b_CAACCTCGTCCCTACT-1,0.0,0.0
naiveB_b_CAACTAGAGGGTTTCT-1,0.0,0.0
naiveB_b_CAACTAGTCTCGTATT-1,0.0,0.0
naiveB_b_CAAGAAAAGACATAAC-1,0.8809236143361414,1.0
naiveB_b_CAAGAAATCCGTCATC-1,0.0,0.0
naiveB_b_CAAGATCAGCTCCTCT-1,0.0,0.0
naiveB_b_CAAGGCCTCAGAAATG-1,0.8046638618889397,1.0
naiveB_b_CAAGGCCTCAGTGCAT-1,0.0,0.0
naiveB_b_CAAGTTGTCGATCCCT-1,0.7740431451278943,1.0
naiveB_b_CACAAACTCGTCCAGG-1,0.9072627384351685,1.0
naiveB_b_CACACAACAAATCCGT-1,0.0,0.0
naiveB_b_CACACAACAACACGCC-1,0.8873194630904749,1.0
naiveB_b_CACACAACAGATCGGA-1,0.0,0.0
naiveB_b_CACACAATCTGTCTCG-1,0.9277070352019777,1.0
naiveB_b_CACACCTCAGGGTTAG-1,0.0,0.0
naiveB_b_CACACCTCATTCTCAT-1,0.0,0.0
naiveB_b_CACACCTGTAAATACG-1,0.7122112950552394,1.0
naiveB_b_CACACCTTCTCCCTGA-1,0.0,0.0
naiveB_b_CACACTCGTGAGCGAT-1,0.0,0.0
naiveB_b_CACACTCTCAACTCTT-1,0.0,0.0
naiveB_b_CACAGGCCAACTGGCC-1,0.0,0.0
naiveB_b_CACAGGCGTGTTTGGT-1,0.0008458517110284773,1.0
naiveB_b_CACAGGCGTTCGGCAC-1,0.048765408883719795,1.0
naiveB_b_CACAGTACACCAGTTA-1,0.9263300624375076,1.0
naiveB_b_CACAGTACATAGACTC-1,0.9268978867682768,1.0
naiveB_b_CACAGTAGTTCCGGCA-1,0.0,0.0
naiveB_b_CACATAGAGTGCTGCC-1,0.9039380687529803,1.0
naiveB_b_CACATTTAGTGATCGG-1,0.0,0.0
naiveB_b_CACATTTGTAGGAGTC-1,0.0,0.0
naiveB_b_CACATTTGTCATATCG-1,0.0,0.0
naiveB_b_CACATTTGTCGTCTTC-1,0.4247919307289346,1.0
naiveB_b_CACCACTAGGGCTTGA-1,0.9202455373465186,1.0
naiveB_b_CACCACTCACCTATCC-1,0.0,0.0
naiveB_b_CACCACTTCGATGAGG-1,0.9315188107466628,1.0
naiveB_b_CACCACTTCGCAAACT-1,0.9155736815417768,1.0
naiveB_b_CACCAGGCACATCTTT-1,0.0,0.0
naiveB_b_CACCAGGTCCTGTACC-1,0.9181800477175949,1.0
naiveB_b_CACCAGGTCGCCTGAG-1,0.0,0.0
naiveB_b_CACCTTGCACAGACAG-1,0.0,0.0
naiveB_b_CACCTTGTCTGGGCCA-1,0.8988388644358956,1.0
naiveB_b_CAGAATCCACCAGCAC-1,0.908094554851833,1.0
naiveB_b_CAGAATCCACTGAAGG-1,0.0,0.0
naiveB_b_CAGAATCGTCAACATC-1,0.0,0.0
naiveB_b_CAGAATCGTGGAAAGA-1,0.0,0.0
naiveB_b_CAGAGAGCACCGAAAG-1,0.0,0.0
naiveB_b_CAGAGAGTCAACCATG-1,0.0,0.0
naiveB_b_CAGATCAAGTTAGCGG-1,0.0,0.0
naiveB_b_CAGATCAGTCACTGGC-1,0.0,0.0
naiveB_b_CAGATCAGTCCCTTGT-1,0.9314170864425844,1.0
naiveB_b_CAGCAGCAGATGGGTC-1,0.0,0.0
naiveB_b_CAGCAGCCACGAGAGT-1,0.9228928176213181,1.0
naiveB_b_CAGCAGCGTCGCCATG-1,0.9088426804064595,1.0
naiveB_b_CAGCCGAGTTGCCTCT-1,0.9258482074991056,1.0
naiveB_b_CAGCCGATCCGTCATC-1,0.9056242174766131,1.0
naiveB_b_CAGCGACAGACCTAGG-1,0.0,0.0
naiveB_b_CAGCGACGTTCGGGCT-1,0.0,0.0
naiveB_b_CAGCGACTCCTAAGTG-1,0.9311833108316017,1.0
naiveB_b_CAGCTAACACAGTCGC-1,0.0,0.0
naiveB_b_CAGCTAAGTGCCTGCA-1,0.0,0.0
naiveB_b_CAGCTAATCAGCCTAA-1,0.0,0.0
naiveB_b_CAGCTGGAGAGTGACC-1,0.0,0.0
naiveB_b_CAGCTGGCAATGCCAT-1,0.0,0.0
naiveB_b_CAGCTGGTCACCATAG-1,0.9099389539412472,1.0
naiveB_b_CAGCTGGTCAGGCGAA-1,0.0,0.0
naiveB_b_CAGGTGCCAAACGCGA-1,0.5082172522420608,1.0
naiveB_b_CAGGTGCCACCCATTC-1,0.0,0.0
naiveB_b_CAGTAACAGGACACCA-1,0.0,0.0
naiveB_b_CAGTAACAGTAGGTGC-1,0.0,0.0
naiveB_b_CAGTAACCAGACTCGC-1,0.0,0.0
naiveB_b_CAGTAACCAGGACCCT-1,0.9270900081382251,1.0
naiveB_b_CAGTAACGTTGATTCG-1,0.9266150714255662,1.0
naiveB_b_CAGTAACTCGAATCCA-1,0.0,0.0
naiveB_b_CAGTCCTGTTCTGTTT-1,0.9164781489898517,1.0
naiveB_b_CATATTCAGGATCGCA-1,0.0,0.0
naiveB_b_CATCAAGTCCCACTTG-1,0.0,0.0
naiveB_b_CATCAAGTCGGTTCGG-1,0.0,0.0
naiveB_b_CATCAGAAGACCTTTG-1,0.9168805788402375,1.0
naiveB_b_CATCAGATCCTGCAGG-1,0.0,0.0
naiveB_b_CATCCACGTTTCGCTC-1,0.9316606584998557,1.0
naiveB_b_CATCGAAAGGGTTTCT-1,0.8898784291748599,1.0
naiveB_b_CATCGAATCAGGATCT-1,0.931602914481031,1.0
naiveB_b_CATCGAATCGTTTATC-1,0.0,0.0
naiveB_b_CATCGGGAGAGTACAT-1,0.0,0.0
naiveB_b_CATCGGGAGTACCGGA-1,0.9165988674398203,1.0
naiveB_b_CATCGGGAGTGGTCCC-1,0.8880481356076902,1.0
naiveB_b_CATCGGGCAGGGATTG-1,0.0,0.0
naiveB_b_CATGCCTGTAATTGGA-1,0.0,0.0
naiveB_b_CATGGCGCATGTAAGA-1,0.9304185299614843,1.0
naiveB_b_CATGGCGCATTATCTC-1,0.0,0.0
naiveB_b_CATGGCGGTCGAAAGC-1,0.9276232925913721,1.0
naiveB_b_CATTATCAGGGCTTGA-1,0.0,0.0
naiveB_b_CATTATCGTCTGATCA-1,0.0,0.0
naiveB_b_CATTATCGTGGTAACG-1,0.0,0.0
naiveB_b_CATTCGCCACGGTGTC-1,0.0,0.0
naiveB_b_CATTCGCGTGGAAAGA-1,0.9230218161056042,1.0
naiveB_b_CATTCGCTCCTCCTAG-1,0.0,0.0
naiveB_b_CATTCGCTCTTCTGGC-1,0.0,0.0
naiveB_b_CCAATCCTCTCGCTTG-1,0.0,0.0
naiveB_b_CCACCTAAGATGTGGC-1,0.0,0.0
naiveB_b_CCACGGACATCCCACT-1,0.0,0.0
naiveB_b_CCACGGAGTCTGGAGA-1,0.9275975688174576,1.0
naiveB_b_CCACGGAGTTATGCGT-1,0.8749965420531053,1.0
naiveB_b_CCACGGATCTGCGTAA-1,0.0,0.0
naiveB_b_CCACGGATCTGTTTGT-1,0.0,0.0
naiveB_b_CCACGGATCTTCCTTC-1,0.0,0.0
naiveB_b_CCACTACAGTGCGTGA-1,0.0,0.0
naiveB_b_CCACTACGTCCTCCAT-1,0.0,0.0
naiveB_b_CCAGCGAAGGGCTTGA-1,0.8498784287567618,1.0
naiveB_b_CCATGTCAGGCTATCT-1,0.0,0.0
naiveB_b_CCATGTCAGTGCGATG-1,0.0,0.0
naiveB_b_CCATTCGCAGACAAGC-1,0.0,0.0
naiveB_b_CCATTCGCATCTACGA-1,0.0,0.0
naiveB_b_CCATTCGGTTGGGACA-1,0.0,0.0
naiveB_b_CCCAATCCACATTTCT-1,0.0,0.0
naiveB_b_CCCAATCGTCCAGTGC-1,0.0,0.0
naiveB_b_CCCAATCGTGCAGACA-1,0.0,0.0
naiveB_b_CCCAGTTGTTAAGTAG-1,0.9170575957436282,1.0
naiveB_b_CCCAGTTTCAATAAGG-1,0.0,0.0
naiveB_b_CCCAGTTTCTCCAGGG-1,0.0,0.0
naiveB_b_CCCATACAGTGTGAAT-1,0.0,0.0
naiveB_b_CCCATACCACGCGAAA-1,0.0,0.0
naiveB_b_CCCATACGTAAGGATT-1,0.0,0.0
naiveB_b_CCCATACTCACCCTCA-1,0.0,0.0
naiveB_b_CCCATACTCCTATTCA-1,0.9223374162001357,1.0
naiveB_b_CCCTCCTAGGTGCAAC-1,0.0,0.0
naiveB_b_CCCTCCTAGTGTTTGC-1,0.8929652651331432,1.0
naiveB_b_CCCTCCTCACTCAGGC-1,0.0,0.0
naiveB_b_CCCTCCTTCCGCGTTT-1,0.0,0.0
naiveB_b_CCGGGATCAGTTTACG-1,0.9306333686193721,1.0
naiveB_b_CCGGGATGTATTAGCC-1,0.8207732757150498,1.0
naiveB_b_CCGGGATTCTGCAAGT-1,0.0,0.0
naiveB_b_CCGTACTGTCTACCTC-1,0.0,0.0
naiveB_b_CCGTACTTCCTACAGA-1,0.9291466512234855,1.0
naiveB_b_CCGTGGACACAACTGT-1,0.8938306630771116,1.0
naiveB_b_CCGTTCAAGAGACTTA-1,0.0,0.0
naiveB_b_CCGTTCATCTACCAGA-1,0.0,0.0
naiveB_b_CCTAAAGAGCCGCCTA-1,0.0,0.0
naiveB_b_CCTAAAGAGGCATTGG-1,0.0,0.0
naiveB_b_CCTAAAGCATGCTGGC-1,0.0,0.0
naiveB_b_CCTACACAGGAGTCTG-1,0.0,0.0
naiveB_b_CCTACACCAAGCGCTC-1,0.0,0.0
naiveB_b_CCTACACTCTCCGGTT-1,0.8976879607982919,1.0
naiveB_b_CCTACCACACACTGCG-1,0.0,0.0
naiveB_b_CCTACCAGTCTCTTTA-1,0.9236574958009469,1.0
naiveB_b_CCTACCAGTGTGGTTT-1,0.9307706785117326,1.0
naiveB_b_CCTACCAGTTCGTTGA-1,0.9282553835189771,1.0
naiveB_b_CCTAGCTCAGATCGGA-1,0.0,0.0
naiveB_b_CCTAGCTCATTTCAGG-1,0.0,0.0
naiveB_b_CCTAGCTGTACTTCTT-1,0.9176727753561306,1.0
naiveB_b_CCTATTACACGGCTAC-1,0.9317396992901349,1.0
naiveB_b_CCTATTAGTCAGTGGA-1,0.0,0.0
naiveB_b_CCTATTATCAGCTTAG-1,0.9304515215977699,1.0
naiveB_b_CCTATTATCGTTGCCT-1,0.0,0.0
naiveB_b_CCTCAGTGTACCATCA-1,0.0,0.0
naiveB_b_CCTCAGTGTCCAACTA-1,0.9110111098849739,1.0
naiveB_b_CCTCTGACAGACGCAA-1,0.925571727922356,1.0
naiveB_b_CCTCTGAGTAAATGTG-1,0.0,0.0
naiveB_b_CCTCTGATCAAGGTAA-1,0.8916686269110253,1.0
naiveB_b_CCTCTGATCATGTCTT-1,0.0,0.0
naiveB_b_CCTTACGCAAGCGCTC-1,0.0,0.0
naiveB_b_CCTTACGGTGAGTGAC-1,0.0,0.0
naiveB_b_CCTTACGGTTCCCTTG-1,0.8622633729771525,1.0
naiveB_b_CCTTCCCAGTTTAGGA-1,0.0,0.0
naiveB_b_CCTTCGATCATGCATG-1,0.0,0.0
naiveB_b_CCTTTCTCACCTTGTC-1,0.0,0.0
naiveB_b_CCTTTCTTCCCTCAGT-1,0.918383189998676,1.0
naiveB_b_CCTTTCTTCTTTAGGG-1,0.0,0.0
naiveB_b_CGAATGTAGATCTGCT-1,0.0,0.0
naiveB_b_CGAATGTGTCACTGGC-1,0.851129843844394,1.0
naiveB_b_CGACCTTTCCACGAAT-1,0.5354964931217385,1.0
naiveB_b_CGACTTCGTCAACTGT-1,0.8936734004677164,1.0
naiveB_b_CGAGAAGAGCCAGTTT-1,0.0,0.0
naiveB_b_CGAGAAGTCAGTGTTG-1,0.0,0.0
naiveB_b_CGAGAAGTCCATGCTC-1,0.9294840480166887,1.0
naiveB_b_CGAGCACAGATTACCC-1,0.0,0.0
naiveB_b_CGAGCACGTAGATTAG-1,0.0,0.0
naiveB_b_CGATGGCGTAATCGTC-1,0.0,0.0
naiveB_b_CGATGTAAGATGTGTA-1,0.0,0.0
naiveB_b_CGATGTAAGGACGAAA-1,0.0,0.0
naiveB_b_CGATGTATCAATAAGG-1,0.0,0.0
naiveB_b_CGATTGACAACTGCTA-1,0.8497079955948144,1.0
naiveB_b_CGATTGACAAGTAATG-1,0.0,0.0
naiveB_b_CGCGGTAAGTAGTGCG-1,0.9009620388291668,1.0
naiveB_b_CGCGGTACAATGAAAC-1,0.0,0.0
naiveB_b_CGCGGTAGTCAATACC-1,0.0,0.0
naiveB_b_CGCGTTTAGTCCCACG-1,0.0,0.0
naiveB_b_CGCGTTTCACGTAAGG-1,0.0,0.0
naiveB_b_CGCTATCCAGGCAGTA-1,0.0,0.0
naiveB_b_CGCTATCTCAGGTAAA-1,0.0,0.0
naiveB_b_CGCTGGAAGCTAGTCT-1,0.0,0.0
naiveB_b_CGCTGGATCAATACCG-1,0.931598600839793,1.0
naiveB_b_CGCTGGATCGTATCAG-1,0.8338833858912769,1.0
naiveB_b_CGCTTCATCATGCAAC-1,0.0,0.0
naiveB_b_CGGACGTCAAAGGTGC-1,0.5453956606573288,1.0
naiveB_b_CGGACGTGTCGCATAT-1,0.8647796492767311,1.0
naiveB_b_CGGACGTGTTCCACGG-1,0.0,0.0
naiveB_b_CGGACGTTCGCGGATC-1,0.0,0.0
naiveB_b_CGGACTGGTACTTCTT-1,0.0,0.0
naiveB_b_CGGACTGGTCTCAACA-1,0.0,0.0
naiveB_b_CGGAGCTTCAATCACG-1,0.6877504073512416,1.0
naiveB_b_CGGAGTCAGAGCTGCA-1,0.9274006195443135,1.0
naiveB_b_CGGAGTCAGCTGCAAG-1,0.0,0.0
naiveB_b_CGGAGTCAGGGCTTCC-1,0.0,0.0
naiveB_b_CGGCTAGGTCCAGTTA-1,0.0,0.0
naiveB_b_CGGGTCAAGTACATGA-1,0.8632971827038912,1.0
naiveB_b_CGGTTAAAGCCAACAG-1,0.0,0.0
naiveB_b_CGGTTAACAAAGGCGT-1,0.0,0.0
naiveB_b_CGGTTAACAGTCACTA-1,0.7193968550272238,1.0
naiveB_b_CGGTTAACATGAACCT-1,0.0,0.0
naiveB_b_CGGTTAATCACAACGT-1,0.0,0.0
naiveB_b_CGTAGCGAGGCTAGGT-1,0.0,0.0
naiveB_b_CGTAGCGTCTGCCCTA-1,0.0,0.0
naiveB_b_CGTAGGCAGGTGACCA-1,0.0,0.0
naiveB_b_CGTAGGCCAGGGTATG-1,0.0,0.0
naiveB_b_CGTCACTAGCACGCCT-1,0.0,0.0
naiveB_b_CGTCACTTCTTGCCGT-1,0.9128885150672231,1.0
naiveB_b_CGTCAGGCACATTTCT-1,0.8896832036383353,1.0
naiveB_b_CGTCCATCACTTGGAT-1,0.0,0.0
naiveB_b_CGTCCATGTAAGTTCC-1,0.9309625778173395,1.0
naiveB_b_CGTCCATGTCATGCAT-1,0.9264621110742622,1.0
naiveB_b_CGTCCATTCTTGTACT-1,0.8790587106914174,1.0
naiveB_b_CGTCTACAGATGTCGG-1,0.9151834609076996,1.0
naiveB_b_CGTCTACTCTTGTTTG-1,0.0,0.0
naiveB_b_CGTGAGCCAGTATGCT-1,0.0,0.0
naiveB_b_CGTGAGCTCTGCCAGG-1,0.8923491587658621,1.0
naiveB_b_CGTGTAACAGCATACT-1,0.9245246172492965,1.0
naiveB_b_CGTGTAAGTGCAGTAG-1,0.0,0.0
naiveB_b_CGTGTCTAGACAATAC-1,0.0,0.0
naiveB_b_CGTTAGACACAGGCCT-1,0.0,0.0
naiveB_b_CGTTCTGAGGATGGTC-1,0.0,0.0
naiveB_b_CGTTCTGCAAGCTGGA-1,0.0,0.0
naiveB_b_CGTTCTGTCCAAACTG-1,0.0,0.0
naiveB_b_CGTTGGGCAGGTCGTC-1,0.9046772318218524,1.0
naiveB_b_CTAACTTAGGATGCGT-1,0.0,0.0
naiveB_b_CTAACTTCAATGGACG-1,0.0,0.0
naiveB_b_CTAACTTGTCTAGTCA-1,0.9278239798936441,1.0
naiveB_b_CTAACTTGTGAGGGTT-1,0.8807139526898052,1.0
naiveB_b_CTAACTTGTGGCGAAT-1,0.8860209313935591,1.0
naiveB_b_CTAATGGAGTAACCCT-1,0.0,0.0
naiveB_b_CTAATGGAGTCGTACT-1,0.0,0.0
naiveB_b_CTAATGGGTTGATTGC-1,0.0,0.0
naiveB_b_CTAATGGTCTAACTGG-1,0.0,0.0
naiveB_b_CTACATTAGATAGCAT-1,0.0,0.0
naiveB_b_CTACATTAGTTACGGG-1,0.9239489670777341,1.0
naiveB_b_CTACATTGTTAAAGAC-1,0.9317450225904405,1.0
naiveB_b_CTACATTGTTTAGCTG-1,0.0,0.0
naiveB_b_CTACATTTCACATACG-1,0.7346916764317993,1.0
naiveB_b_CTACATTTCGCTTAGA-1,0.0,0.0
naiveB_b_CTACGTCCAAGTTGTC-1,0.0,0.0
naiveB_b_CTACGTCCACATTCGA-1,0.0,0.0
naiveB_b_CTACGTCCAGATGGCA-1,0.0,0.0
naiveB_b_CTACGTCTCGTTGACA-1,0.0,0.0
naiveB_b_CTAGAGTAGTATCGAA-1,0.9307346276466708,1.0
naiveB_b_CTAGAGTCATATACGC-1,0.9134558534126638,1.0
naiveB_b_CTAGCCTAGACGACGT-1,0.0,0.0
naiveB_b_CTAGCCTGTATAATGG-1,0.0,0.0
naiveB_b_CTAGCCTTCCACGAAT-1,0.9175756831297047,1.0
naiveB_b_CTAGTGAAGATGCCTT-1,0.9316214437486017,1.0
naiveB_b_CTAGTGATCGTGACAT-1,0.8834764577487697,1.0
naiveB_b_CTAGTGATCTGCTGTC-1,0.7964074146585782,1.0
naiveB_b_CTCACACCAATCGAAA-1,0.0,0.0
naiveB_b_CTCACACCATACCATG-1,0.0,0.0
naiveB_b_CTCACACGTCTTGCGG-1,0.0,0.0
naiveB_b_CTCACACTCGCCAGCA-1,0.9136126301874203,1.0
naiveB_b_CTCACACTCTGAGGGA-1,0.0,0.0
naiveB_b_CTCATTACAACTGCTA-1,0.0,0.0
naiveB_b_CTCATTACACGAAATA-1,0.9113240944938702,1.0
naiveB_b_CTCATTACAGGACGTA-1,0.0,0.0
naiveB_b_CTCATTAGTGCCTGCA-1,0.0,0.0
naiveB_b_CTCATTATCTGAAAGA-1,0.9158352542199806,1.0
naiveB_b_CTCCTAGCAAAGAATC-1,0.0,0.0
naiveB_b_CTCCTAGCAAGTCTAC-1,0.0,0.0
naiveB_b_CTCCTAGCACCTTGTC-1,0.9036486395026487,1.0
naiveB_b_CTCCTAGCACTCAGGC-1,0.8897266892472329,1.0
naiveB_b_CTCCTAGTCTCAAACG-1,0.0,0.0
naiveB_b_CTCGAAAAGATCCCGC-1,0.0,0.0
naiveB_b_CTCGAAAAGGGTGTGT-1,0.0,0.0
naiveB_b_CTCGAAACACTCGACG-1,0.0,0.0
naiveB_b_CTCGAAATCAAAGTAG-1,0.8799594302276867,1.0
naiveB_b_CTCGAGGTCAGGCCCA-1,0.0,0.0
naiveB_b_CTCGGAGAGTCTCCTC-1,0.9302859842007608,1.0
naiveB_b_CTCGGAGAGTTCGATC-1,0.0,0.0
naiveB_b_CTCGGAGGTAAATGTG-1,0.0,0.0
naiveB_b_CTCGGGACAGCATACT-1,0.9302273484136397,1.0
naiveB_b_CTCGGGATCCGTACAA-1,0.0,0.0
naiveB_b_CTCGTACCAGTCGTGC-1,0.0,0.0
naiveB_b_CTCGTACGTCCGACGT-1,0.0,0.0
naiveB_b_CTCGTACTCTATCCTA-1,0.8481995777143693,1.0
naiveB_b_CTCGTCAAGATGCCAG-1,0.9213912307958122,1.0
naiveB_b_CTCGTCACAGCCAATT-1,0.0,0.0
naiveB_b_CTCGTCAGTAGAGCTG-1,0.9157402859889089,1.0
naiveB_b_CTCTAATTCTCAACTT-1,0.0,0.0
naiveB_b_CTCTAATTCTGTCCGT-1,0.0,0.0
naiveB_b_CTCTACGCAATCCGAT-1,0.0,0.0
naiveB_b_CTCTACGTCCGCTGTT-1,0.0,0.0
naiveB_b_CTCTACGTCCTGCTTG-1,0.0,0.0
naiveB_b_CTCTGGTAGGAGCGAG-1,0.930729419380214,1.0
naiveB_b_CTGAAACCAAAGAATC-1,0.9127150771840518,1.0
naiveB_b_CTGAAACGTAACGTTC-1,0.0,0.0
naiveB_b_CTGAAACTCCTCGCAT-1,0.0,0.0
naiveB_b_CTGAAGTAGCAGCCTC-1,0.9215828943794103,1.0
naiveB_b_CTGAAGTAGTGGGCTA-1,0.9309415942848431,1.0
naiveB_b_CTGATAGCACAGACAG-1,0.700370394935759,1.0
naiveB_b_CTGATAGCAGCCAATT-1,0.0,0.0
naiveB_b_CTGATAGTCCGTAGTA-1,0.9223574834930064,1.0
naiveB_b_CTGATAGTCGCCGTGA-1,0.0,0.0
naiveB_b_CTGATAGTCTTCATGT-1,0.4795212110213877,1.0
naiveB_b_CTGATCCGTAAGCACG-1,0.0,0.0
naiveB_b_CTGATCCTCAGCTGGC-1,0.0,0.0
naiveB_b_CTGCCTAGTAAACACA-1,0.0,0.0
naiveB_b_CTGCCTATCCGTAGGC-1,0.054224456845452615,1.0
naiveB_b_CTGCCTATCGGAATCT-1,0.9315083745290863,1.0
naiveB_b_CTGCGGAGTAAAGTCA-1,0.0,0.0
naiveB_b_CTGCTGTGTGCTGTAT-1,0.9298602857373603,1.0
naiveB_b_CTGCTGTTCACCGTAA-1,0.8657106290775491,1.0
naiveB_b_CTGGTCTCATGCCTTC-1,0.0,0.0
naiveB_b_CTGGTCTGTACTCAAC-1,0.0,0.0
naiveB_b_CTGGTCTGTGAAGGCT-1,0.9219162397565468,1.0
naiveB_b_CTGGTCTGTGTGGTTT-1,0.0,0.0
naiveB_b_CTGTGCTCAGTCACTA-1,0.0,0.0
naiveB_b_CTGTGCTGTTGGAGGT-1,0.0,0.0
naiveB_b_CTGTTTATCCTTTCGG-1,0.7840921564581874,1.0
naiveB_b_CTTAACTAGGCTCTTA-1,0.0,0.0
naiveB_b_CTTAACTCAAGAGGCT-1,0.9317432467758862,1.0
naiveB_b_CTTAACTCAGCCACCA-1,0.40912416816213915,1.0
naiveB_b_CTTAACTTCGTCCGTT-1,0.0,0.0
naiveB_b_CTTACCGAGCGATATA-1,0.8588930046628603,1.0
naiveB_b_CTTACCGCAATTCCTT-1,0.0,0.0
naiveB_b_CTTACCGCACGCTTTC-1,0.9069105808439485,1.0
naiveB_b_CTTACCGCAGCTTCGG-1,0.0,0.0
naiveB_b_CTTACCGGTTTGCATG-1,0.0,0.0
naiveB_b_CTTACCGTCAGTTAGC-1,0.0,0.0
naiveB_b_CTTAGGAAGAAGGCCT-1,0.910099664127705,1.0
naiveB_b_CTTGGCTAGATTACCC-1,0.0,0.0
naiveB_b_CTTGGCTAGCTGTTCA-1,0.5827663206534164,1.0
naiveB_b_CTTGGCTCATGCGCAC-1,0.9134396726778633,1.0
naiveB_b_GAAACTCCAATCACAC-1,0.0,0.0
naiveB_b_GAAATGACACCTCGTT-1,0.8985724009368831,1.0
naiveB_b_GAACATCGTAAGGGCT-1,0.0,0.0
naiveB_b_GAACCTAGTAGAGGAA-1,0.0,0.0
naiveB_b_GAACGGATCATGGTCA-1,0.768584967266068,1.0
naiveB_b_GAAGCAGAGCGTCTAT-1,0.0,0.0
naiveB_b_GAAGCAGCAAACTGCT-1,0.9316969750329848,1.0
naiveB_b_GAATAAGTCAAACCGT-1,0.0,0.0
naiveB_b_GAATAAGTCTCTTATG-1,0.9277826522142691,1.0
naiveB_b_GACACGCGTCGAAAGC-1,0.908524118397658,1.0
naiveB_b_GACAGAGGTGACCAAG-1,0.9306780652692238,1.0
naiveB_b_GACCAATCACTGTGTA-1,0.9303528230459751,1.0
naiveB_b_GACCAATTCAACACCA-1,0.5605618469167652,1.0
naiveB_b_GACCTGGCAGCCACCA-1,0.0,0.0
naiveB_b_GACCTGGCAGCTGGCT-1,0.9315116710453413,1.0
naiveB_b_GACCTGGGTGTCCTCT-1,0.9278571284045404,1.0
naiveB_b_GACCTGGTCCCAAGAT-1,0.0,0.0
naiveB_b_GACGCGTCAAAGGTGC-1,0.0,0.0
naiveB_b_GACGCGTTCTTCCTTC-1,0.9080634740318776,1.0
naiveB_b_GACGGCTCACCAGGCT-1,0.0,0.0
naiveB_b_GACGGCTCATACGCTA-1,0.8902749179635691,1.0
naiveB_b_GACGGCTTCATAAAGG-1,0.0,0.0
naiveB_b_GACGTGCCACGAAGCA-1,0.0,0.0
naiveB_b_GACGTGCTCTTAGAGC-1,0.0,0.0
naiveB_b_GACGTTAAGACGCAAC-1,0.0,0.0
naiveB_b_GACGTTACACAACGCC-1,0.9317293451879409,1.0
naiveB_b_GACGTTAGTCTAGTGT-1,0.0,0.0
naiveB_b_GACTAACCATGCCTAA-1,0.929445621599909,1.0
naiveB_b_GACTAACGTACAGACG-1,0.0,0.0
naiveB_b_GACTAACGTCGAACAG-1,0.0,0.0
naiveB_b_GACTAACGTTCGGGCT-1,0.8659268045995681,1.0
naiveB_b_GACTAACGTTGCCTCT-1,0.0,0.0
naiveB_b_GACTACAGTCAATACC-1,0.8808208173011697,1.0
naiveB_b_GACTGCGAGAAGCCCA-1,0.9270316809709381,1.0
naiveB_b_GACTGCGAGCACGCCT-1,0.9298217081982416,1.0
naiveB_b_GACTGCGCAAGTACCT-1,0.8957226193143225,1.0
naiveB_b_GACTGCGGTAGTGAAT-1,0.915500836499965,1.0
naiveB_b_GAGCAGACAAGTTGTC-1,0.9107130183789348,1.0
naiveB_b_GAGCAGATCACCATAG-1,0.0,0.0
naiveB_b_GAGGTGAAGCAATATG-1,0.816130390346927,1.0
naiveB_b_GAGGTGAAGGACGAAA-1,0.0,0.0
naiveB_b_GAGGTGACACAGACAG-1,0.8502739459260628,1.0
naiveB_b_GAGTCCGAGATAGCAT-1,0.0,0.0
naiveB_b_GAGTCCGCACAAGTAA-1,0.7028671949918032,1.0
naiveB_b_GAGTCCGCAGCCTGTG-1,0.9314697455778297,1.0
naiveB_b_GATCAGTAGCTCTCGG-1,0.8333313928125802,1.0
naiveB_b_GATCAGTAGTTGTCGT-1,0.15637899216158288,1.0
naiveB_b_GATCAGTCAATGAAAC-1,0.9030361578582274,1.0
naiveB_b_GATCAGTGTCTCTCGT-1,0.0,0.0
naiveB_b_GATCAGTGTTGTGGCC-1,0.0,0.0
naiveB_b_GATCGATAGCTAACTC-1,0.0,0.0
naiveB_b_GATCGATCACTGCCAG-1,0.0,0.0
naiveB_b_GATCGCGTCGTCCGTT-1,0.0,0.0
naiveB_b_GATCGCGTCTCTAGGA-1,0.9313637478708676,1.0
naiveB_b_GATCGCGTCTTACCGC-1,0.0,0.0
naiveB_b_GATCGTAGTTACTGAC-1,0.881774647817728,1.0
naiveB_b_GATCTAGAGGATCGCA-1,0.0,0.0
naiveB_b_GATCTAGGTATATCCG-1,0.13304815273242349,1.0
naiveB_b_GATCTAGGTTCACCTC-1,0.0,0.0
naiveB_b_GATGAAAAGGTTCCTA-1,0.0,0.0
naiveB_b_GATGAAACATACTCTT-1,0.0,0.0
naiveB_b_GATGAAAGTCCGACGT-1,0.6517908974635356,1.0
naiveB_b_GATGAAATCCCATTTA-1,0.9316415462520841,1.0
naiveB_b_GATGAAATCGAACGGA-1,0.8889566469324706,1.0
naiveB_b_GATGAGGAGCGTTTAC-1,0.0,0.0
naiveB_b_GATGAGGCAATAGAGT-1,0.0,0.0
naiveB_b_GATTCAGAGCCCAACC-1,0.9166728689001419,1.0
naiveB_b_GATTCAGAGGATATAC-1,0.0,0.0
naiveB_b_GATTCAGTCCTAAGTG-1,0.0,0.0
naiveB_b_GCAAACTAGAAGGACA-1,0.0,0.0
naiveB_b_GCACATAAGTGAAGTT-1,0.0,0.0
naiveB_b_GCACTCTGTAAGGGCT-1,0.0,0.0
naiveB_b_GCACTCTGTAGCGTCC-1,0.0,0.0
naiveB_b_GCACTCTGTGAACCTT-1,0.8300361406633302,1.0
naiveB_b_GCACTCTTCACATACG-1,0.0,0.0
naiveB_b_GCAGCCAGTGTTAAGA-1,0.0,0.0
naiveB_b_GCAGTTATCGAATGCT-1,0.9316420696004736,1.0
naiveB_b_GCATACAAGCCTTGAT-1,0.8929409318807779,1.0
naiveB_b_GCATACACATCTCGCT-1,0.8825176370307221,1.0
naiveB_b_GCATACATCGACCAGC-1,0.0,0.0
naiveB_b_GCATACATCGCGCCAA-1,0.9272517660267018,1.0
naiveB_b_GCATGATAGGCCATAG-1,0.0,0.0
naiveB_b_GCATGATGTAAATACG-1,0.19353457278457964,1.0
naiveB_b_GCATGCGAGCAACGGT-1,0.0,0.0
naiveB_b_GCATGCGTCGGAGCAA-1,0.9187960835412924,1.0
naiveB_b_GCATGTAGTCTAACGT-1,0.0,0.0
naiveB_b_GCATGTATCCCAAGAT-1,0.0,0.0
naiveB_b_GCCAAATAGCAAATCA-1,0.0,0.0
naiveB_b_GCCAAATCACAAGACG-1,0.0,0.0
naiveB_b_GCCAAATGTGGACGAT-1,0.0,0.0
naiveB_b_GCCTCTACATCCAACA-1,0.0,0.0
naiveB_b_GCCTCTAGTCCAAGTT-1,0.9300387560480197,1.0
naiveB_b_GCGACCAAGGACATTA-1,0.0,0.0
naiveB_b_GCGACCACAATCAGAA-1,0.0,0.0
naiveB_b_GCGACCAGTCATGCAT-1,0.0,0.0
naiveB_b_GCGACCAGTGGACGAT-1,0.9301281173356023,1.0
naiveB_b_GCGCAACAGGGTATCG-1,0.9317505839306454,1.0
naiveB_b_GCGCAGTCATGCCACG-1,0.0,0.0
naiveB_b_GCGCAGTTCCCTTGTG-1,0.0,0.0
naiveB_b_GCGCCAACATAACCTG-1,0.00021545774635956796,1.0
naiveB_b_GCGCCAAGTGCAGACA-1,0.0,0.0
naiveB_b_GCGCGATCATTGAGCT-1,0.0,0.0
naiveB_b_GCGCGATTCAACGGGA-1,0.0,0.0
naiveB_b_GCGGGTTTCGTGGACC-1,0.0,0.0
naiveB_b_GCTCCTATCCCGACTT-1,0.0,0.0
naiveB_b_GCTCTGTAGCTTATCG-1,0.1061988276323135,1.0
naiveB_b_GCTCTGTCAGGCGATA-1,0.0,0.0
naiveB_b_GCTGCAGCAATCGGTT-1,0.0,0.0
naiveB_b_GCTGCAGGTGCAGACA-1,0.0,0.0
naiveB_b_GCTGCGAAGACAGGCT-1,0.0,0.0
naiveB_b_GCTGCGAAGCGCTCCA-1,0.0,0.0
naiveB_b_GCTGCGACACGGTTTA-1,0.8662254774447422,1.0
naiveB_b_GCTGCGAGTCCCTACT-1,0.0,0.0
naiveB_b_GCTGCTTAGATCACGG-1,0.931661534775215,1.0
naiveB_b_GCTGCTTAGGTGCTTT-1,0.9314742675062416,1.0
naiveB_b_GCTGCTTTCGTAGGAG-1,0.8805473918260397,1.0
naiveB_b_GCTGGGTAGGAATTAC-1,0.5700171919974966,1.0
naiveB_b_GCTGGGTCAGTCTTCC-1,0.8955879107356108,1.0
naiveB_b_GCTTCCAAGGCATTGG-1,0.0,0.0
naiveB_b_GCTTCCAAGTGACATA-1,0.0,0.0
naiveB_b_GCTTCCAGTAGATTAG-1,0.931598946178154,1.0
naiveB_b_GCTTCCATCCCAAGTA-1,0.9229528495672321,1.0
naiveB_b_GCTTGAATCAAGAAGT-1,0.9207726762025062,1.0
naiveB_b_GCTTGAATCTGTACGA-1,0.9265289844420214,1.0
naiveB_b_GGAAAGCCAGACGCCT-1,0.0,0.0
naiveB_b_GGAAAGCGTCGCTTTC-1,0.0,0.0
naiveB_b_GGAACTTAGCAGATCG-1,0.0,0.0
naiveB_b_GGAATAAAGCAGCGTA-1,0.0,0.0
naiveB_b_GGACAAGTCCAAGTAC-1,0.0,0.0
naiveB_b_GGACAAGTCTCCTATA-1,0.0,0.0
naiveB_b_GGACAGAAGGCGACAT-1,0.0,0.0
naiveB_b_GGACAGACAATGGATA-1,0.0,0.0
naiveB_b_GGACATTTCCGCAAGC-1,0.9117086840968132,1.0
naiveB_b_GGACGTCAGAAACCGC-1,0.0,0.0
naiveB_b_GGACGTCCAATCCAAC-1,0.0,0.0
naiveB_b_GGACGTCCATCGGGTC-1,0.9194181201939857,1.0
naiveB_b_GGACGTCGTGAGGGAG-1,0.0,0.0
naiveB_b_GGACGTCTCACTCTTA-1,0.9270198505001604,1.0
naiveB_b_GGAGCAAAGTCTTGCA-1,0.0,0.0
naiveB_b_GGAGCAACACATTTCT-1,0.0,0.0
naiveB_b_GGAGCAAGTAACGACG-1,0.0,0.0
naiveB_b_GGATGTTGTACATCCA-1,0.0,0.0
naiveB_b_GGATTACGTCTACCTC-1,0.9283489677787661,1.0
naiveB_b_GGATTACTCCATTCTA-1,0.0,0.0
naiveB_b_GGCAATTAGTATCTCG-1,0.9260220330941691,1.0
naiveB_b_GGCAATTCACTTAACG-1,0.0,0.0
naiveB_b_GGCCGATCACCAGGCT-1,0.0,0.0
naiveB_b_GGCCGATCATCCGGGT-1,0.9118740665760064,1.0
naiveB_b_GGCGACTTCAACCATG-1,0.9013302532138998,1.0
naiveB_b_GGCGTGTAGACGCAAC-1,0.6537489508314863,1.0
naiveB_b_GGCGTGTAGCCCAATT-1,0.0,0.0
naiveB_b_GGCGTGTGTTGTTTGG-1,0.0,0.0
naiveB_b_GGCGTGTTCTTACCGC-1,0.9289744663801477,1.0
naiveB_b_GGCTCGACACGGATAG-1,0.0,0.0
naiveB_b_GGCTCGACATCGGTTA-1,0.0,0.0
naiveB_b_GGCTCGAGTCATCCCT-1,0.9264348977493835,1.0
naiveB_b_GGCTCGAGTCTGCCAG-1,0.0,0.0
naiveB_b_GGCTGGTAGAACAACT-1,0.0,0.0
naiveB_b_GGCTGGTAGTAATCCC-1,0.0,0.0
naiveB_b_GGCTGGTCACGAGGTA-1,0.899319026461872,1.0
naiveB_b_GGCTGGTCATACGCCG-1,0.9293428160365642,1.0
naiveB_b_GGCTGGTTCACTCCTG-1,0.8347226588114819,1.0
naiveB_b_GGGAATGAGGGTTTCT-1,0.0,0.0
naiveB_b_GGGAATGTCAACGGCC-1,0.0,0.0
naiveB_b_GGGAGATGTCACTGGC-1,0.9249127254676871,1.0
naiveB_b_GGGATGAAGATATGCA-1,0.9314382514636853,1.0
naiveB_b_GGGATGAAGCGCTTAT-1,0.8117116887824704,1.0
naiveB_b_GGGATGACAGTGAGTG-1,0.7763080356516762,1.0
naiveB_b_GGGATGAGTCTCTTTA-1,0.0,0.0
naiveB_b_GGGATGATCTCCAACC-1,0.0,0.0
naiveB_b_GGGCACTCATCGGGTC-1,0.0,0.0
naiveB_b_GGGCACTGTCGGCTCA-1,0.0,0.0
naiveB_b_GGGCACTGTGTGTGCC-1,0.0,0.0
naiveB_b_GGGCACTTCCAATGGT-1,0.9121167721507373,1.0
naiveB_b_GGGCATCCACGGTGTC-1,0.0,0.0
naiveB_b_GGGCATCCATGCATGT-1,0.0,0.0
naiveB_b_GGGTCTGAGGATATAC-1,0.9298275076378596,1.0
naiveB_b_GGGTCTGAGTCGATAA-1,0.0,0.0
naiveB_b_GGGTCTGTCGGCTACG-1,0.0,0.0
naiveB_b_GGGTTGCCACCCTATC-1,0.0,0.0
naiveB_b_GGGTTGCGTAGGGACT-1,0.926789987088034,1.0
naiveB_b_GGTATTGGTAAGGGAA-1,0.0,0.0
naiveB_b_GGTATTGGTGCGGTAA-1,0.0,0.0
naiveB_b_GGTGAAGAGCCAGTTT-1,0.0,0.0
naiveB_b_GGTGAAGTCCATGCTC-1,0.0005698615144489411,1.0
naiveB_b_GGTGCGTCAAGTAGTA-1,0.0,0.0
naiveB_b_GGTGCGTGTACAGACG-1,0.5783553280206821,1.0
naiveB_b_GGTGTTAGTGAGTATA-1,0.8676209845503488,1.0
naiveB_b_GTAACGTCATGCCTTC-1,0.9177011493770799,1.0
naiveB_b_GTAACGTGTGCCTGGT-1,0.9128279964086271,1.0
naiveB_b_GTAACTGGTGACTACT-1,0.0,0.0
naiveB_b_GTAACTGGTGATAAGT-1,0.0,0.0
naiveB_b_GTAACTGTCAAGGTAA-1,0.9310740205259741,1.0
naiveB_b_GTAACTGTCATCTGCC-1,0.0,0.0
naiveB_b_GTACGTACATCACGTA-1,0.8779614257041892,1.0
naiveB_b_GTACTCCGTGTTGAGG-1,0.0,0.0
naiveB_b_GTACTCCGTTAAAGTG-1,0.8992366661124976,1.0
naiveB_b_GTACTTTCACAGCCCA-1,0.9081585905982729,1.0
naiveB_b_GTAGGCCAGCAGGTCA-1,0.9275472094085152,1.0
naiveB_b_GTAGGCCTCGGTGTTA-1,0.863807676705933,1.0
naiveB_b_GTAGTCACAAGTCTAC-1,0.0,0.0
naiveB_b_GTATCTTAGGAGCGAG-1,0.884271059809575,1.0
naiveB_b_GTATCTTAGGTGATAT-1,0.8712409570388424,1.0
naiveB_b_GTATCTTCAGACGCAA-1,0.0,0.0
naiveB_b_GTCACAAGTCTACCTC-1,0.0,0.0
naiveB_b_GTCACAAGTTCCGTCT-1,0.0,0.0
naiveB_b_GTCACGGCACAGCGTC-1,0.0,0.0
naiveB_b_GTCATTTGTATGAATG-1,0.0,0.0
naiveB_b_GTCATTTTCCTGTACC-1,0.9286420403767636,1.0
naiveB_b_GTCCTCACAGACGCAA-1,0.9265528075382984,1.0
naiveB_b_GTCCTCAGTAAATGTG-1,0.0,0.0
naiveB_b_GTCCTCATCCGCGCAA-1,0.0,0.0
naiveB_b_GTCGGGTGTTAAAGAC-1,0.0,0.0
naiveB_b_GTCGGGTTCACCGGGT-1,0.9075438683775207,1.0
naiveB_b_GTCGTAACAGGATCGA-1,0.0,0.0
naiveB_b_GTCGTAAGTACCGGCT-1,0.0,0.0
naiveB_b_GTCGTAAGTGTGAATA-1,0.0,0.0
naiveB_b_GTCGTAAGTTGGAGGT-1,0.09071489641679878,1.0
naiveB_b_GTCTCGTAGCAACGGT-1,0.9243585946656093,1.0
naiveB_b_GTCTCGTCATGTCTCC-1,0.0,0.0
naiveB_b_GTCTCGTGTCATGCAT-1,0.817837457301069,1.0
naiveB_b_GTCTCGTTCCCTCTTT-1,0.8622097951810402,1.0
naiveB_b_GTCTTCGGTGCGCTTG-1,0.9219564538118916,1.0
naiveB_b_GTCTTCGTCCAAGTAC-1,0.0,0.0
naiveB_b_GTGAAGGCACTGTTAG-1,0.918314858244765,1.0
naiveB_b_GTGCAGCCACGGTAGA-1,0.0,0.0
naiveB_b_GTGCAGCCATGCCCGA-1,0.0,0.0
naiveB_b_GTGCAGCGTCGGATCC-1,0.0,0.0
naiveB_b_GTGCGGTCAGCTCGCA-1,0.0,0.0
naiveB_b_GTGCTTCCAAAGTCAA-1,0.0,0.0
naiveB_b_GTGCTTCTCCTCCTAG-1,0.0,0.0
naiveB_b_GTGCTTCTCTCTTGAT-1,0.0,0.0
naiveB_b_GTGGGTCAGCAGCCTC-1,0.8134736697309015,1.0
naiveB_b_GTGGGTCCAAATTGCC-1,0.0,0.0
naiveB_b_GTGGGTCCATACTCTT-1,0.9185755788125468,1.0
naiveB_b_GTGGGTCGTAGGCTGA-1,0.0,0.0
naiveB_b_GTGTTAGCACCAGGTC-1,0.9294561944974147,1.0
naiveB_b_GTTAAGCCAAATTGCC-1,0.0,0.0
naiveB_b_GTTAAGCGTGCGCTTG-1,0.9316468685829066,1.0
naiveB_b_GTTACAGTCCGCGCAA-1,0.9297892074571227,1.0
naiveB_b_GTTACAGTCCTCGCAT-1,0.0,0.0
naiveB_b_GTTACAGTCTATCCTA-1,0.9183241986083068,1.0
naiveB_b_GTTCATTAGAACAATC-1,0.9162729864692439,1.0
naiveB_b_GTTCATTAGCCCAACC-1,0.0,0.0
naiveB_b_GTTCATTGTCATGCAT-1,0.0,0.0
naiveB_b_GTTCGGGCATCTACGA-1,0.0,0.0
naiveB_b_GTTCGGGGTTTACTCT-1,0.9262604361840302,1.0
naiveB_b_GTTCGGGTCGTGGACC-1,0.0,0.0
naiveB_b_GTTCTCGAGAAGATTC-1,0.9238742969526792,1.0
naiveB_b_GTTCTCGAGGTGCTAG-1,0.0,0.0
naiveB_b_GTTCTCGCAGTAGAGC-1,0.8216024754452043,1.0
naiveB_b_GTTTCTAAGTTGAGTA-1,0.0,0.0
naiveB_b_GTTTCTACAACGATGG-1,0.8983441809864731,1.0
naiveB_b_GTTTCTACACACCGAC-1,0.0,0.0
naiveB_b_GTTTCTACATACTACG-1,0.0,0.0
naiveB_b_TAAACCGGTGAAATCA-1,0.0,0.0
naiveB_b_TAAGAGAAGAGCTGGT-1,0.0,0.0
naiveB_b_TAAGAGAGTCAACATC-1,0.8892919174213161,1.0
naiveB_b_TAAGCGTAGAGAGCTC-1,0.0,0.0
naiveB_b_TAAGCGTAGTGATCGG-1,0.0,0.0
naiveB_b_TAAGCGTCATTACGAC-1,0.9234368660372685,1.0
naiveB_b_TAAGCGTGTCAGCTAT-1,0.8604119042821061,1.0
naiveB_b_TAAGTGCCAAAGCAAT-1,0.0,0.0
naiveB_b_TACACGAGTCAACTGT-1,0.0,0.0
naiveB_b_TACAGTGTCTCGGACG-1,0.0,0.0
naiveB_b_TACCTATAGTCTCGGC-1,0.930185337415313,1.0
naiveB_b_TACCTATCATCTATGG-1,0.0,0.0
naiveB_b_TACCTATCATTCTCAT-1,0.0,0.0
naiveB_b_TACCTATCATTGGGCC-1,0.0,0.0
naiveB_b_TACCTATGTCAGAAGC-1,0.9317366099164542,1.0
naiveB_b_TACCTATGTCTTGTCC-1,0.0,0.0
naiveB_b_TACCTATGTGATAAAC-1,0.0,0.0
naiveB_b_TACCTATTCCTAAGTG-1,0.0,0.0
naiveB_b_TACCTATTCGTACGGC-1,0.9112233198432971,1.0
naiveB_b_TACGGATCAAGCGCTC-1,0.0,0.0
naiveB_b_TACGGATGTCCCTACT-1,0.0,0.0
naiveB_b_TACGGGCCAGTATCTG-1,0.0,0.0
naiveB_b_TACGGGCTCTGATACG-1,0.0,0.0
naiveB_b_TACGGTAAGCCAACAG-1,0.0,0.0
naiveB_b_TACGGTACACCGAAAG-1,0.0,0.0
naiveB_b_TACGGTACAGACAAAT-1,0.0,0.0
naiveB_b_TACGGTAGTAGAAGGA-1,0.0,0.0
naiveB_b_TACGGTAGTTCTGAAC-1,0.8955191317356382,1.0
naiveB_b_TACTCATCAATAAGCA-1,0.0,0.0
naiveB_b_TACTCATTCATAACCG-1,0.0,0.0
naiveB_b_TACTCGCTCATTTGGG-1,0.0,0.0
naiveB_b_TACTTACTCTAACGGT-1,0.0,0.0
naiveB_b_TACTTGTCAGGTCCAC-1,0.6067217116972289,1.0
naiveB_b_TAGACCAAGCGTGAAC-1,0.9253121913789282,1.0
naiveB_b_TAGACCAGTTTGACTG-1,0.7898096283398265,1.0
naiveB_b_TAGAGCTAGGCGTACA-1,0.0,0.0
naiveB_b_TAGCCGGCAGTCGTGC-1,0.6330662415986178,1.0
naiveB_b_TAGGCATCACTTCTGC-1,0.0,0.0
naiveB_b_TAGTGGTCACTGTTAG-1,0.597327535905582,1.0
naiveB_b_TAGTGGTGTTAAAGTG-1,0.9314170815214006,1.0
naiveB_b_TAGTGGTTCCTCAACC-1,0.0,0.0
naiveB_b_TAGTTGGCAGCTCGAC-1,0.5871109384623173,1.0
naiveB_b_TATCAGGAGTAATCCC-1,0.8731435429938238,1.0
naiveB_b_TATCAGGGTAAACGCG-1,0.9313573615679717,1.0
naiveB_b_TATCAGGGTTACCAGT-1,0.8413316776653968,1.0
naiveB_b_TATCAGGGTTCACCTC-1,0.0,0.0
naiveB_b_TATCAGGTCTATCCTA-1,0.0,0.0
naiveB_b_TATCTCAAGGCTAGAC-1,0.0,0.0
naiveB_b_TATGCCCGTAGATTAG-1,0.7147782360341596,1.0
naiveB_b_TATGCCCGTCTAGCGC-1,0.0,0.0
naiveB_b_TATGCCCGTGCGCTTG-1,0.9310835729194286,1.0
naiveB_b_TATTACCAGTATCTCG-1,0.0,0.0
naiveB_b_TATTACCCAATCGAAA-1,0.0,0.0
naiveB_b_TCAACGAAGTGCGATG-1,0.9132544562273186,1.0
naiveB_b_TCAACGACAAAGAATC-1,0.9291099397824463,1.0
naiveB_b_TCAACGACACTTCTGC-1,0.0,0.0
naiveB_b_TCAACGATCAAAGTAG-1,0.921181437788795,1.0
naiveB_b_TCACAAGAGTTCGCGC-1,0.0,0.0
naiveB_b_TCACAAGGTTAGATGA-1,0.9310576930883281,1.0
naiveB_b_TCAGATGCATCACAAC-1,0.9109987247548719,1.0
naiveB_b_TCAGATGGTGCTCTTC-1,0.9243558836264718,1.0
naiveB_b_TCAGATGTCATACGGT-1,0.0,0.0
naiveB_b_TCAGCAAGTCACACGC-1,0.9262868528402604,1.0
naiveB_b_TCAGCAATCACGGTTA-1,0.0,0.0
naiveB_b_TCAGCTCTCATGCTCC-1,0.9171017073050006,1.0
naiveB_b_TCAGCTCTCGGCATCG-1,0.0,0.0
naiveB_b_TCAGCTCTCTTTAGGG-1,0.93015652650961,1.0
naiveB_b_TCAGGATCACGCGAAA-1,0.0,0.0
naiveB_b_TCAGGATGTGACCAAG-1,0.0,0.0
naiveB_b_TCAGGATTCCGAAGAG-1,0.0,0.0
naiveB_b_TCAGGATTCGGCGCTA-1,0.9258951719486814,1.0
naiveB_b_TCAGGTAAGCAGCGTA-1,0.9311681555303026,1.0
naiveB_b_TCAGGTACAAACTGTC-1,0.0,0.0
naiveB_b_TCATTACAGATCCCAT-1,0.0,0.0
naiveB_b_TCATTACTCATCTGCC-1,0.914574773901332,1.0
naiveB_b_TCATTTGTCTGACCTC-1,0.0,0.0
naiveB_b_TCCACACTCTCTGTCG-1,0.0,0.0
naiveB_b_TCCACACTCTTGCCGT-1,0.9293149617539678,1.0
naiveB_b_TCCCGATGTAATAGCA-1,0.9302628696001799,1.0
naiveB_b_TCCCGATGTACCATCA-1,0.0,0.0
naiveB_b_TCGAGGCCAATCGGTT-1,0.0,0.0
naiveB_b_TCGAGGCCACAAGTAA-1,0.0,0.0
naiveB_b_TCGAGGCGTCTCACCT-1,0.0,0.0
naiveB_b_TCGCGAGGTAAGGGCT-1,0.9114923143680631,1.0
naiveB_b_TCGCGAGGTCCGAGTC-1,0.9221666617985889,1.0
naiveB_b_TCGCGAGGTGCTGTAT-1,0.0,0.0
naiveB_b_TCGCGAGTCGGCGCTA-1,0.0,0.0
naiveB_b_TCGCGTTAGCTGAACG-1,0.0,0.0
naiveB_b_TCGCGTTTCAAACGGG-1,0.0,0.0
naiveB_b_TCGCGTTTCACTATTC-1,0.8527764565762713,1.0
naiveB_b_TCGCGTTTCGCAAGCC-1,0.0,0.0
naiveB_b_TCGCGTTTCTGCTGCT-1,0.0,0.0
naiveB_b_TCGGGACCACGAAACG-1,0.0,0.0
naiveB_b_TCGGGACCACGTCAGC-1,0.0,0.0
naiveB_b_TCGGTAAGTGTTAAGA-1,0.0,0.0
naiveB_b_TCGGTAAGTTACGCGC-1,0.9313992805886876,1.0
naiveB_b_TCGTACCCATCCGTGG-1,0.0,0.0
naiveB_b_TCGTACCGTACTTGAC-1,0.8937262759079043,1.0
naiveB_b_TCGTACCGTCTTGTCC-1,0.8626769480491511,1.0
naiveB_b_TCGTACCTCATTTGGG-1,0.0,0.0
naiveB_b_TCGTAGAGTCATATGC-1,0.9232158377987874,1.0
naiveB_b_TCGTAGAGTCTCTTAT-1,0.7884816446538613,1.0
naiveB_b_TCTATTGAGGGCTTGA-1,0.0,0.0
naiveB_b_TCTATTGGTCGGCATC-1,0.7560087689689141,1.0
naiveB_b_TCTCATAAGCGTAGTG-1,0.0,0.0
naiveB_b_TCTCATACACCATCCT-1,0.0,0.0
naiveB_b_TCTCATACAGGGTTAG-1,0.0,0.0
naiveB_b_TCTCATACAGTCAGAG-1,0.8335169806425132,1.0
naiveB_b_TCTCTAAAGCTATGCT-1,0.9316339428151116,1.0
naiveB_b_TCTCTAACAACACCCG-1,0.0,0.0
naiveB_b_TCTCTAATCTGGTATG-1,0.0,0.0
naiveB_b_TCTGAGAAGCCATCGC-1,0.0,0.0
naiveB_b_TCTGAGAAGCTGGAAC-1,0.9279291868523967,1.0
naiveB_b_TCTGAGACAATAAGCA-1,0.0,0.0
naiveB_b_TCTGAGAGTTCGTCTC-1,0.3357762130822936,1.0
naiveB_b_TCTGAGATCCGTTGCT-1,0.9258541556758799,1.0
naiveB_b_TCTGGAAGTGTCTGAT-1,0.0,0.0
naiveB_b_TCTGGAAGTTGATTGC-1,0.0,0.0
naiveB_b_TCTGGAATCTACTATC-1,0.0,0.0
naiveB_b_TCTGGAATCTGTCAAG-1,0.9231709502048862,1.0
naiveB_b_TCTTCGGCAAGACACG-1,0.0,0.0
naiveB_b_TCTTCGGGTGTGCCTG-1,0.0,0.0
naiveB_b_TCTTTCCCATGATCCA-1,0.0,0.0
naiveB_b_TCTTTCCGTTCAACCA-1,0.9057645267463837,1.0
naiveB_b_TGACAACCATGACGGA-1,0.0,0.0
naiveB_b_TGACAACGTGGCAAAC-1,0.9166311139080066,1.0
naiveB_b_TGACAACGTTCGCGAC-1,0.7405289364579183,1.0
naiveB_b_TGACTAGAGCTGTTCA-1,0.0,0.0
naiveB_b_TGACTAGCATCACGTA-1,0.0,0.0
naiveB_b_TGACTAGGTGTTTGTG-1,0.0,0.0
naiveB_b_TGACTAGTCATGCTCC-1,0.0,0.0
naiveB_b_TGACTAGTCTACTATC-1,0.0,0.0
naiveB_b_TGACTAGTCTCATTCA-1,0.0,0.0
naiveB_b_TGACTTTTCAAGATCC-1,0.9136939748501749,1.0
naiveB_b_TGACTTTTCGGTCTAA-1,0.0,0.0
naiveB_b_TGAGAGGAGGCTAGGT-1,0.9106755006071697,1.0
naiveB_b_TGAGAGGAGGGCTTGA-1,0.3751517902620812,1.0
naiveB_b_TGAGCATAGAATGTGT-1,0.8129654588699955,1.0
naiveB_b_TGAGCATCAAGAGGCT-1,0.0,0.0
naiveB_b_TGAGCATGTCCTCCAT-1,0.922167437791878,1.0
naiveB_b_TGAGCCGCACACGCTG-1,0.0,0.0
naiveB_b_TGAGCCGTCACTCCTG-1,0.7839597430706612,1.0
naiveB_b_TGAGGGACATAGACTC-1,0.0,0.0
naiveB_b_TGATTTCTCCCAGGTG-1,0.9313573472943587,1.0
naiveB_b_TGCACCTAGCCATCGC-1,0.0,0.0
naiveB_b_TGCACCTAGTAATCCC-1,0.0,0.0
naiveB_b_TGCACCTAGTGATCGG-1,0.0,0.0
naiveB_b_TGCACCTAGTTTCCTT-1,0.9008090991254193,1.0
naiveB_b_TGCACCTGTCTGATTG-1,0.0,0.0
naiveB_b_TGCCAAAGTCAGAAGC-1,0.0,0.0
naiveB_b_TGCCCATGTCTCCCTA-1,0.9125569868049053,1.0
naiveB_b_TGCCCATTCATCTGTT-1,0.0,0.0
naiveB_b_TGCCCATTCCGCAAGC-1,0.0,0.0
naiveB_b_TGCCCATTCCGTCAAA-1,0.0,0.0
naiveB_b_TGCCCTATCGCATGGC-1,0.0,0.0
naiveB_b_TGCGCAGAGCAGCGTA-1,0.0,0.0
naiveB_b_TGCGCAGAGTTAGCGG-1,0.0,0.0
naiveB_b_TGCGCAGGTTGAGTTC-1,0.0,0.0
naiveB_b_TGCGCAGTCAGCAACT-1,0.0,0.0
naiveB_b_TGCGGGTCAGTGGGAT-1,0.0,0.0
naiveB_b_TGCGGGTGTCAGCTAT-1,0.9316839261019296,1.0
naiveB_b_TGCGGGTTCCAAGCCG-1,0.9172610101205034,1.0
naiveB_b_TGCGTGGGTTAAAGTG-1,0.9305940862057588,1.0
naiveB_b_TGCTACCAGCAGATCG-1,0.0,0.0
naiveB_b_TGCTACCTCACTTATC-1,0.0,0.0
naiveB_b_TGCTACCTCTAACGGT-1,0.9139571619813058,1.0
naiveB_b_TGCTGCTCACCTATCC-1,0.0,0.0
naiveB_b_TGCTGCTCAGGAACGT-1,0.5594049054622979,1.0
naiveB_b_TGCTGCTGTGTGAAAT-1,0.9254140610944102,1.0
naiveB_b_TGCTGCTTCGCCCTTA-1,0.8970455797592043,1.0
naiveB_b_TGGCCAGAGCTGAAAT-1,0.8291146077956053,1.0
naiveB_b_TGGCCAGCAATGGTCT-1,0.0,0.0
naiveB_b_TGGCCAGCACCGTTGG-1,0.0,0.0
naiveB_b_TGGCCAGGTGTGCCTG-1,0.118070622464844,1.0
naiveB_b_TGGCCAGTCACCCTCA-1,0.0,0.0
naiveB_b_TGGCGCAGTTCCGGCA-1,0.0,0.0
naiveB_b_TGGCTGGCAAAGGTGC-1,0.9280646046456588,1.0
naiveB_b_TGGCTGGCAGAAGCAC-1,0.0,0.0
naiveB_b_TGGCTGGCATATGAGA-1,0.0,0.0
naiveB_b_TGGGAAGAGTGCAAGC-1,0.0,0.0
naiveB_b_TGGGCGTAGTCACGCC-1,0.7744312028197962,1.0
naiveB_b_TGGGCGTCATCTGGTA-1,0.0,0.0
naiveB_b_TGGGCGTTCACAACGT-1,0.0,0.0
naiveB_b_TGGTTAGAGAAGCCCA-1,0.0,0.0
naiveB_b_TGGTTAGAGAGCAATT-1,0.9317459483815127,1.0
naiveB_b_TGGTTAGCATCTCGCT-1,0.0,0.0
naiveB_b_TGGTTAGGTCAGAAGC-1,0.0,0.0
naiveB_b_TGGTTCCAGGGTTTCT-1,0.0,0.0
naiveB_b_TGGTTCCAGTGTTTGC-1,0.0,0.0
naiveB_b_TGTATTCAGATCGATA-1,0.8863144228069537,1.0
naiveB_b_TGTATTCAGCATGGCA-1,0.0,0.0
naiveB_b_TGTATTCGTCGAGATG-1,0.9161373278577022,1.0
naiveB_b_TGTCCCAAGTGATCGG-1,0.0,0.0
naiveB_b_TGTCCCATCCATGAAC-1,0.0,0.0
naiveB_b_TGTGGTAAGTTTCCTT-1,0.0,0.0
naiveB_b_TGTGGTACATATACCG-1,0.0,0.0
naiveB_b_TGTGGTAGTCGATTGT-1,0.0,0.0
naiveB_b_TGTGGTAGTTCACCTC-1,0.8006425188760676,1.0
naiveB_b_TGTGTTTGTGATAAGT-1,0.0,0.0
naiveB_b_TGTGTTTGTGATGTGG-1,0.9197388938102453,1.0
naiveB_b_TGTGTTTTCCGCATCT-1,0.9275674524422826,1.0
naiveB_b_TGTGTTTTCTTGCAAG-1,0.8504499402218658,1.0
naiveB_b_TTAACTCAGCTCAACT-1,0.0,0.0
naiveB_b_TTAACTCCACCAGTTA-1,0.9310405622155589,1.0
naiveB_b_TTAACTCGTTTAGGAA-1,0.0,0.0
naiveB_b_TTAACTCTCCGCAGTG-1,0.7737635205185456,1.0
naiveB_b_TTAGGACAGACAATAC-1,0.0,0.0
naiveB_b_TTAGGCACATGGTCAT-1,0.8858788843966607,1.0
naiveB_b_TTAGTTCCAACACCTA-1,0.0,0.0
naiveB_b_TTAGTTCTCCCGACTT-1,0.0,0.0
naiveB_b_TTAGTTCTCCTAAGTG-1,0.9145892409008849,1.0
naiveB_b_TTATGCTCAAGGTTCT-1,0.0,0.0
naiveB_b_TTCCCAGAGGATGCGT-1,0.0,0.0
naiveB_b_TTCCCAGAGTACCGGA-1,0.8276731831589835,1.0
naiveB_b_TTCGAAGCAAGCCCAC-1,0.05833899036562909,1.0
naiveB_b_TTCGAAGCAGGTCGTC-1,0.9317442482618259,1.0
naiveB_b_TTCGAAGGTCCAGTTA-1,0.0,0.0
naiveB_b_TTCGAAGGTTCCATGA-1,0.9174377535941352,1.0
naiveB_b_TTCGGTCCATTACGAC-1,0.0,0.0
naiveB_b_TTCGGTCGTTACAGAA-1,0.0,0.0
naiveB_b_TTCTACACAATGGAAT-1,0.0,0.0
naiveB_b_TTCTCAAAGTGGTAAT-1,0.9317328720466845,1.0
naiveB_b_TTCTCAAGTCGCATCG-1,0.0,0.0
naiveB_b_TTCTCAATCCAGAGGA-1,0.0,0.0
naiveB_b_TTCTCCTCAGCTGTTA-1,0.0,0.0
naiveB_b_TTCTCCTTCACGCATA-1,0.9291064063215616,1.0
naiveB_b_TTCTTAGAGGCCGAAT-1,0.0,0.0
naiveB_b_TTCTTAGTCACCACCT-1,0.7884549258662563,1.0
naiveB_b_TTGAACGAGTGAACAT-1,0.0,0.0
naiveB_b_TTGCCGTAGGACAGCT-1,0.0,0.0
naiveB_b_TTGCCGTAGGTGGGTT-1,0.7641029027227247,1.0
naiveB_b_TTGCCGTCATACGCTA-1,0.0,0.0
naiveB_b_TTGCCGTGTTGCCTCT-1,0.0,0.0
naiveB_b_TTGCGTCTCTTTAGTC-1,0.0,0.0
naiveB_b_TTGGAACCACGGTAAG-1,0.9306787797953189,1.0
naiveB_b_TTGGCAAAGACGCAAC-1,0.9291442412279394,1.0
naiveB_b_TTGGCAAAGATCTGAA-1,0.0,0.0
naiveB_b_TTGGCAACAAAGTGCG-1,0.0,0.0
naiveB_b_TTGGCAATCACTTCAT-1,0.0,0.0
naiveB_b_TTGGCAATCTCGTATT-1,0.9262288304706958,1.0
naiveB_b_TTGTAGGGTCAGAGGT-1,0.8639932345668371,1.0
naiveB_b_TTGTAGGGTCCGTGAC-1,0.0,0.0
naiveB_b_TTGTAGGTCGCATGAT-1,0.0,0.0
naiveB_b_TTTACTGGTCCGACGT-1,0.9315719898233209,1.0
naiveB_b_TTTACTGTCTCGTATT-1,0.0,0.0
naiveB_b_TTTATGCCAAGTTCTG-1,0.9012070593328156,1.0
naiveB_b_TTTATGCCATCCCATC-1,0.8454948860435202,1.0
naiveB_b_TTTATGCGTGGTAACG-1,0.0,0.0
naiveB_b_TTTCCTCGTAGGCTGA-1,0.6933833766495032,1.0
naiveB_b_TTTCCTCTCTCGGACG-1,0.0,0.0
naiveB_b_TTTCCTCTCTGCGTAA-1,0.794172400182425,1.0
naiveB_b_TTTGCGCCAGATGGGT-1,0.0,0.0
naiveB_b_TTTGCGCGTAGTGAAT-1,0.0,0.0
naiveB_b_TTTGCGCGTTGTCGCG-1,0.9210080113021811,1.0
memoryB_a_AAAGATGCACGAGAGT-1,0.8016681010333926,1.0
memoryB_a_AAAGTAGGTCAATACC-1,0.8384003429256658,1.0
memoryB_a_AACGTTGAGGGTGTGT-1,0.8094382444101313,1.0
memoryB_a_AACGTTGAGTAGATGT-1,0.9072341101345726,1.0
memoryB_a_AACTCTTGTCAGCTAT-1,0.9234861055665754,1.0
memoryB_a_AACTGGTCAGTATGCT-1,0.8576076321542391,1.0
memoryB_a_AAGGAGCAGCGTTTAC-1,1.519898337708139e-07,1.0
memoryB_a_AATCGGTAGAGTGAGA-1,0.8021401959404415,1.0
memoryB_a_ACCGTAATCTGTCTCG-1,0.8919508892035659,1.0
memoryB_a_ACGATGTAGGTGATAT-1,0.10829110425188665,1.0
memoryB_a_ACGCCAGAGGTGACCA-1,0.8504850384924549,1.0
memoryB_a_ACGTCAACATGAACCT-1,0.9125815094155241,1.0
memoryB_a_ACTGAGTTCATTGCGA-1,4.14197329368461e-05,1.0
memoryB_a_ACTGATGCAGCTTCGG-1,1.5933751452084675e-05,1.0
memoryB_a_ACTGCTCAGCCCAACC-1,0.21302786476634414,1.0
memoryB_a_ACTGCTCGTCATGCCG-1,0.10508246159985268,1.0
memoryB_a_ACTGCTCTCATCTGCC-1,2.92914134185003e-05,1.0
memoryB_a_ACTTTCACAATAGAGT-1,0.7617580940866313,1.0
memoryB_a_AGCCTAACAGCCTTGG-1,0.7369954879628386,1.0
memoryB_a_AGCCTAATCCCTAATT-1,0.9298535598371774,1.0
memoryB_a_AGCTCTCGTAGCTCCG-1,0.007706415522564825,1.0
memoryB_a_AGGCCACAGACATAAC-1,3.282385743997153e-05,1.0
memoryB_a_AGGCCGTGTTCGTTGA-1,8.203842663349251e-09,1.0
memoryB_a_AGGGAGTAGATATGCA-1,0.9316033564158765,1.0
memoryB_a_AGGGATGAGTTGTAGA-1,0.0035461135443842265,1.0
memoryB_a_AGGGTGAGTCCTAGCG-1,0.3229927467341855,1.0
memoryB_a_AGTCTTTAGTCGAGTG-1,0.8119068578535642,1.0
memoryB_a_AGTGAGGGTATTACCG-1,6.730180610721416e-08,1.0
memoryB_a_AGTGGGACACACGCTG-1,1.446637786749519e-26,1.0
memoryB_a_AGTTGGTAGGCACATG-1,0.9310599642738858,1.0
memoryB_a_ATAACGCAGAATCTCC-1,0.07549206188023959,1.0
memoryB_a_ATCATCTTCGCCTGTT-1,0.0003741146326562877,1.0
memoryB_a_ATCCACCCATTCTTAC-1,0.7624329541441714,1.0
memoryB_a_ATCTACTTCTTAGAGC-1,0.049758503877035266,1.0
memoryB_a_ATGAGGGGTTGAACTC-1,6.379616196453008e-09,1.0
memoryB_a_ATTATCCAGACAGGCT-1,0.9310991659544233,1.0
memoryB_a_CAACCTCCACAGACTT-1,0.24953966236111239,1.0
memoryB_a_CAACCTCTCGGGAGTA-1,0.02411076110334887,1.0
memoryB_a_CAAGAAAAGAGTGACC-1,0.7153679055372265,1.0
memoryB_a_CAAGATCCACATGTGT-1,0.049975379007381804,1.0
memoryB_a_CAAGGCCGTGCCTGTG-1,0.025638440005130582,1.0
memoryB_a_CACAAACCACCTCGGA-1,0.9191065612680618,1.0
memoryB_a_CACACTCAGTGGTAGC-1,2.1427431862233188e-16,1.0
memoryB_a_CACACTCCAATGGTCT-1,0.013345884737791237,1.0
memoryB_a_CACCACTCACGAGGTA-1,0.917109572365769,1.0
memoryB_a_CAGAATCCATAGGATA-1,3.2138943073808407e-07,1.0
memoryB_a_CAGAGAGGTCGAAAGC-1,1.334328944947607e-08,1.0
memoryB_a_CAGCAGCGTAGGCTGA-1,1.2901546089720385e-11,1.0
memoryB_a_CAGCATAAGGGCTTGA-1,0.9248706008983535,1.0
memoryB_a_CAGCGACCAATGGAGC-1,8.60689742602228e-05,1.0
memoryB_a_CAGTAACAGCTACCTA-1,0.730424890509998,1.0
memoryB_a_CATATTCCACACATGT-1,0.9009480877017805,1.0
memoryB_a_CATGACAGTCGCTTTC-1,0.911216404769237,1.0
memoryB_a_CATTATCCAAGCGAGT-1,0.9187841713007715,1.0
memoryB_a_CCAATCCGTACCCAAT-1,0.8637767286885716,1.0
memoryB_a_CCACGGATCTACGAGT-1,0.87093389019108,1.0
memoryB_a_CCCAGTTCAGGCTCAC-1,0.0006435181179573428,1.0
memoryB_a_CCGTACTAGTCGCCGT-1,0.3658343890397031,1.0
memoryB_a_CCGTTCAAGGGAACGG-1,0.926198084713022,1.0
memoryB_a_CCTAGCTCACATGGGA-1,0.00962592967331355,1.0
memoryB_a_CCTCAGTCACAACTGT-1,9.801869362474129e-11,1.0
memoryB_a_CCTTCGAAGTAGCCGA-1,0.0006314679165917071,1.0
memoryB_a_CGAGCCAGTCTCCCTA-1,0.00046094837134785023,1.0
memoryB_a_CGATCGGCAGCCTGTG-1,0.00042049044268591747,1.0
memoryB_a_CGATGGCTCCTTGGTC-1,0.9098445451033149,1.0
memoryB_a_CGCCAAGTCCGTCATC-1,1.939412164756906e-15,1.0
memoryB_a_CGCTGGATCTTGACGA-1,0.2514879683013122,1.0
memoryB_a_CGCTTCAAGTAAGTAC-1,0.00011708934108643723,1.0
memoryB_a_CGGACACCATCGATTG-1,0.0018877621762033894,1.0
memoryB_a_CGGTTAACAGGAATCG-1,0.5124361618919577,1.0
memoryB_a_CGTCACTAGTACATGA-1,5.166781737294238e-07,1.0
memoryB_a_CGTCACTGTCTGATCA-1,5.78455072506138e-08,1.0
memoryB_a_CGTCAGGGTCTCTTAT-1,0.49189340438822937,1.0
memoryB_a_CGTCCATGTAATAGCA-1,0.007795861783618405,1.0
memoryB_a_CGTGTCTAGACTTGAA-1,0.5063444677329696,1.0
memoryB_a_CGTGTCTTCTTGACGA-1,0.7266535205390933,1.0
memoryB_a_CGTTCTGCACGAAGCA-1,0.03868326905476275,1.0
memoryB_a_CGTTGGGAGTGGACGT-1,0.892591973461778,1.0
memoryB_a_CTAAGACGTTCCGTCT-1,0.27115028100331656,1.0
memoryB_a_CTACCCAAGACGACGT-1,0.880406988376693,1.0
memoryB_a_CTACCCACATAGTAAG-1,0.25154170461124314,1.0
memoryB_a_CTCAGAAAGACAAGCC-1,5.3002495314224936e-05,1.0
memoryB_a_CTCGAGGTCACTCCTG-1,5.879146305887461e-07,1.0
memoryB_a_CTCGTCAAGTTCCACA-1,2.6233503161555194e-06,1.0
memoryB_a_CTGAAGTCACCGAAAG-1,0.32267271058512537,1.0
memoryB_a_CTGCCTAAGAAGATTC-1,0.000732566233141434,1.0
memoryB_a_CTGTTTAGTATAAACG-1,0.8679501960770172,1.0
memoryB_a_CTTGGCTCAGAAGCAC-1,0.0004897896999622198,1.0
memoryB_a_CTTGGCTGTTCACGGC-1,4.291445260195841e-10,1.0
memoryB_a_GAACCTAAGCTGAAAT-1,0.9152922278270766,1.0
memoryB_a_GACAGAGGTCCAGTGC-1,0.9030052348809577,1.0
memoryB_a_GACTAACAGAGGTACC-1,0.20062761230677473,1.0
memoryB_a_GAGCAGACAGGCTCAC-1,0.36985054440006415,1.0
memoryB_a_GAGCAGAGTTCAGGCC-1,0.8561352843472776,1.0
memoryB_a_GAGGTGACACATCCAA-1,0.37917481924088947,1.0
memoryB_a_GAGGTGACATCAGTCA-1,2.2223700526364835e-07,1.0
memoryB_a_GATCGTACATCAGTCA-1,1.3802547317102194e-25,1.0
memoryB_a_GATGAAAAGCATCATC-1,3.5782498785059186e-29,1.0
memoryB_a_GATGAAAGTTAAGTAG-1,0.002451213568307255,1.0
memoryB_a_GATTCAGAGTGGTAAT-1,0.6750848336335815,1.0
memoryB_a_GATTCAGCATCGTCGG-1,0.8242274702952909,1.0
memoryB_a_GATTCAGTCGCGTAGC-1,0.5710085736697859,1.0
memoryB_a_GCAAACTCAGTAAGAT-1,0.0014584750421809452,1.0
memoryB_a_GCAAACTGTGCAACTT-1,0.34434827627218134,1.0
memoryB_a_GCAGTTATCGTTGCCT-1,0.0011272682470935935,1.0
memoryB_a_GCATGCGGTAGGACAC-1,0.9249049545421084,1.0
memoryB_a_GCTCCTATCGTCTGCT-1,3.690349964960951e-05,1.0
memoryB_a_GCTCTGTAGAGCTGGT-1,0.0004489929280530133,1.0
memoryB_a_GCTGCTTAGCTAGTGG-1,0.21067519526146908,1.0
memoryB_a_GCTGCTTGTGACTCAT-1,3.2700234904816013e-19,1.0
memoryB_a_GGACAGAAGCGCTTAT-1,2.66351667770228e-05,1.0
memoryB_a_GGACAGACACCCATTC-1,0.5929423774282881,1.0
memoryB_a_GGACAGACACGCTTTC-1,0.5516423567386693,1.0
memoryB_a_GGATGTTGTAACGTTC-1,0.4492174631319343,1.0
memoryB_a_GGCGTGTGTTGTTTGG-1,6.275548490022746e-06,1.0
memoryB_a_GTACGTACAAGCGTAG-1,0.9303574443807285,1.0
memoryB_a_GTATTCTTCGTTGCCT-1,0.12969902119037466,1.0
memoryB_a_GTTCATTTCTGGAGCC-1,3.910677592538399e-06,1.0
memoryB_a_GTTCTCGCAGCCTTTC-1,0.6415610823387129,1.0
memoryB_a_GTTTCTACAGCAGTTT-1,0.7215898286435588,1.0
memoryB_a_TAAGCGTTCCTTTACA-1,0.2710206722111034,1.0
memoryB_a_TACGGTACAGCCTATA-1,0.7250155079579761,1.0
memoryB_a_TAGAGCTAGGCAGTCA-1,0.8714253147798594,1.0
memoryB_a_TAGTTGGGTAGGGTAC-1,1.837573170431219e-05,1.0
memoryB_a_TATGCCCGTGACTCAT-1,0.9002186889556233,1.0
memoryB_a_TCAACGACAACTGCGC-1,1.5424146648705754e-09,1.0
memoryB_a_TCAATCTGTCCAGTGC-1,0.0034014156319636213,1.0
memoryB_a_TCAATCTGTTGCGCAC-1,0.9311488694363744,1.0
memoryB_a_TCACGAAAGATAGTCA-1,0.013672546282181066,1.0
memoryB_a_TCGCGTTCAACGATGG-1,0.8615447886381825,1.0
memoryB_a_TCGCGTTCACCTTGTC-1,7.10071794792655e-10,1.0
memoryB_a_TCGGTAAAGATGTGGC-1,0.873789549818481,1.0
memoryB_a_TCGGTAAGTACCTACA-1,0.5526918833681538,1.0
memoryB_a_TCTCATATCAGTGTTG-1,0.3744517659243171,1.0
memoryB_a_TCTCATATCTCTGTCG-1,0.052184446076428234,1.0
memoryB_a_TCTGGAATCTAACTTC-1,0.22439879655101894,1.0
memoryB_a_TGAAAGACAGATAATG-1,0.000538351625990146,1.0
memoryB_a_TGAAAGAGTGCGATAG-1,1.3176879288223778e-08,1.0
memoryB_a_TGACGGCCATATGAGA-1,0.9256154545540206,1.0
memoryB_a_TGACTAGCAGGATTGG-1,1.7275318142878402e-11,1.0
memoryB_a_TGACTAGTCGGGAGTA-1,0.30146680227848516,1.0
memoryB_a_TGATTTCTCCCTCAGT-1,8.246062874623188e-05,1.0
memoryB_a_TGCCAAATCACAGGCC-1,0.23547318485440605,1.0
memoryB_a_TGCGGGTCATCCAACA-1,0.8304214484783697,1.0
memoryB_a_TGCGGGTGTGACTCAT-1,0.9297376840602635,1.0
memoryB_a_TGCTGCTAGGTGCACA-1,0.7940257240998204,1.0
memoryB_a_TGGACGCTCGTTTATC-1,0.16795394705388375,1.0
memoryB_a_TGGCCAGTCCTGTACC-1,0.37000916171041703,1.0
memoryB_a_TGGTTCCCAGGTCCAC-1,1.3057900372431588e-07,1.0
memoryB_a_TGTATTCGTGCTTCTC-1,0.9225190224659071,1.0
memoryB_a_TGTGGTACACATGACT-1,2.723328149925991e-08,1.0
memoryB_a_TGTGGTAGTTGAGTTC-1,2.6613090842347582e-12,1.0
memoryB_a_TTAGGACCACAGGAGT-1,0.01711764723285847,1.0
memoryB_a_TTAGTTCTCTGACCTC-1,0.8904292842509577,1.0
memoryB_a_TTCCCAGCATTCACTT-1,0.9283509993678838,1.0
memoryB_a_TTCCCAGGTAGCGATG-1,1.0081106529852064e-12,1.0
memoryB_a_TTCTCAAGTCACTGGC-1,0.0002920111642573689,1.0
memoryB_a_TTGACTTCAAGGGTCA-1,0.8988530528874965,1.0
memoryB_a_TTGACTTCATGCCCGA-1,0.00035222359387335276,1.0
memoryB_a_TTGACTTTCACTTCAT-1,0.9180878101447348,1.0
memoryB_a_TTGTAGGAGCCAGTTT-1,0.0403313727788981,1.0
memoryB_a_TTTATGCCAGGGTTAG-1,0.00950126501193541,1.0
memoryB_b_AACTCCCAGTCCGTAT-1,0.2649850080350836,1.0
memoryB_b_AACTCCCCACCAGGCT-1,3.4024193018259627e-37,1.0
memoryB_b_AACTCCCTCATCATTC-1,1.258604316821019e-05,1.0
memoryB_b_AACTTTCAGATATACG-1,5.839471132641249e-24,1.0
memoryB_b_AACTTTCTCGAACTGT-1,0.9013652419721602,1.0
memoryB_b_AAGCCGCTCACAGTAC-1,0.9130841035347352,1.0
memoryB_b_AAGGAGCAGTGGTAAT-1,0.8331527655752233,1.0
memoryB_b_ACACTGAAGATGTAAC-1,0.2704607836648486,1.0
memoryB_b_ACATACGTCACATGCA-1,0.00040279267678457935,1.0
memoryB_b_ACCAGTAGTTCATGGT-1,0.4389625622743317,1.0
memoryB_b_ACCCACTTCACAAACC-1,0.9279223947428202,1.0
memoryB_b_ACGAGCCGTTCCACTC-1,0.9145161303582722,1.0
memoryB_b_ACGAGGAAGCGATATA-1,2.391744590801522e-05,1.0
memoryB_b_ACGGCCATCGCACTCT-1,0.924348670381737,1.0
memoryB_b_ACGGGTCAGAAACCGC-1,0.9316275810980352,1.0
memoryB_b_ACTGATGCAGGACCCT-1,3.567926606381879e-10,1.0
memoryB_b_ACTGATGTCCCTTGTG-1,0.31431513594494875,1.0
memoryB_b_ACTGTCCCAATGGAAT-1,0.49624859934337817,1.0
memoryB_b_ACTTACTGTTGATTGC-1,0.9285644450438219,1.0
memoryB_b_ACTTTCATCACAGGCC-1,0.900477366202932,1.0
memoryB_b_AGACGTTTCCTCTAGC-1,0.772741689750247,1.0
memoryB_b_AGATTGCAGTAGGTGC-1,0.9113397562275969,1.0
memoryB_b_AGCGGTCAGCAACGGT-1,0.8644804392054699,1.0
memoryB_b_AGCTCCTAGTGTACCT-1,0.35865664086288207,1.0
memoryB_b_AGCTCCTCATCAGTAC-1,0.6747826027773512,1.0
memoryB_b_AGCTTGAGTCACTTCC-1,0.5963995126534161,1.0
memoryB_b_AGGGTGAGTTGTGGCC-1,0.8805280170535866,1.0
memoryB_b_AGGTCCGAGATCCGAG-1,0.4155728569750516,1.0
memoryB_b_ATCACGACATCTATGG-1,0.07631075849235759,1.0
memoryB_b_ATCATCTAGTGTACTC-1,0.0003483524969550122,1.0
memoryB_b_ATCCACCTCTTGACGA-1,0.9234868951388898,1.0
memoryB_b_ATCCGAACACAAGTAA-1,0.4114144499483807,1.0
memoryB_b_ATCCGAACAGAAGCAC-1,0.00043937339309751565,1.0
memoryB_b_ATCGAGTCAGTATGCT-1,9.145285293703256e-05,1.0
memoryB_b_ATCGAGTGTGCACGAA-1,0.00034359134890209534,1.0
memoryB_b_ATCTGCCCACCAGCAC-1,3.120742387673258e-11,1.0
memoryB_b_ATCTGCCTCAGGATCT-1,0.7283407055771385,1.0
memoryB_b_ATCTGCCTCGTACGGC-1,0.3611071304820943,1.0
memoryB_b_ATGGGAGTCAATACCG-1,0.7836168481028662,1.0
memoryB_b_ATGTGTGTCCTCTAGC-1,0.003656681103860297,1.0
memoryB_b_ATTGGACAGTTCGATC-1,0.06608855995746232,1.0
memoryB_b_ATTTCTGAGTAATCCC-1,0.8109759842119539,1.0
memoryB_b_CAACCAAGTTGTTTGG-1,0.871896218956773,1.0
memoryB_b_CAAGGCCAGGGAGTAA-1,0.9123516348813809,1.0
memoryB_b_CACACAATCCTGTAGA-1,0.9317073119811302,1.0
memoryB_b_CACACCTCACCTCGTT-1,0.00045142624607943596,1.0
memoryB_b_CACACTCAGGACATTA-1,0.368914015038971,1.0
memoryB_b_CACAGTAGTTCGGGCT-1,0.32150242713539473,1.0
memoryB_b_CACATAGGTCAAAGCG-1,0.13928417742691535,1.0
memoryB_b_CACATTTCACACGCTG-1,0.8098638164182561,1.0
memoryB_b_CACCACTAGGTGGGTT-1,5.017847809352933e-05,1.0
memoryB_b_CACCACTCAAAGTCAA-1,0.1900743912885817,1.0
memoryB_b_CACTCCAAGTAGCCGA-1,0.2712833458643361,1.0
memoryB_b_CACTCCACATGTCTCC-1,2.3209435898232376e-05,1.0
memoryB_b_CAGCCGATCGGCTACG-1,0.7148485593801015,1.0
memoryB_b_CATCAAGAGAAGGACA-1,7.464958164965906e-05,1.0
memoryB_b_CATCAAGGTATCAGTC-1,0.003923075430575295,1.0
memoryB_b_CATCAAGTCAAGGTAA-1,1.596769850634443e-27,1.0
memoryB_b_CATCGAAAGAAGATTC-1,7.88232999754102e-05,1.0
memoryB_b_CATGCCTAGGTGCTAG-1,0.0017238851347602803,1.0
memoryB_b_CCCAATCGTCGCATAT-1,0.9316910280539166,1.0
memoryB_b_CCGTACTTCGTAGATC-1,3.842412776918169e-09,1.0
memoryB_b_CCGTTCACAAACGCGA-1,0.038912349922231186,1.0
memoryB_b_CCTAGCTAGCCGCCTA-1,0.640444755596693,1.0
memoryB_b_CCTTCCCGTGACCAAG-1,1.47953440435558e-12,1.0
memoryB_b_CGACTTCAGGCTAGCA-1,4.047936492702047e-11,1.0
memoryB_b_CGACTTCAGTGTACGG-1,0.331595538915917,1.0
memoryB_b_CGACTTCCATGCTGGC-1,0.8550803037312744,1.0
memoryB_b_CGATCGGTCACATAGC-1,0.10867086285614971,1.0
memoryB_b_CGATGTAAGAGTGACC-1,0.7923792173056421,1.0
memoryB_b_CGATTGAAGGGTCTCC-1,0.5375417093254506,1.0
memoryB_b_CGCCAAGAGTACGCCC-1,0.5200235025929073,1.0
memoryB_b_CGCTGGAGTCCTCTTG-1,0.9154848797008835,1.0
memoryB_b_CGGGTCACACTTGGAT-1,0.929014646909419,1.0
memoryB_b_CGTAGGCGTCGTGGCT-1,0.931701725328803,1.0
memoryB_b_CGTGTAAAGCAGCCTC-1,1.071896362349152e-08,1.0
memoryB_b_CGTTCTGTCATGCTCC-1,0.0217779485887539,1.0
memoryB_b_CGTTGGGCAGGAACGT-1,0.9300217273474664,1.0
memoryB_b_CTAATGGCACAGAGGT-1,0.9071152718220646,1.0
memoryB_b_CTACACCTCGCCCTTA-1,2.2063052343358085e-14,1.0
memoryB_b_CTACCCAGTAACGACG-1,0.7676956795613942,1.0
memoryB_b_CTAGAGTAGCACCGCT-1,0.11048521828558538,1.0
memoryB_b_CTAGCCTCAGACTCGC-1,0.8434133407877094,1.0
memoryB_b_CTAGTGATCTGCCCTA-1,0.00042028395199924075,1.0
memoryB_b_CTCACACCACAGACAG-1,0.08597932348152128,1.0
memoryB_b_CTCAGAACAACGATGG-1,0.3755131901828245,1.0
memoryB_b_CTCATTATCCAAACTG-1,0.9196866682488769,1.0
memoryB_b_CTCCTAGTCTCGTTTA-1,0.061301763938537604,1.0
memoryB_b_CTCGGAGTCTCACATT-1,0.9167156154212921,1.0
memoryB_b_CTCTAATGTCATGCAT-1,0.109722201145085,1.0
memoryB_b_CTGCGGATCAATACCG-1,0.01364138165272303,1.0
memoryB_b_CTGCTGTCAATCGAAA-1,0.1524306610942811,1.0
memoryB_b_CTGCTGTGTTCGGCAC-1,0.0788302863659994,1.0
memoryB_b_CTGTGCTTCCTTGACC-1,0.9317344009677058,1.0
memoryB_b_CTTAACTTCGGTTCGG-1,0.11912484472471989,1.0
memoryB_b_CTTCTCTGTAATCGTC-1,0.9167903051060913,1.0
memoryB_b_CTTTGCGCATGAACCT-1,0.9206146663027075,1.0
memoryB_b_GAAACTCCAGTCACTA-1,0.9078685322417347,1.0
memoryB_b_GACGTGCAGTAGGTGC-1,1.5038907303962628e-05,1.0
memoryB_b_GAGCAGAAGGGATGGG-1,0.03801916350830933,1.0
memoryB_b_GATCAGTAGATAGCAT-1,2.231516239303152e-08,1.0
memoryB_b_GATCAGTCATATGAGA-1,0.899400226216302,1.0
memoryB_b_GATCAGTGTTAGGGTG-1,0.00322376023090258,1.0
memoryB_b_GATCGCGCATGTCTCC-1,4.579768371746971e-05,1.0
memoryB_b_GATGAGGGTACCCAAT-1,0.4618228672318547,1.0
memoryB_b_GATTCAGGTCATTAGC-1,0.0031445272431679977,1.0
memoryB_b_GCAAACTCACAGACTT-1,4.5793097417375545e-05,1.0
memoryB_b_GCAATCAAGACTAGAT-1,0.016281217709402652,1.0
memoryB_b_GCACATAGTCTAGTCA-1,0.8434085066047141,1.0
memoryB_b_GCAGCCAGTCTTCTCG-1,0.9305851913903579,1.0
memoryB_b_GCATGATCACCCATTC-1,0.059270873289067987,1.0
memoryB_b_GCCAAATGTGCCTTGG-1,0.12164690418560713,1.0
memoryB_b_GCGACCACACTATCTT-1,0.9308593198437588,1.0
memoryB_b_GCGGGTTGTGCAACGA-1,2.8679821900663675e-13,1.0
memoryB_b_GCTGGGTCAACACGCC-1,0.04851388079342729,1.0
memoryB_b_GCTTCCAGTGCCTGGT-1,0.001175990930945411,1.0
memoryB_b_GGCGTGTTCTTAACCT-1,0.9018574858209156,1.0
memoryB_b_GGCTCGACACTGTCGG-1,0.8846024464397954,1.0
memoryB_b_GGCTCGATCACAACGT-1,5.37667162053809e-11,1.0
memoryB_b_GGTGCGTGTCTGCGGT-1,2.3694488799771362e-09,1.0
memoryB_b_GTATTCTAGTAGATGT-1,0.5170220814894526,1.0
memoryB_b_GTCACGGGTCACCCAG-1,0.011854550804078184,1.0
memoryB_b_GTCATTTAGATCCCGC-1,0.8325060002177863,1.0
memoryB_b_GTCATTTCAGCAGTTT-1,0.38087234719141366,1.0
memoryB_b_GTCGGGTGTGGCCCTA-1,4.7252663031609566e-21,1.0
memoryB_b_GTCGGGTTCACCTCGT-1,0.018197362855801518,1.0
memoryB_b_GTCGGGTTCGCCGTGA-1,0.5190601445469145,1.0
memoryB_b_GTCTTCGCATTGGCGC-1,0.03141599865613804,1.0
memoryB_b_GTGAAGGAGAGGTTGC-1,0.0013606486118102332,1.0
memoryB_b_GTGAAGGGTGTTGGGA-1,0.6594745705107791,1.0
memoryB_b_GTGCGGTCATCCCATC-1,4.80616619700159e-13,1.0
memoryB_b_GTGCGGTGTCTGATTG-1,0.01166898069202572,1.0
memoryB_b_GTGCGGTTCTATCGCC-1,5.99043728818409e-05,1.0
memoryB_b_GTGCTTCCACGGTTTA-1,0.8928044272083238,1.0
memoryB_b_GTGTGCGCAAGTTGTC-1,0.7997150809867124,1.0
memoryB_b_GTTCGGGTCATATCGG-1,0.8867864991705121,1.0
memoryB_b_GTTTCTACACTTAACG-1,5.327984414726325e-05,1.0
memoryB_b_GTTTCTAGTAAGCACG-1,1.3980545419756861e-05,1.0
memoryB_b_GTTTCTAGTCTGCCAG-1,0.011948346920012502,1.0
memoryB_b_TACAGTGCAGCGATCC-1,0.7301471783603886,1.0
memoryB_b_TACCTATCATGGTAGG-1,1.161241982087119e-06,1.0
memoryB_b_TACCTTACATCACCCT-1,0.694655111706546,1.0
memoryB_b_TACGGATCATGCCTTC-1,0.7852228338632645,1.0
memoryB_b_TACTTACTCTTGAGAC-1,0.6855622110522408,1.0
memoryB_b_TACTTGTGTCTGCCAG-1,2.4070160215443646e-05,1.0
memoryB_b_TAGTGGTGTAGAGGAA-1,0.6856344249605887,1.0
memoryB_b_TAGTTGGGTTTCCACC-1,2.1442009656372718e-19,1.0
memoryB_b_TATCTCATCTTTAGTC-1,0.8712694232813489,1.0
memoryB_b_TATGCCCCACAACGTT-1,4.161989665637923e-11,1.0
memoryB_b_TCAATCTGTCCAACTA-1,0.0003572367565799524,1.0
memoryB_b_TCACAAGTCCAGAGGA-1,0.514345022214045,1.0
memoryB_b_TCAGCTCCAGTCACTA-1,0.8813133590810116,1.0
memoryB_b_TCAGCTCTCCGCGCAA-1,6.231817582964642e-10,1.0
memoryB_b_TCATTACAGCTATGCT-1,0.7427118273697315,1.0
memoryB_b_TCGAGGCAGACGCAAC-1,0.0030564936362368384,1.0
memoryB_b_TCGTAGATCATCTGCC-1,0.3823775860680235,1.0
memoryB_b_TCTATTGGTGCCTGCA-1,0.8273245130434803,1.0
memoryB_b_TCTATTGTCTCACATT-1,0.01351180674962496,1.0
memoryB_b_TCTCTAAAGACGCAAC-1,0.00114174186709395,1.0
memoryB_b_TCTGAGACATCGGGTC-1,0.5984276226128814,1.0
memoryB_b_TCTGGAAAGTACGACG-1,0.7735489393025528,1.0
memoryB_b_TGAAAGACATCCTTGC-1,0.0821077116929054,1.0
memoryB_b_TGACGGCGTACAGACG-1,7.440002970890422e-09,1.0
memoryB_b_TGATTTCGTCTCTTAT-1,2.3664891407701835e-07,1.0
memoryB_b_TGTTCCGTCAGTGTTG-1,0.5519442020997649,1.0
memoryB_b_TTAGGCAAGTGTCTCA-1,0.01324324029806074,1.0
memoryB_b_TTAGTTCGTCTCTCTG-1,0.8348564501761347,1.0
memoryB_b_TTCCCAGCACATCCGG-1,0.9013056774909448,1.0
memoryB_b_TTCTTAGTCGGCGCAT-1,0.6291691061671427,1.0
memoryB_b_TTGGAACAGGCGATAC-1,0.8645462124102072,1.0
memoryB_b_TTTGCGCAGGGTCTCC-1,0.17934062548026633,1.0
memoryB_b_TTTGCGCTCTACTATC-1,0.9084248334809342,1.0
memoryB_b_TTTGGTTGTTTGTGTG-1,9.045018512260444e-06,1.0
